Copyright 1986-2018 Xilinx, Inc. All Rights Reserved.
-----------------------------------------------------------------------------------------------------------------------------------------------------------------------------------------------------------------------
| Tool Version : Vivado v.2018.3 (win64) Build 2405991 Thu Dec  6 23:38:27 MST 2018
| Date         : Wed May 14 18:20:16 2025
| Host         : LAPTOP-FFDNP4IP running 64-bit major release  (build 9200)
| Command      : report_timing_summary -max_paths 10 -file design_1_wrapper_timing_summary_routed.rpt -pb design_1_wrapper_timing_summary_routed.pb -rpx design_1_wrapper_timing_summary_routed.rpx -warn_on_violation
| Design       : design_1_wrapper
| Device       : 7z020-clg484
| Speed File   : -1  PRODUCTION 1.11 2014-09-11
-----------------------------------------------------------------------------------------------------------------------------------------------------------------------------------------------------------------------

Timing Summary Report

------------------------------------------------------------------------------------------------
| Timer Settings
| --------------
------------------------------------------------------------------------------------------------

  Enable Multi Corner Analysis               :  Yes
  Enable Pessimism Removal                   :  Yes
  Pessimism Removal Resolution               :  Nearest Common Node
  Enable Input Delay Default Clock           :  No
  Enable Preset / Clear Arcs                 :  No
  Disable Flight Delays                      :  No
  Ignore I/O Paths                           :  No
  Timing Early Launch at Borrowing Latches   :  false

  Corner  Analyze    Analyze    
  Name    Max Paths  Min Paths  
  ------  ---------  ---------  
  Slow    Yes        Yes        
  Fast    Yes        Yes        



check_timing report

Table of Contents
-----------------
1. checking no_clock
2. checking constant_clock
3. checking pulse_width_clock
4. checking unconstrained_internal_endpoints
5. checking no_input_delay
6. checking no_output_delay
7. checking multiple_clock
8. checking generated_clocks
9. checking loops
10. checking partial_input_delay
11. checking partial_output_delay
12. checking latch_loops

1. checking no_clock
--------------------
 There are 37 register/latch pins with no clock driven by root clock pin: design_1_i/interrupt_0/U0/interrupt_v1_0_S00_AXI_inst/counter_inst/div_reg[24]/Q (HIGH)


2. checking constant_clock
--------------------------
 There are 0 register/latch pins with constant_clock.


3. checking pulse_width_clock
-----------------------------
 There are 0 register/latch pins which need pulse_width check


4. checking unconstrained_internal_endpoints
--------------------------------------------
 There are 106 pins that are not constrained for maximum delay. (HIGH)

 There are 0 pins that are not constrained for maximum delay due to constant clock.


5. checking no_input_delay
--------------------------
 There are 2 input ports with no input delay specified. (HIGH)

 There are 0 input ports with no input delay but user has a false path constraint.


6. checking no_output_delay
---------------------------
 There are 8 ports with no output delay specified. (HIGH)

 There are 0 ports with no output delay but user has a false path constraint

 There are 0 ports with no output delay but with a timing clock defined on it or propagating through it


7. checking multiple_clock
--------------------------
 There are 0 register/latch pins with multiple clocks.


8. checking generated_clocks
----------------------------
 There are 0 generated clocks that are not connected to a clock source.


9. checking loops
-----------------
 There are 0 combinational loops in the design.


10. checking partial_input_delay
--------------------------------
 There are 0 input ports with partial input delay specified.


11. checking partial_output_delay
---------------------------------
 There are 0 ports with partial output delay specified.


12. checking latch_loops
------------------------
 There are 0 combinational latch loops in the design through latch input



------------------------------------------------------------------------------------------------
| Design Timing Summary
| ---------------------
------------------------------------------------------------------------------------------------

    WNS(ns)      TNS(ns)  TNS Failing Endpoints  TNS Total Endpoints      WHS(ns)      THS(ns)  THS Failing Endpoints  THS Total Endpoints     WPWS(ns)     TPWS(ns)  TPWS Failing Endpoints  TPWS Total Endpoints  
    -------      -------  ---------------------  -------------------      -------      -------  ---------------------  -------------------     --------     --------  ----------------------  --------------------  
     13.215        0.000                      0                 1674        0.055        0.000                      0                 1674        9.020        0.000                       0                   832  


All user specified timing constraints are met.


------------------------------------------------------------------------------------------------
| Clock Summary
| -------------
------------------------------------------------------------------------------------------------

Clock       Waveform(ns)       Period(ns)      Frequency(MHz)
-----       ------------       ----------      --------------
clk_fpga_0  {0.000 10.000}     20.000          50.000          


------------------------------------------------------------------------------------------------
| Intra Clock Table
| -----------------
------------------------------------------------------------------------------------------------

Clock             WNS(ns)      TNS(ns)  TNS Failing Endpoints  TNS Total Endpoints      WHS(ns)      THS(ns)  THS Failing Endpoints  THS Total Endpoints     WPWS(ns)     TPWS(ns)  TPWS Failing Endpoints  TPWS Total Endpoints  
-----             -------      -------  ---------------------  -------------------      -------      -------  ---------------------  -------------------     --------     --------  ----------------------  --------------------  
clk_fpga_0         13.215        0.000                      0                 1649        0.055        0.000                      0                 1649        9.020        0.000                       0                   832  


------------------------------------------------------------------------------------------------
| Inter Clock Table
| -----------------
------------------------------------------------------------------------------------------------

From Clock    To Clock          WNS(ns)      TNS(ns)  TNS Failing Endpoints  TNS Total Endpoints      WHS(ns)      THS(ns)  THS Failing Endpoints  THS Total Endpoints  
----------    --------          -------      -------  ---------------------  -------------------      -------      -------  ---------------------  -------------------  


------------------------------------------------------------------------------------------------
| Other Path Groups Table
| -----------------------
------------------------------------------------------------------------------------------------

Path Group         From Clock         To Clock               WNS(ns)      TNS(ns)  TNS Failing Endpoints  TNS Total Endpoints      WHS(ns)      THS(ns)  THS Failing Endpoints  THS Total Endpoints  
----------         ----------         --------               -------      -------  ---------------------  -------------------      -------      -------  ---------------------  -------------------  
**async_default**  clk_fpga_0         clk_fpga_0              15.520        0.000                      0                   25        1.301        0.000                      0                   25  


------------------------------------------------------------------------------------------------
| Timing Details
| --------------
------------------------------------------------------------------------------------------------


---------------------------------------------------------------------------------------------------
From Clock:  clk_fpga_0
  To Clock:  clk_fpga_0

Setup :            0  Failing Endpoints,  Worst Slack       13.215ns,  Total Violation        0.000ns
Hold  :            0  Failing Endpoints,  Worst Slack        0.055ns,  Total Violation        0.000ns
PW    :            0  Failing Endpoints,  Worst Slack        9.020ns,  Total Violation        0.000ns
---------------------------------------------------------------------------------------------------


Max Delay Paths
--------------------------------------------------------------------------------------
Slack (MET) :             13.215ns  (required time - arrival time)
  Source:                 design_1_i/ps7_0_axi_periph/s00_couplers/auto_pc/inst/gen_axilite.gen_b2s_conv.axilite_b2s/SI_REG/aw.aw_pipe/m_payload_i_reg[39]/C
                            (rising edge-triggered cell FDRE clocked by clk_fpga_0  {rise@0.000ns fall@10.000ns period=20.000ns})
  Destination:            design_1_i/ps7_0_axi_periph/s00_couplers/auto_pc/inst/gen_axilite.gen_b2s_conv.axilite_b2s/WR.aw_channel_0/cmd_translator_0/incr_cmd_0/axaddr_incr_reg[7]/D
                            (rising edge-triggered cell FDRE clocked by clk_fpga_0  {rise@0.000ns fall@10.000ns period=20.000ns})
  Path Group:             clk_fpga_0
  Path Type:              Setup (Max at Slow Process Corner)
  Requirement:            20.000ns  (clk_fpga_0 rise@20.000ns - clk_fpga_0 rise@0.000ns)
  Data Path Delay:        6.159ns  (logic 2.373ns (38.527%)  route 3.786ns (61.473%))
  Logic Levels:           6  (CARRY4=2 LUT3=2 LUT4=1 LUT5=1)
  Clock Path Skew:        -0.398ns (DCD - SCD + CPR)
    Destination Clock Delay (DCD):    2.659ns = ( 22.659 - 20.000 ) 
    Source Clock Delay      (SCD):    3.186ns
    Clock Pessimism Removal (CPR):    0.129ns
  Clock Uncertainty:      0.302ns  ((TSJ^2 + TIJ^2)^1/2 + DJ) / 2 + PE
    Total System Jitter     (TSJ):    0.071ns
    Total Input Jitter      (TIJ):    0.600ns
    Discrete Jitter          (DJ):    0.000ns
    Phase Error              (PE):    0.000ns

    Location             Delay type                Incr(ns)  Path(ns)    Netlist Resource(s)
  -------------------------------------------------------------------    -------------------
                         (clock clk_fpga_0 rise edge)
                                                      0.000     0.000 r  
    PS7_X0Y0             PS7                          0.000     0.000 r  design_1_i/processing_system7_0/inst/PS7_i/FCLKCLK[0]
                         net (fo=1, routed)           1.193     1.193    design_1_i/processing_system7_0/inst/FCLK_CLK_unbuffered[0]
    BUFGCTRL_X0Y16       BUFG (Prop_bufg_I_O)         0.101     1.294 r  design_1_i/processing_system7_0/inst/buffer_fclk_clk_0.FCLK_CLK_0_BUFG/O
                         net (fo=832, routed)         1.892     3.186    design_1_i/ps7_0_axi_periph/s00_couplers/auto_pc/inst/gen_axilite.gen_b2s_conv.axilite_b2s/SI_REG/aw.aw_pipe/aclk
    SLICE_X28Y100        FDRE                                         r  design_1_i/ps7_0_axi_periph/s00_couplers/auto_pc/inst/gen_axilite.gen_b2s_conv.axilite_b2s/SI_REG/aw.aw_pipe/m_payload_i_reg[39]/C
  -------------------------------------------------------------------    -------------------
    SLICE_X28Y100        FDRE (Prop_fdre_C_Q)         0.419     3.605 r  design_1_i/ps7_0_axi_periph/s00_couplers/auto_pc/inst/gen_axilite.gen_b2s_conv.axilite_b2s/SI_REG/aw.aw_pipe/m_payload_i_reg[39]/Q
                         net (fo=6, routed)           1.238     4.843    design_1_i/ps7_0_axi_periph/s00_couplers/auto_pc/inst/gen_axilite.gen_b2s_conv.axilite_b2s/WR.aw_channel_0/cmd_translator_0/wrap_cmd_0/axlen_cnt_reg[2]_1[12]
    SLICE_X39Y100        LUT3 (Prop_lut3_I1_O)        0.296     5.139 f  design_1_i/ps7_0_axi_periph/s00_couplers/auto_pc/inst/gen_axilite.gen_b2s_conv.axilite_b2s/WR.aw_channel_0/cmd_translator_0/wrap_cmd_0/memory_reg[3][0]_srl4_i_2/O
                         net (fo=5, routed)           1.040     6.179    design_1_i/ps7_0_axi_periph/s00_couplers/auto_pc/inst/gen_axilite.gen_b2s_conv.axilite_b2s/WR.aw_channel_0/aw_cmd_fsm_0/axaddr_wrap_reg[0]
    SLICE_X36Y104        LUT5 (Prop_lut5_I3_O)        0.150     6.329 r  design_1_i/ps7_0_axi_periph/s00_couplers/auto_pc/inst/gen_axilite.gen_b2s_conv.axilite_b2s/WR.aw_channel_0/aw_cmd_fsm_0/next_pending_r_i_2__0/O
                         net (fo=17, routed)          0.882     7.212    design_1_i/ps7_0_axi_periph/s00_couplers/auto_pc/inst/gen_axilite.gen_b2s_conv.axilite_b2s/WR.aw_channel_0/cmd_translator_0/incr_cmd_0/next
    SLICE_X38Y97         LUT4 (Prop_lut4_I3_O)        0.328     7.540 r  design_1_i/ps7_0_axi_periph/s00_couplers/auto_pc/inst/gen_axilite.gen_b2s_conv.axilite_b2s/WR.aw_channel_0/cmd_translator_0/incr_cmd_0/axaddr_incr[3]_i_9/O
                         net (fo=1, routed)           0.000     7.540    design_1_i/ps7_0_axi_periph/s00_couplers/auto_pc/inst/gen_axilite.gen_b2s_conv.axilite_b2s/SI_REG/aw.aw_pipe/axaddr_incr_reg[3][1]
    SLICE_X38Y97         CARRY4 (Prop_carry4_S[1]_CO[3])
                                                      0.533     8.073 r  design_1_i/ps7_0_axi_periph/s00_couplers/auto_pc/inst/gen_axilite.gen_b2s_conv.axilite_b2s/SI_REG/aw.aw_pipe/axaddr_incr_reg[3]_i_2/CO[3]
                         net (fo=1, routed)           0.000     8.073    design_1_i/ps7_0_axi_periph/s00_couplers/auto_pc/inst/gen_axilite.gen_b2s_conv.axilite_b2s/SI_REG/aw.aw_pipe/axaddr_incr_reg[3]_i_2_n_0
    SLICE_X38Y98         CARRY4 (Prop_carry4_CI_O[3])
                                                      0.315     8.388 r  design_1_i/ps7_0_axi_periph/s00_couplers/auto_pc/inst/gen_axilite.gen_b2s_conv.axilite_b2s/SI_REG/aw.aw_pipe/axaddr_incr_reg[7]_i_2/O[3]
                         net (fo=1, routed)           0.626     9.013    design_1_i/ps7_0_axi_periph/s00_couplers/auto_pc/inst/gen_axilite.gen_b2s_conv.axilite_b2s/WR.aw_channel_0/cmd_translator_0/incr_cmd_0/axaddr_incr[7]
    SLICE_X39Y98         LUT3 (Prop_lut3_I0_O)        0.332     9.345 r  design_1_i/ps7_0_axi_periph/s00_couplers/auto_pc/inst/gen_axilite.gen_b2s_conv.axilite_b2s/WR.aw_channel_0/cmd_translator_0/incr_cmd_0/axaddr_incr[7]_i_1/O
                         net (fo=1, routed)           0.000     9.345    design_1_i/ps7_0_axi_periph/s00_couplers/auto_pc/inst/gen_axilite.gen_b2s_conv.axilite_b2s/WR.aw_channel_0/cmd_translator_0/incr_cmd_0/p_1_in[7]
    SLICE_X39Y98         FDRE                                         r  design_1_i/ps7_0_axi_periph/s00_couplers/auto_pc/inst/gen_axilite.gen_b2s_conv.axilite_b2s/WR.aw_channel_0/cmd_translator_0/incr_cmd_0/axaddr_incr_reg[7]/D
  -------------------------------------------------------------------    -------------------

                         (clock clk_fpga_0 rise edge)
                                                     20.000    20.000 r  
    PS7_X0Y0             PS7                          0.000    20.000 r  design_1_i/processing_system7_0/inst/PS7_i/FCLKCLK[0]
                         net (fo=1, routed)           1.088    21.088    design_1_i/processing_system7_0/inst/FCLK_CLK_unbuffered[0]
    BUFGCTRL_X0Y16       BUFG (Prop_bufg_I_O)         0.091    21.179 r  design_1_i/processing_system7_0/inst/buffer_fclk_clk_0.FCLK_CLK_0_BUFG/O
                         net (fo=832, routed)         1.480    22.659    design_1_i/ps7_0_axi_periph/s00_couplers/auto_pc/inst/gen_axilite.gen_b2s_conv.axilite_b2s/WR.aw_channel_0/cmd_translator_0/incr_cmd_0/aclk
    SLICE_X39Y98         FDRE                                         r  design_1_i/ps7_0_axi_periph/s00_couplers/auto_pc/inst/gen_axilite.gen_b2s_conv.axilite_b2s/WR.aw_channel_0/cmd_translator_0/incr_cmd_0/axaddr_incr_reg[7]/C
                         clock pessimism              0.129    22.788    
                         clock uncertainty           -0.302    22.486    
    SLICE_X39Y98         FDRE (Setup_fdre_C_D)        0.075    22.561    design_1_i/ps7_0_axi_periph/s00_couplers/auto_pc/inst/gen_axilite.gen_b2s_conv.axilite_b2s/WR.aw_channel_0/cmd_translator_0/incr_cmd_0/axaddr_incr_reg[7]
  -------------------------------------------------------------------
                         required time                         22.561    
                         arrival time                          -9.345    
  -------------------------------------------------------------------
                         slack                                 13.215    

Slack (MET) :             13.271ns  (required time - arrival time)
  Source:                 design_1_i/ps7_0_axi_periph/s00_couplers/auto_pc/inst/gen_axilite.gen_b2s_conv.axilite_b2s/SI_REG/aw.aw_pipe/m_payload_i_reg[39]/C
                            (rising edge-triggered cell FDRE clocked by clk_fpga_0  {rise@0.000ns fall@10.000ns period=20.000ns})
  Destination:            design_1_i/ps7_0_axi_periph/s00_couplers/auto_pc/inst/gen_axilite.gen_b2s_conv.axilite_b2s/WR.aw_channel_0/cmd_translator_0/incr_cmd_0/axaddr_incr_reg[4]/D
                            (rising edge-triggered cell FDRE clocked by clk_fpga_0  {rise@0.000ns fall@10.000ns period=20.000ns})
  Path Group:             clk_fpga_0
  Path Type:              Setup (Max at Slow Process Corner)
  Requirement:            20.000ns  (clk_fpga_0 rise@20.000ns - clk_fpga_0 rise@0.000ns)
  Data Path Delay:        6.060ns  (logic 2.240ns (36.964%)  route 3.820ns (63.036%))
  Logic Levels:           6  (CARRY4=2 LUT3=2 LUT4=1 LUT5=1)
  Clock Path Skew:        -0.398ns (DCD - SCD + CPR)
    Destination Clock Delay (DCD):    2.659ns = ( 22.659 - 20.000 ) 
    Source Clock Delay      (SCD):    3.186ns
    Clock Pessimism Removal (CPR):    0.129ns
  Clock Uncertainty:      0.302ns  ((TSJ^2 + TIJ^2)^1/2 + DJ) / 2 + PE
    Total System Jitter     (TSJ):    0.071ns
    Total Input Jitter      (TIJ):    0.600ns
    Discrete Jitter          (DJ):    0.000ns
    Phase Error              (PE):    0.000ns

    Location             Delay type                Incr(ns)  Path(ns)    Netlist Resource(s)
  -------------------------------------------------------------------    -------------------
                         (clock clk_fpga_0 rise edge)
                                                      0.000     0.000 r  
    PS7_X0Y0             PS7                          0.000     0.000 r  design_1_i/processing_system7_0/inst/PS7_i/FCLKCLK[0]
                         net (fo=1, routed)           1.193     1.193    design_1_i/processing_system7_0/inst/FCLK_CLK_unbuffered[0]
    BUFGCTRL_X0Y16       BUFG (Prop_bufg_I_O)         0.101     1.294 r  design_1_i/processing_system7_0/inst/buffer_fclk_clk_0.FCLK_CLK_0_BUFG/O
                         net (fo=832, routed)         1.892     3.186    design_1_i/ps7_0_axi_periph/s00_couplers/auto_pc/inst/gen_axilite.gen_b2s_conv.axilite_b2s/SI_REG/aw.aw_pipe/aclk
    SLICE_X28Y100        FDRE                                         r  design_1_i/ps7_0_axi_periph/s00_couplers/auto_pc/inst/gen_axilite.gen_b2s_conv.axilite_b2s/SI_REG/aw.aw_pipe/m_payload_i_reg[39]/C
  -------------------------------------------------------------------    -------------------
    SLICE_X28Y100        FDRE (Prop_fdre_C_Q)         0.419     3.605 r  design_1_i/ps7_0_axi_periph/s00_couplers/auto_pc/inst/gen_axilite.gen_b2s_conv.axilite_b2s/SI_REG/aw.aw_pipe/m_payload_i_reg[39]/Q
                         net (fo=6, routed)           1.238     4.843    design_1_i/ps7_0_axi_periph/s00_couplers/auto_pc/inst/gen_axilite.gen_b2s_conv.axilite_b2s/WR.aw_channel_0/cmd_translator_0/wrap_cmd_0/axlen_cnt_reg[2]_1[12]
    SLICE_X39Y100        LUT3 (Prop_lut3_I1_O)        0.296     5.139 f  design_1_i/ps7_0_axi_periph/s00_couplers/auto_pc/inst/gen_axilite.gen_b2s_conv.axilite_b2s/WR.aw_channel_0/cmd_translator_0/wrap_cmd_0/memory_reg[3][0]_srl4_i_2/O
                         net (fo=5, routed)           1.040     6.179    design_1_i/ps7_0_axi_periph/s00_couplers/auto_pc/inst/gen_axilite.gen_b2s_conv.axilite_b2s/WR.aw_channel_0/aw_cmd_fsm_0/axaddr_wrap_reg[0]
    SLICE_X36Y104        LUT5 (Prop_lut5_I3_O)        0.150     6.329 r  design_1_i/ps7_0_axi_periph/s00_couplers/auto_pc/inst/gen_axilite.gen_b2s_conv.axilite_b2s/WR.aw_channel_0/aw_cmd_fsm_0/next_pending_r_i_2__0/O
                         net (fo=17, routed)          0.882     7.212    design_1_i/ps7_0_axi_periph/s00_couplers/auto_pc/inst/gen_axilite.gen_b2s_conv.axilite_b2s/WR.aw_channel_0/cmd_translator_0/incr_cmd_0/next
    SLICE_X38Y97         LUT4 (Prop_lut4_I3_O)        0.328     7.540 r  design_1_i/ps7_0_axi_periph/s00_couplers/auto_pc/inst/gen_axilite.gen_b2s_conv.axilite_b2s/WR.aw_channel_0/cmd_translator_0/incr_cmd_0/axaddr_incr[3]_i_9/O
                         net (fo=1, routed)           0.000     7.540    design_1_i/ps7_0_axi_periph/s00_couplers/auto_pc/inst/gen_axilite.gen_b2s_conv.axilite_b2s/SI_REG/aw.aw_pipe/axaddr_incr_reg[3][1]
    SLICE_X38Y97         CARRY4 (Prop_carry4_S[1]_CO[3])
                                                      0.533     8.073 r  design_1_i/ps7_0_axi_periph/s00_couplers/auto_pc/inst/gen_axilite.gen_b2s_conv.axilite_b2s/SI_REG/aw.aw_pipe/axaddr_incr_reg[3]_i_2/CO[3]
                         net (fo=1, routed)           0.000     8.073    design_1_i/ps7_0_axi_periph/s00_couplers/auto_pc/inst/gen_axilite.gen_b2s_conv.axilite_b2s/SI_REG/aw.aw_pipe/axaddr_incr_reg[3]_i_2_n_0
    SLICE_X38Y98         CARRY4 (Prop_carry4_CI_O[0])
                                                      0.219     8.292 r  design_1_i/ps7_0_axi_periph/s00_couplers/auto_pc/inst/gen_axilite.gen_b2s_conv.axilite_b2s/SI_REG/aw.aw_pipe/axaddr_incr_reg[7]_i_2/O[0]
                         net (fo=1, routed)           0.659     8.951    design_1_i/ps7_0_axi_periph/s00_couplers/auto_pc/inst/gen_axilite.gen_b2s_conv.axilite_b2s/WR.aw_channel_0/cmd_translator_0/incr_cmd_0/axaddr_incr[4]
    SLICE_X39Y98         LUT3 (Prop_lut3_I0_O)        0.295     9.246 r  design_1_i/ps7_0_axi_periph/s00_couplers/auto_pc/inst/gen_axilite.gen_b2s_conv.axilite_b2s/WR.aw_channel_0/cmd_translator_0/incr_cmd_0/axaddr_incr[4]_i_1/O
                         net (fo=1, routed)           0.000     9.246    design_1_i/ps7_0_axi_periph/s00_couplers/auto_pc/inst/gen_axilite.gen_b2s_conv.axilite_b2s/WR.aw_channel_0/cmd_translator_0/incr_cmd_0/p_1_in[4]
    SLICE_X39Y98         FDRE                                         r  design_1_i/ps7_0_axi_periph/s00_couplers/auto_pc/inst/gen_axilite.gen_b2s_conv.axilite_b2s/WR.aw_channel_0/cmd_translator_0/incr_cmd_0/axaddr_incr_reg[4]/D
  -------------------------------------------------------------------    -------------------

                         (clock clk_fpga_0 rise edge)
                                                     20.000    20.000 r  
    PS7_X0Y0             PS7                          0.000    20.000 r  design_1_i/processing_system7_0/inst/PS7_i/FCLKCLK[0]
                         net (fo=1, routed)           1.088    21.088    design_1_i/processing_system7_0/inst/FCLK_CLK_unbuffered[0]
    BUFGCTRL_X0Y16       BUFG (Prop_bufg_I_O)         0.091    21.179 r  design_1_i/processing_system7_0/inst/buffer_fclk_clk_0.FCLK_CLK_0_BUFG/O
                         net (fo=832, routed)         1.480    22.659    design_1_i/ps7_0_axi_periph/s00_couplers/auto_pc/inst/gen_axilite.gen_b2s_conv.axilite_b2s/WR.aw_channel_0/cmd_translator_0/incr_cmd_0/aclk
    SLICE_X39Y98         FDRE                                         r  design_1_i/ps7_0_axi_periph/s00_couplers/auto_pc/inst/gen_axilite.gen_b2s_conv.axilite_b2s/WR.aw_channel_0/cmd_translator_0/incr_cmd_0/axaddr_incr_reg[4]/C
                         clock pessimism              0.129    22.788    
                         clock uncertainty           -0.302    22.486    
    SLICE_X39Y98         FDRE (Setup_fdre_C_D)        0.031    22.517    design_1_i/ps7_0_axi_periph/s00_couplers/auto_pc/inst/gen_axilite.gen_b2s_conv.axilite_b2s/WR.aw_channel_0/cmd_translator_0/incr_cmd_0/axaddr_incr_reg[4]
  -------------------------------------------------------------------
                         required time                         22.517    
                         arrival time                          -9.246    
  -------------------------------------------------------------------
                         slack                                 13.271    

Slack (MET) :             13.326ns  (required time - arrival time)
  Source:                 design_1_i/ps7_0_axi_periph/s00_couplers/auto_pc/inst/gen_axilite.gen_b2s_conv.axilite_b2s/SI_REG/aw.aw_pipe/m_payload_i_reg[39]/C
                            (rising edge-triggered cell FDRE clocked by clk_fpga_0  {rise@0.000ns fall@10.000ns period=20.000ns})
  Destination:            design_1_i/ps7_0_axi_periph/s00_couplers/auto_pc/inst/gen_axilite.gen_b2s_conv.axilite_b2s/WR.aw_channel_0/cmd_translator_0/incr_cmd_0/axaddr_incr_reg[5]/D
                            (rising edge-triggered cell FDRE clocked by clk_fpga_0  {rise@0.000ns fall@10.000ns period=20.000ns})
  Path Group:             clk_fpga_0
  Path Type:              Setup (Max at Slow Process Corner)
  Requirement:            20.000ns  (clk_fpga_0 rise@20.000ns - clk_fpga_0 rise@0.000ns)
  Data Path Delay:        6.048ns  (logic 2.384ns (39.415%)  route 3.664ns (60.585%))
  Logic Levels:           6  (CARRY4=2 LUT3=2 LUT4=1 LUT5=1)
  Clock Path Skew:        -0.398ns (DCD - SCD + CPR)
    Destination Clock Delay (DCD):    2.659ns = ( 22.659 - 20.000 ) 
    Source Clock Delay      (SCD):    3.186ns
    Clock Pessimism Removal (CPR):    0.129ns
  Clock Uncertainty:      0.302ns  ((TSJ^2 + TIJ^2)^1/2 + DJ) / 2 + PE
    Total System Jitter     (TSJ):    0.071ns
    Total Input Jitter      (TIJ):    0.600ns
    Discrete Jitter          (DJ):    0.000ns
    Phase Error              (PE):    0.000ns

    Location             Delay type                Incr(ns)  Path(ns)    Netlist Resource(s)
  -------------------------------------------------------------------    -------------------
                         (clock clk_fpga_0 rise edge)
                                                      0.000     0.000 r  
    PS7_X0Y0             PS7                          0.000     0.000 r  design_1_i/processing_system7_0/inst/PS7_i/FCLKCLK[0]
                         net (fo=1, routed)           1.193     1.193    design_1_i/processing_system7_0/inst/FCLK_CLK_unbuffered[0]
    BUFGCTRL_X0Y16       BUFG (Prop_bufg_I_O)         0.101     1.294 r  design_1_i/processing_system7_0/inst/buffer_fclk_clk_0.FCLK_CLK_0_BUFG/O
                         net (fo=832, routed)         1.892     3.186    design_1_i/ps7_0_axi_periph/s00_couplers/auto_pc/inst/gen_axilite.gen_b2s_conv.axilite_b2s/SI_REG/aw.aw_pipe/aclk
    SLICE_X28Y100        FDRE                                         r  design_1_i/ps7_0_axi_periph/s00_couplers/auto_pc/inst/gen_axilite.gen_b2s_conv.axilite_b2s/SI_REG/aw.aw_pipe/m_payload_i_reg[39]/C
  -------------------------------------------------------------------    -------------------
    SLICE_X28Y100        FDRE (Prop_fdre_C_Q)         0.419     3.605 r  design_1_i/ps7_0_axi_periph/s00_couplers/auto_pc/inst/gen_axilite.gen_b2s_conv.axilite_b2s/SI_REG/aw.aw_pipe/m_payload_i_reg[39]/Q
                         net (fo=6, routed)           1.238     4.843    design_1_i/ps7_0_axi_periph/s00_couplers/auto_pc/inst/gen_axilite.gen_b2s_conv.axilite_b2s/WR.aw_channel_0/cmd_translator_0/wrap_cmd_0/axlen_cnt_reg[2]_1[12]
    SLICE_X39Y100        LUT3 (Prop_lut3_I1_O)        0.296     5.139 f  design_1_i/ps7_0_axi_periph/s00_couplers/auto_pc/inst/gen_axilite.gen_b2s_conv.axilite_b2s/WR.aw_channel_0/cmd_translator_0/wrap_cmd_0/memory_reg[3][0]_srl4_i_2/O
                         net (fo=5, routed)           1.040     6.179    design_1_i/ps7_0_axi_periph/s00_couplers/auto_pc/inst/gen_axilite.gen_b2s_conv.axilite_b2s/WR.aw_channel_0/aw_cmd_fsm_0/axaddr_wrap_reg[0]
    SLICE_X36Y104        LUT5 (Prop_lut5_I3_O)        0.150     6.329 r  design_1_i/ps7_0_axi_periph/s00_couplers/auto_pc/inst/gen_axilite.gen_b2s_conv.axilite_b2s/WR.aw_channel_0/aw_cmd_fsm_0/next_pending_r_i_2__0/O
                         net (fo=17, routed)          0.882     7.212    design_1_i/ps7_0_axi_periph/s00_couplers/auto_pc/inst/gen_axilite.gen_b2s_conv.axilite_b2s/WR.aw_channel_0/cmd_translator_0/incr_cmd_0/next
    SLICE_X38Y97         LUT4 (Prop_lut4_I3_O)        0.328     7.540 r  design_1_i/ps7_0_axi_periph/s00_couplers/auto_pc/inst/gen_axilite.gen_b2s_conv.axilite_b2s/WR.aw_channel_0/cmd_translator_0/incr_cmd_0/axaddr_incr[3]_i_9/O
                         net (fo=1, routed)           0.000     7.540    design_1_i/ps7_0_axi_periph/s00_couplers/auto_pc/inst/gen_axilite.gen_b2s_conv.axilite_b2s/SI_REG/aw.aw_pipe/axaddr_incr_reg[3][1]
    SLICE_X38Y97         CARRY4 (Prop_carry4_S[1]_CO[3])
                                                      0.533     8.073 r  design_1_i/ps7_0_axi_periph/s00_couplers/auto_pc/inst/gen_axilite.gen_b2s_conv.axilite_b2s/SI_REG/aw.aw_pipe/axaddr_incr_reg[3]_i_2/CO[3]
                         net (fo=1, routed)           0.000     8.073    design_1_i/ps7_0_axi_periph/s00_couplers/auto_pc/inst/gen_axilite.gen_b2s_conv.axilite_b2s/SI_REG/aw.aw_pipe/axaddr_incr_reg[3]_i_2_n_0
    SLICE_X38Y98         CARRY4 (Prop_carry4_CI_O[1])
                                                      0.323     8.396 r  design_1_i/ps7_0_axi_periph/s00_couplers/auto_pc/inst/gen_axilite.gen_b2s_conv.axilite_b2s/SI_REG/aw.aw_pipe/axaddr_incr_reg[7]_i_2/O[1]
                         net (fo=1, routed)           0.504     8.899    design_1_i/ps7_0_axi_periph/s00_couplers/auto_pc/inst/gen_axilite.gen_b2s_conv.axilite_b2s/WR.aw_channel_0/cmd_translator_0/incr_cmd_0/axaddr_incr[5]
    SLICE_X39Y98         LUT3 (Prop_lut3_I0_O)        0.335     9.234 r  design_1_i/ps7_0_axi_periph/s00_couplers/auto_pc/inst/gen_axilite.gen_b2s_conv.axilite_b2s/WR.aw_channel_0/cmd_translator_0/incr_cmd_0/axaddr_incr[5]_i_1/O
                         net (fo=1, routed)           0.000     9.234    design_1_i/ps7_0_axi_periph/s00_couplers/auto_pc/inst/gen_axilite.gen_b2s_conv.axilite_b2s/WR.aw_channel_0/cmd_translator_0/incr_cmd_0/p_1_in[5]
    SLICE_X39Y98         FDRE                                         r  design_1_i/ps7_0_axi_periph/s00_couplers/auto_pc/inst/gen_axilite.gen_b2s_conv.axilite_b2s/WR.aw_channel_0/cmd_translator_0/incr_cmd_0/axaddr_incr_reg[5]/D
  -------------------------------------------------------------------    -------------------

                         (clock clk_fpga_0 rise edge)
                                                     20.000    20.000 r  
    PS7_X0Y0             PS7                          0.000    20.000 r  design_1_i/processing_system7_0/inst/PS7_i/FCLKCLK[0]
                         net (fo=1, routed)           1.088    21.088    design_1_i/processing_system7_0/inst/FCLK_CLK_unbuffered[0]
    BUFGCTRL_X0Y16       BUFG (Prop_bufg_I_O)         0.091    21.179 r  design_1_i/processing_system7_0/inst/buffer_fclk_clk_0.FCLK_CLK_0_BUFG/O
                         net (fo=832, routed)         1.480    22.659    design_1_i/ps7_0_axi_periph/s00_couplers/auto_pc/inst/gen_axilite.gen_b2s_conv.axilite_b2s/WR.aw_channel_0/cmd_translator_0/incr_cmd_0/aclk
    SLICE_X39Y98         FDRE                                         r  design_1_i/ps7_0_axi_periph/s00_couplers/auto_pc/inst/gen_axilite.gen_b2s_conv.axilite_b2s/WR.aw_channel_0/cmd_translator_0/incr_cmd_0/axaddr_incr_reg[5]/C
                         clock pessimism              0.129    22.788    
                         clock uncertainty           -0.302    22.486    
    SLICE_X39Y98         FDRE (Setup_fdre_C_D)        0.075    22.561    design_1_i/ps7_0_axi_periph/s00_couplers/auto_pc/inst/gen_axilite.gen_b2s_conv.axilite_b2s/WR.aw_channel_0/cmd_translator_0/incr_cmd_0/axaddr_incr_reg[5]
  -------------------------------------------------------------------
                         required time                         22.561    
                         arrival time                          -9.234    
  -------------------------------------------------------------------
                         slack                                 13.326    

Slack (MET) :             13.362ns  (required time - arrival time)
  Source:                 design_1_i/processing_system7_0/inst/PS7_i/MAXIGP0ACLK
                            (rising edge-triggered cell PS7 clocked by clk_fpga_0  {rise@0.000ns fall@10.000ns period=20.000ns})
  Destination:            design_1_i/interrupt_0/U0/interrupt_v1_0_S00_AXI_inst/slv_reg0_reg[16]/CE
                            (rising edge-triggered cell FDRE clocked by clk_fpga_0  {rise@0.000ns fall@10.000ns period=20.000ns})
  Path Group:             clk_fpga_0
  Path Type:              Setup (Max at Slow Process Corner)
  Requirement:            20.000ns  (clk_fpga_0 rise@20.000ns - clk_fpga_0 rise@0.000ns)
  Data Path Delay:        6.033ns  (logic 1.958ns (32.454%)  route 4.075ns (67.546%))
  Logic Levels:           3  (LUT4=2 LUT5=1)
  Clock Path Skew:        -0.098ns (DCD - SCD + CPR)
    Destination Clock Delay (DCD):    2.704ns = ( 22.704 - 20.000 ) 
    Source Clock Delay      (SCD):    3.031ns
    Clock Pessimism Removal (CPR):    0.229ns
  Clock Uncertainty:      0.302ns  ((TSJ^2 + TIJ^2)^1/2 + DJ) / 2 + PE
    Total System Jitter     (TSJ):    0.071ns
    Total Input Jitter      (TIJ):    0.600ns
    Discrete Jitter          (DJ):    0.000ns
    Phase Error              (PE):    0.000ns

    Location             Delay type                Incr(ns)  Path(ns)    Netlist Resource(s)
  -------------------------------------------------------------------    -------------------
                         (clock clk_fpga_0 rise edge)
                                                      0.000     0.000 r  
    PS7_X0Y0             PS7                          0.000     0.000 r  design_1_i/processing_system7_0/inst/PS7_i/FCLKCLK[0]
                         net (fo=1, routed)           1.193     1.193    design_1_i/processing_system7_0/inst/FCLK_CLK_unbuffered[0]
    BUFGCTRL_X0Y16       BUFG (Prop_bufg_I_O)         0.101     1.294 r  design_1_i/processing_system7_0/inst/buffer_fclk_clk_0.FCLK_CLK_0_BUFG/O
                         net (fo=832, routed)         1.737     3.031    design_1_i/processing_system7_0/inst/M_AXI_GP0_ACLK
    PS7_X0Y0             PS7                                          r  design_1_i/processing_system7_0/inst/PS7_i/MAXIGP0ACLK
  -------------------------------------------------------------------    -------------------
    PS7_X0Y0             PS7 (Prop_ps7_MAXIGP0ACLK_MAXIGP0WVALID)
                                                      1.334     4.365 r  design_1_i/processing_system7_0/inst/PS7_i/MAXIGP0WVALID
                         net (fo=8, routed)           1.639     6.003    design_1_i/ps7_0_axi_periph/xbar/inst/gen_sasd.crossbar_sasd_0/addr_arbiter_inst/s_axi_wvalid[0]
    SLICE_X34Y102        LUT5 (Prop_lut5_I1_O)        0.152     6.155 r  design_1_i/ps7_0_axi_periph/xbar/inst/gen_sasd.crossbar_sasd_0/addr_arbiter_inst/m_axi_wvalid[0]_INST_0/O
                         net (fo=7, routed)           0.775     6.931    design_1_i/interrupt_0/U0/interrupt_v1_0_S00_AXI_inst/s00_axi_wvalid
    SLICE_X33Y100        LUT4 (Prop_lut4_I3_O)        0.348     7.279 r  design_1_i/interrupt_0/U0/interrupt_v1_0_S00_AXI_inst/slv_reg0[31]_i_2/O
                         net (fo=4, routed)           1.093     8.372    design_1_i/interrupt_0/U0/interrupt_v1_0_S00_AXI_inst/slv_reg_wren__2
    SLICE_X28Y96         LUT4 (Prop_lut4_I0_O)        0.124     8.496 r  design_1_i/interrupt_0/U0/interrupt_v1_0_S00_AXI_inst/slv_reg0[23]_i_1/O
                         net (fo=8, routed)           0.568     9.064    design_1_i/interrupt_0/U0/interrupt_v1_0_S00_AXI_inst/p_0_in[23]
    SLICE_X28Y96         FDRE                                         r  design_1_i/interrupt_0/U0/interrupt_v1_0_S00_AXI_inst/slv_reg0_reg[16]/CE
  -------------------------------------------------------------------    -------------------

                         (clock clk_fpga_0 rise edge)
                                                     20.000    20.000 r  
    PS7_X0Y0             PS7                          0.000    20.000 r  design_1_i/processing_system7_0/inst/PS7_i/FCLKCLK[0]
                         net (fo=1, routed)           1.088    21.088    design_1_i/processing_system7_0/inst/FCLK_CLK_unbuffered[0]
    BUFGCTRL_X0Y16       BUFG (Prop_bufg_I_O)         0.091    21.179 r  design_1_i/processing_system7_0/inst/buffer_fclk_clk_0.FCLK_CLK_0_BUFG/O
                         net (fo=832, routed)         1.525    22.704    design_1_i/interrupt_0/U0/interrupt_v1_0_S00_AXI_inst/s00_axi_aclk
    SLICE_X28Y96         FDRE                                         r  design_1_i/interrupt_0/U0/interrupt_v1_0_S00_AXI_inst/slv_reg0_reg[16]/C
                         clock pessimism              0.229    22.933    
                         clock uncertainty           -0.302    22.631    
    SLICE_X28Y96         FDRE (Setup_fdre_C_CE)      -0.205    22.426    design_1_i/interrupt_0/U0/interrupt_v1_0_S00_AXI_inst/slv_reg0_reg[16]
  -------------------------------------------------------------------
                         required time                         22.426    
                         arrival time                          -9.064    
  -------------------------------------------------------------------
                         slack                                 13.362    

Slack (MET) :             13.362ns  (required time - arrival time)
  Source:                 design_1_i/processing_system7_0/inst/PS7_i/MAXIGP0ACLK
                            (rising edge-triggered cell PS7 clocked by clk_fpga_0  {rise@0.000ns fall@10.000ns period=20.000ns})
  Destination:            design_1_i/interrupt_0/U0/interrupt_v1_0_S00_AXI_inst/slv_reg0_reg[17]/CE
                            (rising edge-triggered cell FDRE clocked by clk_fpga_0  {rise@0.000ns fall@10.000ns period=20.000ns})
  Path Group:             clk_fpga_0
  Path Type:              Setup (Max at Slow Process Corner)
  Requirement:            20.000ns  (clk_fpga_0 rise@20.000ns - clk_fpga_0 rise@0.000ns)
  Data Path Delay:        6.033ns  (logic 1.958ns (32.454%)  route 4.075ns (67.546%))
  Logic Levels:           3  (LUT4=2 LUT5=1)
  Clock Path Skew:        -0.098ns (DCD - SCD + CPR)
    Destination Clock Delay (DCD):    2.704ns = ( 22.704 - 20.000 ) 
    Source Clock Delay      (SCD):    3.031ns
    Clock Pessimism Removal (CPR):    0.229ns
  Clock Uncertainty:      0.302ns  ((TSJ^2 + TIJ^2)^1/2 + DJ) / 2 + PE
    Total System Jitter     (TSJ):    0.071ns
    Total Input Jitter      (TIJ):    0.600ns
    Discrete Jitter          (DJ):    0.000ns
    Phase Error              (PE):    0.000ns

    Location             Delay type                Incr(ns)  Path(ns)    Netlist Resource(s)
  -------------------------------------------------------------------    -------------------
                         (clock clk_fpga_0 rise edge)
                                                      0.000     0.000 r  
    PS7_X0Y0             PS7                          0.000     0.000 r  design_1_i/processing_system7_0/inst/PS7_i/FCLKCLK[0]
                         net (fo=1, routed)           1.193     1.193    design_1_i/processing_system7_0/inst/FCLK_CLK_unbuffered[0]
    BUFGCTRL_X0Y16       BUFG (Prop_bufg_I_O)         0.101     1.294 r  design_1_i/processing_system7_0/inst/buffer_fclk_clk_0.FCLK_CLK_0_BUFG/O
                         net (fo=832, routed)         1.737     3.031    design_1_i/processing_system7_0/inst/M_AXI_GP0_ACLK
    PS7_X0Y0             PS7                                          r  design_1_i/processing_system7_0/inst/PS7_i/MAXIGP0ACLK
  -------------------------------------------------------------------    -------------------
    PS7_X0Y0             PS7 (Prop_ps7_MAXIGP0ACLK_MAXIGP0WVALID)
                                                      1.334     4.365 r  design_1_i/processing_system7_0/inst/PS7_i/MAXIGP0WVALID
                         net (fo=8, routed)           1.639     6.003    design_1_i/ps7_0_axi_periph/xbar/inst/gen_sasd.crossbar_sasd_0/addr_arbiter_inst/s_axi_wvalid[0]
    SLICE_X34Y102        LUT5 (Prop_lut5_I1_O)        0.152     6.155 r  design_1_i/ps7_0_axi_periph/xbar/inst/gen_sasd.crossbar_sasd_0/addr_arbiter_inst/m_axi_wvalid[0]_INST_0/O
                         net (fo=7, routed)           0.775     6.931    design_1_i/interrupt_0/U0/interrupt_v1_0_S00_AXI_inst/s00_axi_wvalid
    SLICE_X33Y100        LUT4 (Prop_lut4_I3_O)        0.348     7.279 r  design_1_i/interrupt_0/U0/interrupt_v1_0_S00_AXI_inst/slv_reg0[31]_i_2/O
                         net (fo=4, routed)           1.093     8.372    design_1_i/interrupt_0/U0/interrupt_v1_0_S00_AXI_inst/slv_reg_wren__2
    SLICE_X28Y96         LUT4 (Prop_lut4_I0_O)        0.124     8.496 r  design_1_i/interrupt_0/U0/interrupt_v1_0_S00_AXI_inst/slv_reg0[23]_i_1/O
                         net (fo=8, routed)           0.568     9.064    design_1_i/interrupt_0/U0/interrupt_v1_0_S00_AXI_inst/p_0_in[23]
    SLICE_X28Y96         FDRE                                         r  design_1_i/interrupt_0/U0/interrupt_v1_0_S00_AXI_inst/slv_reg0_reg[17]/CE
  -------------------------------------------------------------------    -------------------

                         (clock clk_fpga_0 rise edge)
                                                     20.000    20.000 r  
    PS7_X0Y0             PS7                          0.000    20.000 r  design_1_i/processing_system7_0/inst/PS7_i/FCLKCLK[0]
                         net (fo=1, routed)           1.088    21.088    design_1_i/processing_system7_0/inst/FCLK_CLK_unbuffered[0]
    BUFGCTRL_X0Y16       BUFG (Prop_bufg_I_O)         0.091    21.179 r  design_1_i/processing_system7_0/inst/buffer_fclk_clk_0.FCLK_CLK_0_BUFG/O
                         net (fo=832, routed)         1.525    22.704    design_1_i/interrupt_0/U0/interrupt_v1_0_S00_AXI_inst/s00_axi_aclk
    SLICE_X28Y96         FDRE                                         r  design_1_i/interrupt_0/U0/interrupt_v1_0_S00_AXI_inst/slv_reg0_reg[17]/C
                         clock pessimism              0.229    22.933    
                         clock uncertainty           -0.302    22.631    
    SLICE_X28Y96         FDRE (Setup_fdre_C_CE)      -0.205    22.426    design_1_i/interrupt_0/U0/interrupt_v1_0_S00_AXI_inst/slv_reg0_reg[17]
  -------------------------------------------------------------------
                         required time                         22.426    
                         arrival time                          -9.064    
  -------------------------------------------------------------------
                         slack                                 13.362    

Slack (MET) :             13.362ns  (required time - arrival time)
  Source:                 design_1_i/processing_system7_0/inst/PS7_i/MAXIGP0ACLK
                            (rising edge-triggered cell PS7 clocked by clk_fpga_0  {rise@0.000ns fall@10.000ns period=20.000ns})
  Destination:            design_1_i/interrupt_0/U0/interrupt_v1_0_S00_AXI_inst/slv_reg0_reg[18]/CE
                            (rising edge-triggered cell FDRE clocked by clk_fpga_0  {rise@0.000ns fall@10.000ns period=20.000ns})
  Path Group:             clk_fpga_0
  Path Type:              Setup (Max at Slow Process Corner)
  Requirement:            20.000ns  (clk_fpga_0 rise@20.000ns - clk_fpga_0 rise@0.000ns)
  Data Path Delay:        6.033ns  (logic 1.958ns (32.454%)  route 4.075ns (67.546%))
  Logic Levels:           3  (LUT4=2 LUT5=1)
  Clock Path Skew:        -0.098ns (DCD - SCD + CPR)
    Destination Clock Delay (DCD):    2.704ns = ( 22.704 - 20.000 ) 
    Source Clock Delay      (SCD):    3.031ns
    Clock Pessimism Removal (CPR):    0.229ns
  Clock Uncertainty:      0.302ns  ((TSJ^2 + TIJ^2)^1/2 + DJ) / 2 + PE
    Total System Jitter     (TSJ):    0.071ns
    Total Input Jitter      (TIJ):    0.600ns
    Discrete Jitter          (DJ):    0.000ns
    Phase Error              (PE):    0.000ns

    Location             Delay type                Incr(ns)  Path(ns)    Netlist Resource(s)
  -------------------------------------------------------------------    -------------------
                         (clock clk_fpga_0 rise edge)
                                                      0.000     0.000 r  
    PS7_X0Y0             PS7                          0.000     0.000 r  design_1_i/processing_system7_0/inst/PS7_i/FCLKCLK[0]
                         net (fo=1, routed)           1.193     1.193    design_1_i/processing_system7_0/inst/FCLK_CLK_unbuffered[0]
    BUFGCTRL_X0Y16       BUFG (Prop_bufg_I_O)         0.101     1.294 r  design_1_i/processing_system7_0/inst/buffer_fclk_clk_0.FCLK_CLK_0_BUFG/O
                         net (fo=832, routed)         1.737     3.031    design_1_i/processing_system7_0/inst/M_AXI_GP0_ACLK
    PS7_X0Y0             PS7                                          r  design_1_i/processing_system7_0/inst/PS7_i/MAXIGP0ACLK
  -------------------------------------------------------------------    -------------------
    PS7_X0Y0             PS7 (Prop_ps7_MAXIGP0ACLK_MAXIGP0WVALID)
                                                      1.334     4.365 r  design_1_i/processing_system7_0/inst/PS7_i/MAXIGP0WVALID
                         net (fo=8, routed)           1.639     6.003    design_1_i/ps7_0_axi_periph/xbar/inst/gen_sasd.crossbar_sasd_0/addr_arbiter_inst/s_axi_wvalid[0]
    SLICE_X34Y102        LUT5 (Prop_lut5_I1_O)        0.152     6.155 r  design_1_i/ps7_0_axi_periph/xbar/inst/gen_sasd.crossbar_sasd_0/addr_arbiter_inst/m_axi_wvalid[0]_INST_0/O
                         net (fo=7, routed)           0.775     6.931    design_1_i/interrupt_0/U0/interrupt_v1_0_S00_AXI_inst/s00_axi_wvalid
    SLICE_X33Y100        LUT4 (Prop_lut4_I3_O)        0.348     7.279 r  design_1_i/interrupt_0/U0/interrupt_v1_0_S00_AXI_inst/slv_reg0[31]_i_2/O
                         net (fo=4, routed)           1.093     8.372    design_1_i/interrupt_0/U0/interrupt_v1_0_S00_AXI_inst/slv_reg_wren__2
    SLICE_X28Y96         LUT4 (Prop_lut4_I0_O)        0.124     8.496 r  design_1_i/interrupt_0/U0/interrupt_v1_0_S00_AXI_inst/slv_reg0[23]_i_1/O
                         net (fo=8, routed)           0.568     9.064    design_1_i/interrupt_0/U0/interrupt_v1_0_S00_AXI_inst/p_0_in[23]
    SLICE_X28Y96         FDRE                                         r  design_1_i/interrupt_0/U0/interrupt_v1_0_S00_AXI_inst/slv_reg0_reg[18]/CE
  -------------------------------------------------------------------    -------------------

                         (clock clk_fpga_0 rise edge)
                                                     20.000    20.000 r  
    PS7_X0Y0             PS7                          0.000    20.000 r  design_1_i/processing_system7_0/inst/PS7_i/FCLKCLK[0]
                         net (fo=1, routed)           1.088    21.088    design_1_i/processing_system7_0/inst/FCLK_CLK_unbuffered[0]
    BUFGCTRL_X0Y16       BUFG (Prop_bufg_I_O)         0.091    21.179 r  design_1_i/processing_system7_0/inst/buffer_fclk_clk_0.FCLK_CLK_0_BUFG/O
                         net (fo=832, routed)         1.525    22.704    design_1_i/interrupt_0/U0/interrupt_v1_0_S00_AXI_inst/s00_axi_aclk
    SLICE_X28Y96         FDRE                                         r  design_1_i/interrupt_0/U0/interrupt_v1_0_S00_AXI_inst/slv_reg0_reg[18]/C
                         clock pessimism              0.229    22.933    
                         clock uncertainty           -0.302    22.631    
    SLICE_X28Y96         FDRE (Setup_fdre_C_CE)      -0.205    22.426    design_1_i/interrupt_0/U0/interrupt_v1_0_S00_AXI_inst/slv_reg0_reg[18]
  -------------------------------------------------------------------
                         required time                         22.426    
                         arrival time                          -9.064    
  -------------------------------------------------------------------
                         slack                                 13.362    

Slack (MET) :             13.362ns  (required time - arrival time)
  Source:                 design_1_i/processing_system7_0/inst/PS7_i/MAXIGP0ACLK
                            (rising edge-triggered cell PS7 clocked by clk_fpga_0  {rise@0.000ns fall@10.000ns period=20.000ns})
  Destination:            design_1_i/interrupt_0/U0/interrupt_v1_0_S00_AXI_inst/slv_reg0_reg[19]/CE
                            (rising edge-triggered cell FDRE clocked by clk_fpga_0  {rise@0.000ns fall@10.000ns period=20.000ns})
  Path Group:             clk_fpga_0
  Path Type:              Setup (Max at Slow Process Corner)
  Requirement:            20.000ns  (clk_fpga_0 rise@20.000ns - clk_fpga_0 rise@0.000ns)
  Data Path Delay:        6.033ns  (logic 1.958ns (32.454%)  route 4.075ns (67.546%))
  Logic Levels:           3  (LUT4=2 LUT5=1)
  Clock Path Skew:        -0.098ns (DCD - SCD + CPR)
    Destination Clock Delay (DCD):    2.704ns = ( 22.704 - 20.000 ) 
    Source Clock Delay      (SCD):    3.031ns
    Clock Pessimism Removal (CPR):    0.229ns
  Clock Uncertainty:      0.302ns  ((TSJ^2 + TIJ^2)^1/2 + DJ) / 2 + PE
    Total System Jitter     (TSJ):    0.071ns
    Total Input Jitter      (TIJ):    0.600ns
    Discrete Jitter          (DJ):    0.000ns
    Phase Error              (PE):    0.000ns

    Location             Delay type                Incr(ns)  Path(ns)    Netlist Resource(s)
  -------------------------------------------------------------------    -------------------
                         (clock clk_fpga_0 rise edge)
                                                      0.000     0.000 r  
    PS7_X0Y0             PS7                          0.000     0.000 r  design_1_i/processing_system7_0/inst/PS7_i/FCLKCLK[0]
                         net (fo=1, routed)           1.193     1.193    design_1_i/processing_system7_0/inst/FCLK_CLK_unbuffered[0]
    BUFGCTRL_X0Y16       BUFG (Prop_bufg_I_O)         0.101     1.294 r  design_1_i/processing_system7_0/inst/buffer_fclk_clk_0.FCLK_CLK_0_BUFG/O
                         net (fo=832, routed)         1.737     3.031    design_1_i/processing_system7_0/inst/M_AXI_GP0_ACLK
    PS7_X0Y0             PS7                                          r  design_1_i/processing_system7_0/inst/PS7_i/MAXIGP0ACLK
  -------------------------------------------------------------------    -------------------
    PS7_X0Y0             PS7 (Prop_ps7_MAXIGP0ACLK_MAXIGP0WVALID)
                                                      1.334     4.365 r  design_1_i/processing_system7_0/inst/PS7_i/MAXIGP0WVALID
                         net (fo=8, routed)           1.639     6.003    design_1_i/ps7_0_axi_periph/xbar/inst/gen_sasd.crossbar_sasd_0/addr_arbiter_inst/s_axi_wvalid[0]
    SLICE_X34Y102        LUT5 (Prop_lut5_I1_O)        0.152     6.155 r  design_1_i/ps7_0_axi_periph/xbar/inst/gen_sasd.crossbar_sasd_0/addr_arbiter_inst/m_axi_wvalid[0]_INST_0/O
                         net (fo=7, routed)           0.775     6.931    design_1_i/interrupt_0/U0/interrupt_v1_0_S00_AXI_inst/s00_axi_wvalid
    SLICE_X33Y100        LUT4 (Prop_lut4_I3_O)        0.348     7.279 r  design_1_i/interrupt_0/U0/interrupt_v1_0_S00_AXI_inst/slv_reg0[31]_i_2/O
                         net (fo=4, routed)           1.093     8.372    design_1_i/interrupt_0/U0/interrupt_v1_0_S00_AXI_inst/slv_reg_wren__2
    SLICE_X28Y96         LUT4 (Prop_lut4_I0_O)        0.124     8.496 r  design_1_i/interrupt_0/U0/interrupt_v1_0_S00_AXI_inst/slv_reg0[23]_i_1/O
                         net (fo=8, routed)           0.568     9.064    design_1_i/interrupt_0/U0/interrupt_v1_0_S00_AXI_inst/p_0_in[23]
    SLICE_X28Y96         FDRE                                         r  design_1_i/interrupt_0/U0/interrupt_v1_0_S00_AXI_inst/slv_reg0_reg[19]/CE
  -------------------------------------------------------------------    -------------------

                         (clock clk_fpga_0 rise edge)
                                                     20.000    20.000 r  
    PS7_X0Y0             PS7                          0.000    20.000 r  design_1_i/processing_system7_0/inst/PS7_i/FCLKCLK[0]
                         net (fo=1, routed)           1.088    21.088    design_1_i/processing_system7_0/inst/FCLK_CLK_unbuffered[0]
    BUFGCTRL_X0Y16       BUFG (Prop_bufg_I_O)         0.091    21.179 r  design_1_i/processing_system7_0/inst/buffer_fclk_clk_0.FCLK_CLK_0_BUFG/O
                         net (fo=832, routed)         1.525    22.704    design_1_i/interrupt_0/U0/interrupt_v1_0_S00_AXI_inst/s00_axi_aclk
    SLICE_X28Y96         FDRE                                         r  design_1_i/interrupt_0/U0/interrupt_v1_0_S00_AXI_inst/slv_reg0_reg[19]/C
                         clock pessimism              0.229    22.933    
                         clock uncertainty           -0.302    22.631    
    SLICE_X28Y96         FDRE (Setup_fdre_C_CE)      -0.205    22.426    design_1_i/interrupt_0/U0/interrupt_v1_0_S00_AXI_inst/slv_reg0_reg[19]
  -------------------------------------------------------------------
                         required time                         22.426    
                         arrival time                          -9.064    
  -------------------------------------------------------------------
                         slack                                 13.362    

Slack (MET) :             13.362ns  (required time - arrival time)
  Source:                 design_1_i/processing_system7_0/inst/PS7_i/MAXIGP0ACLK
                            (rising edge-triggered cell PS7 clocked by clk_fpga_0  {rise@0.000ns fall@10.000ns period=20.000ns})
  Destination:            design_1_i/interrupt_0/U0/interrupt_v1_0_S00_AXI_inst/slv_reg0_reg[20]/CE
                            (rising edge-triggered cell FDRE clocked by clk_fpga_0  {rise@0.000ns fall@10.000ns period=20.000ns})
  Path Group:             clk_fpga_0
  Path Type:              Setup (Max at Slow Process Corner)
  Requirement:            20.000ns  (clk_fpga_0 rise@20.000ns - clk_fpga_0 rise@0.000ns)
  Data Path Delay:        6.033ns  (logic 1.958ns (32.454%)  route 4.075ns (67.546%))
  Logic Levels:           3  (LUT4=2 LUT5=1)
  Clock Path Skew:        -0.098ns (DCD - SCD + CPR)
    Destination Clock Delay (DCD):    2.704ns = ( 22.704 - 20.000 ) 
    Source Clock Delay      (SCD):    3.031ns
    Clock Pessimism Removal (CPR):    0.229ns
  Clock Uncertainty:      0.302ns  ((TSJ^2 + TIJ^2)^1/2 + DJ) / 2 + PE
    Total System Jitter     (TSJ):    0.071ns
    Total Input Jitter      (TIJ):    0.600ns
    Discrete Jitter          (DJ):    0.000ns
    Phase Error              (PE):    0.000ns

    Location             Delay type                Incr(ns)  Path(ns)    Netlist Resource(s)
  -------------------------------------------------------------------    -------------------
                         (clock clk_fpga_0 rise edge)
                                                      0.000     0.000 r  
    PS7_X0Y0             PS7                          0.000     0.000 r  design_1_i/processing_system7_0/inst/PS7_i/FCLKCLK[0]
                         net (fo=1, routed)           1.193     1.193    design_1_i/processing_system7_0/inst/FCLK_CLK_unbuffered[0]
    BUFGCTRL_X0Y16       BUFG (Prop_bufg_I_O)         0.101     1.294 r  design_1_i/processing_system7_0/inst/buffer_fclk_clk_0.FCLK_CLK_0_BUFG/O
                         net (fo=832, routed)         1.737     3.031    design_1_i/processing_system7_0/inst/M_AXI_GP0_ACLK
    PS7_X0Y0             PS7                                          r  design_1_i/processing_system7_0/inst/PS7_i/MAXIGP0ACLK
  -------------------------------------------------------------------    -------------------
    PS7_X0Y0             PS7 (Prop_ps7_MAXIGP0ACLK_MAXIGP0WVALID)
                                                      1.334     4.365 r  design_1_i/processing_system7_0/inst/PS7_i/MAXIGP0WVALID
                         net (fo=8, routed)           1.639     6.003    design_1_i/ps7_0_axi_periph/xbar/inst/gen_sasd.crossbar_sasd_0/addr_arbiter_inst/s_axi_wvalid[0]
    SLICE_X34Y102        LUT5 (Prop_lut5_I1_O)        0.152     6.155 r  design_1_i/ps7_0_axi_periph/xbar/inst/gen_sasd.crossbar_sasd_0/addr_arbiter_inst/m_axi_wvalid[0]_INST_0/O
                         net (fo=7, routed)           0.775     6.931    design_1_i/interrupt_0/U0/interrupt_v1_0_S00_AXI_inst/s00_axi_wvalid
    SLICE_X33Y100        LUT4 (Prop_lut4_I3_O)        0.348     7.279 r  design_1_i/interrupt_0/U0/interrupt_v1_0_S00_AXI_inst/slv_reg0[31]_i_2/O
                         net (fo=4, routed)           1.093     8.372    design_1_i/interrupt_0/U0/interrupt_v1_0_S00_AXI_inst/slv_reg_wren__2
    SLICE_X28Y96         LUT4 (Prop_lut4_I0_O)        0.124     8.496 r  design_1_i/interrupt_0/U0/interrupt_v1_0_S00_AXI_inst/slv_reg0[23]_i_1/O
                         net (fo=8, routed)           0.568     9.064    design_1_i/interrupt_0/U0/interrupt_v1_0_S00_AXI_inst/p_0_in[23]
    SLICE_X28Y96         FDRE                                         r  design_1_i/interrupt_0/U0/interrupt_v1_0_S00_AXI_inst/slv_reg0_reg[20]/CE
  -------------------------------------------------------------------    -------------------

                         (clock clk_fpga_0 rise edge)
                                                     20.000    20.000 r  
    PS7_X0Y0             PS7                          0.000    20.000 r  design_1_i/processing_system7_0/inst/PS7_i/FCLKCLK[0]
                         net (fo=1, routed)           1.088    21.088    design_1_i/processing_system7_0/inst/FCLK_CLK_unbuffered[0]
    BUFGCTRL_X0Y16       BUFG (Prop_bufg_I_O)         0.091    21.179 r  design_1_i/processing_system7_0/inst/buffer_fclk_clk_0.FCLK_CLK_0_BUFG/O
                         net (fo=832, routed)         1.525    22.704    design_1_i/interrupt_0/U0/interrupt_v1_0_S00_AXI_inst/s00_axi_aclk
    SLICE_X28Y96         FDRE                                         r  design_1_i/interrupt_0/U0/interrupt_v1_0_S00_AXI_inst/slv_reg0_reg[20]/C
                         clock pessimism              0.229    22.933    
                         clock uncertainty           -0.302    22.631    
    SLICE_X28Y96         FDRE (Setup_fdre_C_CE)      -0.205    22.426    design_1_i/interrupt_0/U0/interrupt_v1_0_S00_AXI_inst/slv_reg0_reg[20]
  -------------------------------------------------------------------
                         required time                         22.426    
                         arrival time                          -9.064    
  -------------------------------------------------------------------
                         slack                                 13.362    

Slack (MET) :             13.362ns  (required time - arrival time)
  Source:                 design_1_i/processing_system7_0/inst/PS7_i/MAXIGP0ACLK
                            (rising edge-triggered cell PS7 clocked by clk_fpga_0  {rise@0.000ns fall@10.000ns period=20.000ns})
  Destination:            design_1_i/interrupt_0/U0/interrupt_v1_0_S00_AXI_inst/slv_reg0_reg[21]/CE
                            (rising edge-triggered cell FDRE clocked by clk_fpga_0  {rise@0.000ns fall@10.000ns period=20.000ns})
  Path Group:             clk_fpga_0
  Path Type:              Setup (Max at Slow Process Corner)
  Requirement:            20.000ns  (clk_fpga_0 rise@20.000ns - clk_fpga_0 rise@0.000ns)
  Data Path Delay:        6.033ns  (logic 1.958ns (32.454%)  route 4.075ns (67.546%))
  Logic Levels:           3  (LUT4=2 LUT5=1)
  Clock Path Skew:        -0.098ns (DCD - SCD + CPR)
    Destination Clock Delay (DCD):    2.704ns = ( 22.704 - 20.000 ) 
    Source Clock Delay      (SCD):    3.031ns
    Clock Pessimism Removal (CPR):    0.229ns
  Clock Uncertainty:      0.302ns  ((TSJ^2 + TIJ^2)^1/2 + DJ) / 2 + PE
    Total System Jitter     (TSJ):    0.071ns
    Total Input Jitter      (TIJ):    0.600ns
    Discrete Jitter          (DJ):    0.000ns
    Phase Error              (PE):    0.000ns

    Location             Delay type                Incr(ns)  Path(ns)    Netlist Resource(s)
  -------------------------------------------------------------------    -------------------
                         (clock clk_fpga_0 rise edge)
                                                      0.000     0.000 r  
    PS7_X0Y0             PS7                          0.000     0.000 r  design_1_i/processing_system7_0/inst/PS7_i/FCLKCLK[0]
                         net (fo=1, routed)           1.193     1.193    design_1_i/processing_system7_0/inst/FCLK_CLK_unbuffered[0]
    BUFGCTRL_X0Y16       BUFG (Prop_bufg_I_O)         0.101     1.294 r  design_1_i/processing_system7_0/inst/buffer_fclk_clk_0.FCLK_CLK_0_BUFG/O
                         net (fo=832, routed)         1.737     3.031    design_1_i/processing_system7_0/inst/M_AXI_GP0_ACLK
    PS7_X0Y0             PS7                                          r  design_1_i/processing_system7_0/inst/PS7_i/MAXIGP0ACLK
  -------------------------------------------------------------------    -------------------
    PS7_X0Y0             PS7 (Prop_ps7_MAXIGP0ACLK_MAXIGP0WVALID)
                                                      1.334     4.365 r  design_1_i/processing_system7_0/inst/PS7_i/MAXIGP0WVALID
                         net (fo=8, routed)           1.639     6.003    design_1_i/ps7_0_axi_periph/xbar/inst/gen_sasd.crossbar_sasd_0/addr_arbiter_inst/s_axi_wvalid[0]
    SLICE_X34Y102        LUT5 (Prop_lut5_I1_O)        0.152     6.155 r  design_1_i/ps7_0_axi_periph/xbar/inst/gen_sasd.crossbar_sasd_0/addr_arbiter_inst/m_axi_wvalid[0]_INST_0/O
                         net (fo=7, routed)           0.775     6.931    design_1_i/interrupt_0/U0/interrupt_v1_0_S00_AXI_inst/s00_axi_wvalid
    SLICE_X33Y100        LUT4 (Prop_lut4_I3_O)        0.348     7.279 r  design_1_i/interrupt_0/U0/interrupt_v1_0_S00_AXI_inst/slv_reg0[31]_i_2/O
                         net (fo=4, routed)           1.093     8.372    design_1_i/interrupt_0/U0/interrupt_v1_0_S00_AXI_inst/slv_reg_wren__2
    SLICE_X28Y96         LUT4 (Prop_lut4_I0_O)        0.124     8.496 r  design_1_i/interrupt_0/U0/interrupt_v1_0_S00_AXI_inst/slv_reg0[23]_i_1/O
                         net (fo=8, routed)           0.568     9.064    design_1_i/interrupt_0/U0/interrupt_v1_0_S00_AXI_inst/p_0_in[23]
    SLICE_X28Y96         FDRE                                         r  design_1_i/interrupt_0/U0/interrupt_v1_0_S00_AXI_inst/slv_reg0_reg[21]/CE
  -------------------------------------------------------------------    -------------------

                         (clock clk_fpga_0 rise edge)
                                                     20.000    20.000 r  
    PS7_X0Y0             PS7                          0.000    20.000 r  design_1_i/processing_system7_0/inst/PS7_i/FCLKCLK[0]
                         net (fo=1, routed)           1.088    21.088    design_1_i/processing_system7_0/inst/FCLK_CLK_unbuffered[0]
    BUFGCTRL_X0Y16       BUFG (Prop_bufg_I_O)         0.091    21.179 r  design_1_i/processing_system7_0/inst/buffer_fclk_clk_0.FCLK_CLK_0_BUFG/O
                         net (fo=832, routed)         1.525    22.704    design_1_i/interrupt_0/U0/interrupt_v1_0_S00_AXI_inst/s00_axi_aclk
    SLICE_X28Y96         FDRE                                         r  design_1_i/interrupt_0/U0/interrupt_v1_0_S00_AXI_inst/slv_reg0_reg[21]/C
                         clock pessimism              0.229    22.933    
                         clock uncertainty           -0.302    22.631    
    SLICE_X28Y96         FDRE (Setup_fdre_C_CE)      -0.205    22.426    design_1_i/interrupt_0/U0/interrupt_v1_0_S00_AXI_inst/slv_reg0_reg[21]
  -------------------------------------------------------------------
                         required time                         22.426    
                         arrival time                          -9.064    
  -------------------------------------------------------------------
                         slack                                 13.362    

Slack (MET) :             13.362ns  (required time - arrival time)
  Source:                 design_1_i/processing_system7_0/inst/PS7_i/MAXIGP0ACLK
                            (rising edge-triggered cell PS7 clocked by clk_fpga_0  {rise@0.000ns fall@10.000ns period=20.000ns})
  Destination:            design_1_i/interrupt_0/U0/interrupt_v1_0_S00_AXI_inst/slv_reg0_reg[22]/CE
                            (rising edge-triggered cell FDRE clocked by clk_fpga_0  {rise@0.000ns fall@10.000ns period=20.000ns})
  Path Group:             clk_fpga_0
  Path Type:              Setup (Max at Slow Process Corner)
  Requirement:            20.000ns  (clk_fpga_0 rise@20.000ns - clk_fpga_0 rise@0.000ns)
  Data Path Delay:        6.033ns  (logic 1.958ns (32.454%)  route 4.075ns (67.546%))
  Logic Levels:           3  (LUT4=2 LUT5=1)
  Clock Path Skew:        -0.098ns (DCD - SCD + CPR)
    Destination Clock Delay (DCD):    2.704ns = ( 22.704 - 20.000 ) 
    Source Clock Delay      (SCD):    3.031ns
    Clock Pessimism Removal (CPR):    0.229ns
  Clock Uncertainty:      0.302ns  ((TSJ^2 + TIJ^2)^1/2 + DJ) / 2 + PE
    Total System Jitter     (TSJ):    0.071ns
    Total Input Jitter      (TIJ):    0.600ns
    Discrete Jitter          (DJ):    0.000ns
    Phase Error              (PE):    0.000ns

    Location             Delay type                Incr(ns)  Path(ns)    Netlist Resource(s)
  -------------------------------------------------------------------    -------------------
                         (clock clk_fpga_0 rise edge)
                                                      0.000     0.000 r  
    PS7_X0Y0             PS7                          0.000     0.000 r  design_1_i/processing_system7_0/inst/PS7_i/FCLKCLK[0]
                         net (fo=1, routed)           1.193     1.193    design_1_i/processing_system7_0/inst/FCLK_CLK_unbuffered[0]
    BUFGCTRL_X0Y16       BUFG (Prop_bufg_I_O)         0.101     1.294 r  design_1_i/processing_system7_0/inst/buffer_fclk_clk_0.FCLK_CLK_0_BUFG/O
                         net (fo=832, routed)         1.737     3.031    design_1_i/processing_system7_0/inst/M_AXI_GP0_ACLK
    PS7_X0Y0             PS7                                          r  design_1_i/processing_system7_0/inst/PS7_i/MAXIGP0ACLK
  -------------------------------------------------------------------    -------------------
    PS7_X0Y0             PS7 (Prop_ps7_MAXIGP0ACLK_MAXIGP0WVALID)
                                                      1.334     4.365 r  design_1_i/processing_system7_0/inst/PS7_i/MAXIGP0WVALID
                         net (fo=8, routed)           1.639     6.003    design_1_i/ps7_0_axi_periph/xbar/inst/gen_sasd.crossbar_sasd_0/addr_arbiter_inst/s_axi_wvalid[0]
    SLICE_X34Y102        LUT5 (Prop_lut5_I1_O)        0.152     6.155 r  design_1_i/ps7_0_axi_periph/xbar/inst/gen_sasd.crossbar_sasd_0/addr_arbiter_inst/m_axi_wvalid[0]_INST_0/O
                         net (fo=7, routed)           0.775     6.931    design_1_i/interrupt_0/U0/interrupt_v1_0_S00_AXI_inst/s00_axi_wvalid
    SLICE_X33Y100        LUT4 (Prop_lut4_I3_O)        0.348     7.279 r  design_1_i/interrupt_0/U0/interrupt_v1_0_S00_AXI_inst/slv_reg0[31]_i_2/O
                         net (fo=4, routed)           1.093     8.372    design_1_i/interrupt_0/U0/interrupt_v1_0_S00_AXI_inst/slv_reg_wren__2
    SLICE_X28Y96         LUT4 (Prop_lut4_I0_O)        0.124     8.496 r  design_1_i/interrupt_0/U0/interrupt_v1_0_S00_AXI_inst/slv_reg0[23]_i_1/O
                         net (fo=8, routed)           0.568     9.064    design_1_i/interrupt_0/U0/interrupt_v1_0_S00_AXI_inst/p_0_in[23]
    SLICE_X28Y96         FDRE                                         r  design_1_i/interrupt_0/U0/interrupt_v1_0_S00_AXI_inst/slv_reg0_reg[22]/CE
  -------------------------------------------------------------------    -------------------

                         (clock clk_fpga_0 rise edge)
                                                     20.000    20.000 r  
    PS7_X0Y0             PS7                          0.000    20.000 r  design_1_i/processing_system7_0/inst/PS7_i/FCLKCLK[0]
                         net (fo=1, routed)           1.088    21.088    design_1_i/processing_system7_0/inst/FCLK_CLK_unbuffered[0]
    BUFGCTRL_X0Y16       BUFG (Prop_bufg_I_O)         0.091    21.179 r  design_1_i/processing_system7_0/inst/buffer_fclk_clk_0.FCLK_CLK_0_BUFG/O
                         net (fo=832, routed)         1.525    22.704    design_1_i/interrupt_0/U0/interrupt_v1_0_S00_AXI_inst/s00_axi_aclk
    SLICE_X28Y96         FDRE                                         r  design_1_i/interrupt_0/U0/interrupt_v1_0_S00_AXI_inst/slv_reg0_reg[22]/C
                         clock pessimism              0.229    22.933    
                         clock uncertainty           -0.302    22.631    
    SLICE_X28Y96         FDRE (Setup_fdre_C_CE)      -0.205    22.426    design_1_i/interrupt_0/U0/interrupt_v1_0_S00_AXI_inst/slv_reg0_reg[22]
  -------------------------------------------------------------------
                         required time                         22.426    
                         arrival time                          -9.064    
  -------------------------------------------------------------------
                         slack                                 13.362    





Min Delay Paths
--------------------------------------------------------------------------------------
Slack (MET) :             0.055ns  (arrival time - required time)
  Source:                 design_1_i/ps7_0_axi_periph/xbar/inst/gen_sasd.crossbar_sasd_0/reg_slice_r/m_payload_i_reg[11]/C
                            (rising edge-triggered cell FDRE clocked by clk_fpga_0  {rise@0.000ns fall@10.000ns period=20.000ns})
  Destination:            design_1_i/ps7_0_axi_periph/s00_couplers/auto_pc/inst/gen_axilite.gen_b2s_conv.axilite_b2s/RD.r_channel_0/rd_data_fifo_0/memory_reg[31][8]_srl32/D
                            (rising edge-triggered cell SRLC32E clocked by clk_fpga_0  {rise@0.000ns fall@10.000ns period=20.000ns})
  Path Group:             clk_fpga_0
  Path Type:              Hold (Min at Fast Process Corner)
  Requirement:            0.000ns  (clk_fpga_0 rise@0.000ns - clk_fpga_0 rise@0.000ns)
  Data Path Delay:        0.251ns  (logic 0.141ns (56.174%)  route 0.110ns (43.826%))
  Logic Levels:           0  
  Clock Path Skew:        0.013ns (DCD - SCD - CPR)
    Destination Clock Delay (DCD):    1.190ns
    Source Clock Delay      (SCD):    0.893ns
    Clock Pessimism Removal (CPR):    0.284ns

    Location             Delay type                Incr(ns)  Path(ns)    Netlist Resource(s)
  -------------------------------------------------------------------    -------------------
                         (clock clk_fpga_0 rise edge)
                                                      0.000     0.000 r  
    PS7_X0Y0             PS7                          0.000     0.000 r  design_1_i/processing_system7_0/inst/PS7_i/FCLKCLK[0]
                         net (fo=1, routed)           0.310     0.310    design_1_i/processing_system7_0/inst/FCLK_CLK_unbuffered[0]
    BUFGCTRL_X0Y16       BUFG (Prop_bufg_I_O)         0.026     0.336 r  design_1_i/processing_system7_0/inst/buffer_fclk_clk_0.FCLK_CLK_0_BUFG/O
                         net (fo=832, routed)         0.557     0.893    design_1_i/ps7_0_axi_periph/xbar/inst/gen_sasd.crossbar_sasd_0/reg_slice_r/aclk
    SLICE_X35Y91         FDRE                                         r  design_1_i/ps7_0_axi_periph/xbar/inst/gen_sasd.crossbar_sasd_0/reg_slice_r/m_payload_i_reg[11]/C
  -------------------------------------------------------------------    -------------------
    SLICE_X35Y91         FDRE (Prop_fdre_C_Q)         0.141     1.034 r  design_1_i/ps7_0_axi_periph/xbar/inst/gen_sasd.crossbar_sasd_0/reg_slice_r/m_payload_i_reg[11]/Q
                         net (fo=1, routed)           0.110     1.144    design_1_i/ps7_0_axi_periph/s00_couplers/auto_pc/inst/gen_axilite.gen_b2s_conv.axilite_b2s/RD.r_channel_0/rd_data_fifo_0/in[8]
    SLICE_X34Y91         SRLC32E                                      r  design_1_i/ps7_0_axi_periph/s00_couplers/auto_pc/inst/gen_axilite.gen_b2s_conv.axilite_b2s/RD.r_channel_0/rd_data_fifo_0/memory_reg[31][8]_srl32/D
  -------------------------------------------------------------------    -------------------

                         (clock clk_fpga_0 rise edge)
                                                      0.000     0.000 r  
    PS7_X0Y0             PS7                          0.000     0.000 r  design_1_i/processing_system7_0/inst/PS7_i/FCLKCLK[0]
                         net (fo=1, routed)           0.337     0.337    design_1_i/processing_system7_0/inst/FCLK_CLK_unbuffered[0]
    BUFGCTRL_X0Y16       BUFG (Prop_bufg_I_O)         0.029     0.366 r  design_1_i/processing_system7_0/inst/buffer_fclk_clk_0.FCLK_CLK_0_BUFG/O
                         net (fo=832, routed)         0.824     1.190    design_1_i/ps7_0_axi_periph/s00_couplers/auto_pc/inst/gen_axilite.gen_b2s_conv.axilite_b2s/RD.r_channel_0/rd_data_fifo_0/aclk
    SLICE_X34Y91         SRLC32E                                      r  design_1_i/ps7_0_axi_periph/s00_couplers/auto_pc/inst/gen_axilite.gen_b2s_conv.axilite_b2s/RD.r_channel_0/rd_data_fifo_0/memory_reg[31][8]_srl32/CLK
                         clock pessimism             -0.284     0.906    
    SLICE_X34Y91         SRLC32E (Hold_srlc32e_CLK_D)
                                                      0.183     1.089    design_1_i/ps7_0_axi_periph/s00_couplers/auto_pc/inst/gen_axilite.gen_b2s_conv.axilite_b2s/RD.r_channel_0/rd_data_fifo_0/memory_reg[31][8]_srl32
  -------------------------------------------------------------------
                         required time                         -1.089    
                         arrival time                           1.144    
  -------------------------------------------------------------------
                         slack                                  0.055    

Slack (MET) :             0.057ns  (arrival time - required time)
  Source:                 design_1_i/ps7_0_axi_periph/s00_couplers/auto_pc/inst/gen_axilite.gen_b2s_conv.axilite_b2s/SI_REG/ar.ar_pipe/aresetn_d_reg[1]_inv/C
                            (rising edge-triggered cell FDRE clocked by clk_fpga_0  {rise@0.000ns fall@10.000ns period=20.000ns})
  Destination:            design_1_i/ps7_0_axi_periph/s00_couplers/auto_pc/inst/gen_axilite.gen_b2s_conv.axilite_b2s/SI_REG/aw.aw_pipe/m_valid_i_reg/R
                            (rising edge-triggered cell FDRE clocked by clk_fpga_0  {rise@0.000ns fall@10.000ns period=20.000ns})
  Path Group:             clk_fpga_0
  Path Type:              Hold (Min at Fast Process Corner)
  Requirement:            0.000ns  (clk_fpga_0 rise@0.000ns - clk_fpga_0 rise@0.000ns)
  Data Path Delay:        0.414ns  (logic 0.141ns (34.044%)  route 0.273ns (65.956%))
  Logic Levels:           0  
  Clock Path Skew:        0.348ns (DCD - SCD - CPR)
    Destination Clock Delay (DCD):    1.278ns
    Source Clock Delay      (SCD):    0.895ns
    Clock Pessimism Removal (CPR):    0.035ns

    Location             Delay type                Incr(ns)  Path(ns)    Netlist Resource(s)
  -------------------------------------------------------------------    -------------------
                         (clock clk_fpga_0 rise edge)
                                                      0.000     0.000 r  
    PS7_X0Y0             PS7                          0.000     0.000 r  design_1_i/processing_system7_0/inst/PS7_i/FCLKCLK[0]
                         net (fo=1, routed)           0.310     0.310    design_1_i/processing_system7_0/inst/FCLK_CLK_unbuffered[0]
    BUFGCTRL_X0Y16       BUFG (Prop_bufg_I_O)         0.026     0.336 r  design_1_i/processing_system7_0/inst/buffer_fclk_clk_0.FCLK_CLK_0_BUFG/O
                         net (fo=832, routed)         0.559     0.895    design_1_i/ps7_0_axi_periph/s00_couplers/auto_pc/inst/gen_axilite.gen_b2s_conv.axilite_b2s/SI_REG/ar.ar_pipe/aclk
    SLICE_X35Y97         FDRE                                         r  design_1_i/ps7_0_axi_periph/s00_couplers/auto_pc/inst/gen_axilite.gen_b2s_conv.axilite_b2s/SI_REG/ar.ar_pipe/aresetn_d_reg[1]_inv/C
  -------------------------------------------------------------------    -------------------
    SLICE_X35Y97         FDRE (Prop_fdre_C_Q)         0.141     1.036 r  design_1_i/ps7_0_axi_periph/s00_couplers/auto_pc/inst/gen_axilite.gen_b2s_conv.axilite_b2s/SI_REG/ar.ar_pipe/aresetn_d_reg[1]_inv/Q
                         net (fo=4, routed)           0.273     1.309    design_1_i/ps7_0_axi_periph/s00_couplers/auto_pc/inst/gen_axilite.gen_b2s_conv.axilite_b2s/SI_REG/aw.aw_pipe/m_valid_i_reg_1
    SLICE_X32Y101        FDRE                                         r  design_1_i/ps7_0_axi_periph/s00_couplers/auto_pc/inst/gen_axilite.gen_b2s_conv.axilite_b2s/SI_REG/aw.aw_pipe/m_valid_i_reg/R
  -------------------------------------------------------------------    -------------------

                         (clock clk_fpga_0 rise edge)
                                                      0.000     0.000 r  
    PS7_X0Y0             PS7                          0.000     0.000 r  design_1_i/processing_system7_0/inst/PS7_i/FCLKCLK[0]
                         net (fo=1, routed)           0.337     0.337    design_1_i/processing_system7_0/inst/FCLK_CLK_unbuffered[0]
    BUFGCTRL_X0Y16       BUFG (Prop_bufg_I_O)         0.029     0.366 r  design_1_i/processing_system7_0/inst/buffer_fclk_clk_0.FCLK_CLK_0_BUFG/O
                         net (fo=832, routed)         0.912     1.278    design_1_i/ps7_0_axi_periph/s00_couplers/auto_pc/inst/gen_axilite.gen_b2s_conv.axilite_b2s/SI_REG/aw.aw_pipe/aclk
    SLICE_X32Y101        FDRE                                         r  design_1_i/ps7_0_axi_periph/s00_couplers/auto_pc/inst/gen_axilite.gen_b2s_conv.axilite_b2s/SI_REG/aw.aw_pipe/m_valid_i_reg/C
                         clock pessimism             -0.035     1.243    
    SLICE_X32Y101        FDRE (Hold_fdre_C_R)         0.009     1.252    design_1_i/ps7_0_axi_periph/s00_couplers/auto_pc/inst/gen_axilite.gen_b2s_conv.axilite_b2s/SI_REG/aw.aw_pipe/m_valid_i_reg
  -------------------------------------------------------------------
                         required time                         -1.252    
                         arrival time                           1.309    
  -------------------------------------------------------------------
                         slack                                  0.057    

Slack (MET) :             0.057ns  (arrival time - required time)
  Source:                 design_1_i/ps7_0_axi_periph/s00_couplers/auto_pc/inst/gen_axilite.gen_b2s_conv.axilite_b2s/SI_REG/ar.ar_pipe/aresetn_d_reg[1]_inv/C
                            (rising edge-triggered cell FDRE clocked by clk_fpga_0  {rise@0.000ns fall@10.000ns period=20.000ns})
  Destination:            design_1_i/ps7_0_axi_periph/s00_couplers/auto_pc/inst/gen_axilite.gen_b2s_conv.axilite_b2s/SI_REG/b.b_pipe/m_valid_i_reg/R
                            (rising edge-triggered cell FDRE clocked by clk_fpga_0  {rise@0.000ns fall@10.000ns period=20.000ns})
  Path Group:             clk_fpga_0
  Path Type:              Hold (Min at Fast Process Corner)
  Requirement:            0.000ns  (clk_fpga_0 rise@0.000ns - clk_fpga_0 rise@0.000ns)
  Data Path Delay:        0.414ns  (logic 0.141ns (34.044%)  route 0.273ns (65.956%))
  Logic Levels:           0  
  Clock Path Skew:        0.348ns (DCD - SCD - CPR)
    Destination Clock Delay (DCD):    1.278ns
    Source Clock Delay      (SCD):    0.895ns
    Clock Pessimism Removal (CPR):    0.035ns

    Location             Delay type                Incr(ns)  Path(ns)    Netlist Resource(s)
  -------------------------------------------------------------------    -------------------
                         (clock clk_fpga_0 rise edge)
                                                      0.000     0.000 r  
    PS7_X0Y0             PS7                          0.000     0.000 r  design_1_i/processing_system7_0/inst/PS7_i/FCLKCLK[0]
                         net (fo=1, routed)           0.310     0.310    design_1_i/processing_system7_0/inst/FCLK_CLK_unbuffered[0]
    BUFGCTRL_X0Y16       BUFG (Prop_bufg_I_O)         0.026     0.336 r  design_1_i/processing_system7_0/inst/buffer_fclk_clk_0.FCLK_CLK_0_BUFG/O
                         net (fo=832, routed)         0.559     0.895    design_1_i/ps7_0_axi_periph/s00_couplers/auto_pc/inst/gen_axilite.gen_b2s_conv.axilite_b2s/SI_REG/ar.ar_pipe/aclk
    SLICE_X35Y97         FDRE                                         r  design_1_i/ps7_0_axi_periph/s00_couplers/auto_pc/inst/gen_axilite.gen_b2s_conv.axilite_b2s/SI_REG/ar.ar_pipe/aresetn_d_reg[1]_inv/C
  -------------------------------------------------------------------    -------------------
    SLICE_X35Y97         FDRE (Prop_fdre_C_Q)         0.141     1.036 r  design_1_i/ps7_0_axi_periph/s00_couplers/auto_pc/inst/gen_axilite.gen_b2s_conv.axilite_b2s/SI_REG/ar.ar_pipe/aresetn_d_reg[1]_inv/Q
                         net (fo=4, routed)           0.273     1.309    design_1_i/ps7_0_axi_periph/s00_couplers/auto_pc/inst/gen_axilite.gen_b2s_conv.axilite_b2s/SI_REG/b.b_pipe/m_valid_i_reg_1
    SLICE_X32Y101        FDRE                                         r  design_1_i/ps7_0_axi_periph/s00_couplers/auto_pc/inst/gen_axilite.gen_b2s_conv.axilite_b2s/SI_REG/b.b_pipe/m_valid_i_reg/R
  -------------------------------------------------------------------    -------------------

                         (clock clk_fpga_0 rise edge)
                                                      0.000     0.000 r  
    PS7_X0Y0             PS7                          0.000     0.000 r  design_1_i/processing_system7_0/inst/PS7_i/FCLKCLK[0]
                         net (fo=1, routed)           0.337     0.337    design_1_i/processing_system7_0/inst/FCLK_CLK_unbuffered[0]
    BUFGCTRL_X0Y16       BUFG (Prop_bufg_I_O)         0.029     0.366 r  design_1_i/processing_system7_0/inst/buffer_fclk_clk_0.FCLK_CLK_0_BUFG/O
                         net (fo=832, routed)         0.912     1.278    design_1_i/ps7_0_axi_periph/s00_couplers/auto_pc/inst/gen_axilite.gen_b2s_conv.axilite_b2s/SI_REG/b.b_pipe/aclk
    SLICE_X32Y101        FDRE                                         r  design_1_i/ps7_0_axi_periph/s00_couplers/auto_pc/inst/gen_axilite.gen_b2s_conv.axilite_b2s/SI_REG/b.b_pipe/m_valid_i_reg/C
                         clock pessimism             -0.035     1.243    
    SLICE_X32Y101        FDRE (Hold_fdre_C_R)         0.009     1.252    design_1_i/ps7_0_axi_periph/s00_couplers/auto_pc/inst/gen_axilite.gen_b2s_conv.axilite_b2s/SI_REG/b.b_pipe/m_valid_i_reg
  -------------------------------------------------------------------
                         required time                         -1.252    
                         arrival time                           1.309    
  -------------------------------------------------------------------
                         slack                                  0.057    

Slack (MET) :             0.058ns  (arrival time - required time)
  Source:                 design_1_i/ps7_0_axi_periph/s00_couplers/auto_pc/inst/gen_axilite.gen_b2s_conv.axilite_b2s/SI_REG/aw.aw_pipe/m_payload_i_reg[25]/C
                            (rising edge-triggered cell FDRE clocked by clk_fpga_0  {rise@0.000ns fall@10.000ns period=20.000ns})
  Destination:            design_1_i/ps7_0_axi_periph/xbar/inst/gen_sasd.crossbar_sasd_0/addr_arbiter_inst/gen_no_arbiter.m_amesg_i_reg[26]/D
                            (rising edge-triggered cell FDRE clocked by clk_fpga_0  {rise@0.000ns fall@10.000ns period=20.000ns})
  Path Group:             clk_fpga_0
  Path Type:              Hold (Min at Fast Process Corner)
  Requirement:            0.000ns  (clk_fpga_0 rise@0.000ns - clk_fpga_0 rise@0.000ns)
  Data Path Delay:        0.330ns  (logic 0.186ns (56.425%)  route 0.144ns (43.575%))
  Logic Levels:           1  (LUT4=1)
  Clock Path Skew:        0.181ns (DCD - SCD - CPR)
    Destination Clock Delay (DCD):    1.211ns
    Source Clock Delay      (SCD):    0.995ns
    Clock Pessimism Removal (CPR):    0.035ns

    Location             Delay type                Incr(ns)  Path(ns)    Netlist Resource(s)
  -------------------------------------------------------------------    -------------------
                         (clock clk_fpga_0 rise edge)
                                                      0.000     0.000 r  
    PS7_X0Y0             PS7                          0.000     0.000 r  design_1_i/processing_system7_0/inst/PS7_i/FCLKCLK[0]
                         net (fo=1, routed)           0.310     0.310    design_1_i/processing_system7_0/inst/FCLK_CLK_unbuffered[0]
    BUFGCTRL_X0Y16       BUFG (Prop_bufg_I_O)         0.026     0.336 r  design_1_i/processing_system7_0/inst/buffer_fclk_clk_0.FCLK_CLK_0_BUFG/O
                         net (fo=832, routed)         0.659     0.995    design_1_i/ps7_0_axi_periph/s00_couplers/auto_pc/inst/gen_axilite.gen_b2s_conv.axilite_b2s/SI_REG/aw.aw_pipe/aclk
    SLICE_X29Y100        FDRE                                         r  design_1_i/ps7_0_axi_periph/s00_couplers/auto_pc/inst/gen_axilite.gen_b2s_conv.axilite_b2s/SI_REG/aw.aw_pipe/m_payload_i_reg[25]/C
  -------------------------------------------------------------------    -------------------
    SLICE_X29Y100        FDRE (Prop_fdre_C_Q)         0.141     1.136 r  design_1_i/ps7_0_axi_periph/s00_couplers/auto_pc/inst/gen_axilite.gen_b2s_conv.axilite_b2s/SI_REG/aw.aw_pipe/m_payload_i_reg[25]/Q
                         net (fo=1, routed)           0.144     1.280    design_1_i/ps7_0_axi_periph/xbar/inst/gen_sasd.crossbar_sasd_0/addr_arbiter_inst/s_axi_awaddr[25]
    SLICE_X29Y98         LUT4 (Prop_lut4_I3_O)        0.045     1.325 r  design_1_i/ps7_0_axi_periph/xbar/inst/gen_sasd.crossbar_sasd_0/addr_arbiter_inst/gen_no_arbiter.m_amesg_i[26]_i_1/O
                         net (fo=1, routed)           0.000     1.325    design_1_i/ps7_0_axi_periph/xbar/inst/gen_sasd.crossbar_sasd_0/addr_arbiter_inst/s_amesg[26]
    SLICE_X29Y98         FDRE                                         r  design_1_i/ps7_0_axi_periph/xbar/inst/gen_sasd.crossbar_sasd_0/addr_arbiter_inst/gen_no_arbiter.m_amesg_i_reg[26]/D
  -------------------------------------------------------------------    -------------------

                         (clock clk_fpga_0 rise edge)
                                                      0.000     0.000 r  
    PS7_X0Y0             PS7                          0.000     0.000 r  design_1_i/processing_system7_0/inst/PS7_i/FCLKCLK[0]
                         net (fo=1, routed)           0.337     0.337    design_1_i/processing_system7_0/inst/FCLK_CLK_unbuffered[0]
    BUFGCTRL_X0Y16       BUFG (Prop_bufg_I_O)         0.029     0.366 r  design_1_i/processing_system7_0/inst/buffer_fclk_clk_0.FCLK_CLK_0_BUFG/O
                         net (fo=832, routed)         0.845     1.211    design_1_i/ps7_0_axi_periph/xbar/inst/gen_sasd.crossbar_sasd_0/addr_arbiter_inst/aclk
    SLICE_X29Y98         FDRE                                         r  design_1_i/ps7_0_axi_periph/xbar/inst/gen_sasd.crossbar_sasd_0/addr_arbiter_inst/gen_no_arbiter.m_amesg_i_reg[26]/C
                         clock pessimism             -0.035     1.176    
    SLICE_X29Y98         FDRE (Hold_fdre_C_D)         0.091     1.267    design_1_i/ps7_0_axi_periph/xbar/inst/gen_sasd.crossbar_sasd_0/addr_arbiter_inst/gen_no_arbiter.m_amesg_i_reg[26]
  -------------------------------------------------------------------
                         required time                         -1.267    
                         arrival time                           1.325    
  -------------------------------------------------------------------
                         slack                                  0.058    

Slack (MET) :             0.085ns  (arrival time - required time)
  Source:                 design_1_i/ps7_0_axi_periph/s00_couplers/auto_pc/inst/gen_axilite.gen_b2s_conv.axilite_b2s/SI_REG/aw.aw_pipe/m_payload_i_reg[46]/C
                            (rising edge-triggered cell FDRE clocked by clk_fpga_0  {rise@0.000ns fall@10.000ns period=20.000ns})
  Destination:            design_1_i/ps7_0_axi_periph/s00_couplers/auto_pc/inst/gen_axilite.gen_b2s_conv.axilite_b2s/WR.aw_channel_0/s_awlen_r_reg[2]/D
                            (rising edge-triggered cell FDRE clocked by clk_fpga_0  {rise@0.000ns fall@10.000ns period=20.000ns})
  Path Group:             clk_fpga_0
  Path Type:              Hold (Min at Fast Process Corner)
  Requirement:            0.000ns  (clk_fpga_0 rise@0.000ns - clk_fpga_0 rise@0.000ns)
  Data Path Delay:        0.501ns  (logic 0.164ns (32.712%)  route 0.337ns (67.288%))
  Logic Levels:           0  
  Clock Path Skew:        0.350ns (DCD - SCD - CPR)
    Destination Clock Delay (DCD):    1.277ns
    Source Clock Delay      (SCD):    0.892ns
    Clock Pessimism Removal (CPR):    0.035ns

    Location             Delay type                Incr(ns)  Path(ns)    Netlist Resource(s)
  -------------------------------------------------------------------    -------------------
                         (clock clk_fpga_0 rise edge)
                                                      0.000     0.000 r  
    PS7_X0Y0             PS7                          0.000     0.000 r  design_1_i/processing_system7_0/inst/PS7_i/FCLKCLK[0]
                         net (fo=1, routed)           0.310     0.310    design_1_i/processing_system7_0/inst/FCLK_CLK_unbuffered[0]
    BUFGCTRL_X0Y16       BUFG (Prop_bufg_I_O)         0.026     0.336 r  design_1_i/processing_system7_0/inst/buffer_fclk_clk_0.FCLK_CLK_0_BUFG/O
                         net (fo=832, routed)         0.556     0.892    design_1_i/ps7_0_axi_periph/s00_couplers/auto_pc/inst/gen_axilite.gen_b2s_conv.axilite_b2s/SI_REG/aw.aw_pipe/aclk
    SLICE_X36Y95         FDRE                                         r  design_1_i/ps7_0_axi_periph/s00_couplers/auto_pc/inst/gen_axilite.gen_b2s_conv.axilite_b2s/SI_REG/aw.aw_pipe/m_payload_i_reg[46]/C
  -------------------------------------------------------------------    -------------------
    SLICE_X36Y95         FDRE (Prop_fdre_C_Q)         0.164     1.056 r  design_1_i/ps7_0_axi_periph/s00_couplers/auto_pc/inst/gen_axilite.gen_b2s_conv.axilite_b2s/SI_REG/aw.aw_pipe/m_payload_i_reg[46]/Q
                         net (fo=9, routed)           0.337     1.393    design_1_i/ps7_0_axi_periph/s00_couplers/auto_pc/inst/gen_axilite.gen_b2s_conv.axilite_b2s/WR.aw_channel_0/Q[18]
    SLICE_X35Y103        FDRE                                         r  design_1_i/ps7_0_axi_periph/s00_couplers/auto_pc/inst/gen_axilite.gen_b2s_conv.axilite_b2s/WR.aw_channel_0/s_awlen_r_reg[2]/D
  -------------------------------------------------------------------    -------------------

                         (clock clk_fpga_0 rise edge)
                                                      0.000     0.000 r  
    PS7_X0Y0             PS7                          0.000     0.000 r  design_1_i/processing_system7_0/inst/PS7_i/FCLKCLK[0]
                         net (fo=1, routed)           0.337     0.337    design_1_i/processing_system7_0/inst/FCLK_CLK_unbuffered[0]
    BUFGCTRL_X0Y16       BUFG (Prop_bufg_I_O)         0.029     0.366 r  design_1_i/processing_system7_0/inst/buffer_fclk_clk_0.FCLK_CLK_0_BUFG/O
                         net (fo=832, routed)         0.911     1.277    design_1_i/ps7_0_axi_periph/s00_couplers/auto_pc/inst/gen_axilite.gen_b2s_conv.axilite_b2s/WR.aw_channel_0/aclk
    SLICE_X35Y103        FDRE                                         r  design_1_i/ps7_0_axi_periph/s00_couplers/auto_pc/inst/gen_axilite.gen_b2s_conv.axilite_b2s/WR.aw_channel_0/s_awlen_r_reg[2]/C
                         clock pessimism             -0.035     1.242    
    SLICE_X35Y103        FDRE (Hold_fdre_C_D)         0.066     1.308    design_1_i/ps7_0_axi_periph/s00_couplers/auto_pc/inst/gen_axilite.gen_b2s_conv.axilite_b2s/WR.aw_channel_0/s_awlen_r_reg[2]
  -------------------------------------------------------------------
                         required time                         -1.308    
                         arrival time                           1.393    
  -------------------------------------------------------------------
                         slack                                  0.085    

Slack (MET) :             0.088ns  (arrival time - required time)
  Source:                 design_1_i/interrupt_0/U0/interrupt_v1_0_S_AXI_INTR_inst/axi_awaddr_reg[4]/C
                            (rising edge-triggered cell FDRE clocked by clk_fpga_0  {rise@0.000ns fall@10.000ns period=20.000ns})
  Destination:            design_1_i/interrupt_0/U0/interrupt_v1_0_S_AXI_INTR_inst/gen_intr_reg[0].reg_intr_ack_reg[0]/D
                            (rising edge-triggered cell FDRE clocked by clk_fpga_0  {rise@0.000ns fall@10.000ns period=20.000ns})
  Path Group:             clk_fpga_0
  Path Type:              Hold (Min at Fast Process Corner)
  Requirement:            0.000ns  (clk_fpga_0 rise@0.000ns - clk_fpga_0 rise@0.000ns)
  Data Path Delay:        0.390ns  (logic 0.186ns (47.691%)  route 0.204ns (52.309%))
  Logic Levels:           1  (LUT5=1)
  Clock Path Skew:        0.181ns (DCD - SCD - CPR)
    Destination Clock Delay (DCD):    1.191ns
    Source Clock Delay      (SCD):    0.975ns
    Clock Pessimism Removal (CPR):    0.035ns

    Location             Delay type                Incr(ns)  Path(ns)    Netlist Resource(s)
  -------------------------------------------------------------------    -------------------
                         (clock clk_fpga_0 rise edge)
                                                      0.000     0.000 r  
    PS7_X0Y0             PS7                          0.000     0.000 r  design_1_i/processing_system7_0/inst/PS7_i/FCLKCLK[0]
                         net (fo=1, routed)           0.310     0.310    design_1_i/processing_system7_0/inst/FCLK_CLK_unbuffered[0]
    BUFGCTRL_X0Y16       BUFG (Prop_bufg_I_O)         0.026     0.336 r  design_1_i/processing_system7_0/inst/buffer_fclk_clk_0.FCLK_CLK_0_BUFG/O
                         net (fo=832, routed)         0.639     0.975    design_1_i/interrupt_0/U0/interrupt_v1_0_S_AXI_INTR_inst/s_axi_intr_aclk
    SLICE_X37Y100        FDRE                                         r  design_1_i/interrupt_0/U0/interrupt_v1_0_S_AXI_INTR_inst/axi_awaddr_reg[4]/C
  -------------------------------------------------------------------    -------------------
    SLICE_X37Y100        FDRE (Prop_fdre_C_Q)         0.141     1.116 f  design_1_i/interrupt_0/U0/interrupt_v1_0_S_AXI_INTR_inst/axi_awaddr_reg[4]/Q
                         net (fo=4, routed)           0.204     1.320    design_1_i/interrupt_0/U0/interrupt_v1_0_S_AXI_INTR_inst/p_0_in[2]
    SLICE_X36Y99         LUT5 (Prop_lut5_I3_O)        0.045     1.365 r  design_1_i/interrupt_0/U0/interrupt_v1_0_S_AXI_INTR_inst/gen_intr_reg[0].reg_intr_ack[0]_i_1/O
                         net (fo=1, routed)           0.000     1.365    design_1_i/interrupt_0/U0/interrupt_v1_0_S_AXI_INTR_inst/gen_intr_reg[0].reg_intr_ack[0]_i_1_n_0
    SLICE_X36Y99         FDRE                                         r  design_1_i/interrupt_0/U0/interrupt_v1_0_S_AXI_INTR_inst/gen_intr_reg[0].reg_intr_ack_reg[0]/D
  -------------------------------------------------------------------    -------------------

                         (clock clk_fpga_0 rise edge)
                                                      0.000     0.000 r  
    PS7_X0Y0             PS7                          0.000     0.000 r  design_1_i/processing_system7_0/inst/PS7_i/FCLKCLK[0]
                         net (fo=1, routed)           0.337     0.337    design_1_i/processing_system7_0/inst/FCLK_CLK_unbuffered[0]
    BUFGCTRL_X0Y16       BUFG (Prop_bufg_I_O)         0.029     0.366 r  design_1_i/processing_system7_0/inst/buffer_fclk_clk_0.FCLK_CLK_0_BUFG/O
                         net (fo=832, routed)         0.825     1.191    design_1_i/interrupt_0/U0/interrupt_v1_0_S_AXI_INTR_inst/s_axi_intr_aclk
    SLICE_X36Y99         FDRE                                         r  design_1_i/interrupt_0/U0/interrupt_v1_0_S_AXI_INTR_inst/gen_intr_reg[0].reg_intr_ack_reg[0]/C
                         clock pessimism             -0.035     1.156    
    SLICE_X36Y99         FDRE (Hold_fdre_C_D)         0.121     1.277    design_1_i/interrupt_0/U0/interrupt_v1_0_S_AXI_INTR_inst/gen_intr_reg[0].reg_intr_ack_reg[0]
  -------------------------------------------------------------------
                         required time                         -1.277    
                         arrival time                           1.365    
  -------------------------------------------------------------------
                         slack                                  0.088    

Slack (MET) :             0.095ns  (arrival time - required time)
  Source:                 design_1_i/ps7_0_axi_periph/xbar/inst/gen_sasd.crossbar_sasd_0/reg_slice_r/s_ready_i_reg/C
                            (rising edge-triggered cell FDRE clocked by clk_fpga_0  {rise@0.000ns fall@10.000ns period=20.000ns})
  Destination:            design_1_i/ps7_0_axi_periph/xbar/inst/gen_sasd.crossbar_sasd_0/reg_slice_r/skid_buffer_reg[34]/D
                            (rising edge-triggered cell FDRE clocked by clk_fpga_0  {rise@0.000ns fall@10.000ns period=20.000ns})
  Path Group:             clk_fpga_0
  Path Type:              Hold (Min at Fast Process Corner)
  Requirement:            0.000ns  (clk_fpga_0 rise@0.000ns - clk_fpga_0 rise@0.000ns)
  Data Path Delay:        0.396ns  (logic 0.186ns (46.930%)  route 0.210ns (53.070%))
  Logic Levels:           1  (LUT5=1)
  Clock Path Skew:        0.180ns (DCD - SCD - CPR)
    Destination Clock Delay (DCD):    1.192ns
    Source Clock Delay      (SCD):    0.977ns
    Clock Pessimism Removal (CPR):    0.035ns

    Location             Delay type                Incr(ns)  Path(ns)    Netlist Resource(s)
  -------------------------------------------------------------------    -------------------
                         (clock clk_fpga_0 rise edge)
                                                      0.000     0.000 r  
    PS7_X0Y0             PS7                          0.000     0.000 r  design_1_i/processing_system7_0/inst/PS7_i/FCLKCLK[0]
                         net (fo=1, routed)           0.310     0.310    design_1_i/processing_system7_0/inst/FCLK_CLK_unbuffered[0]
    BUFGCTRL_X0Y16       BUFG (Prop_bufg_I_O)         0.026     0.336 r  design_1_i/processing_system7_0/inst/buffer_fclk_clk_0.FCLK_CLK_0_BUFG/O
                         net (fo=832, routed)         0.641     0.977    design_1_i/ps7_0_axi_periph/xbar/inst/gen_sasd.crossbar_sasd_0/reg_slice_r/aclk
    SLICE_X35Y100        FDRE                                         r  design_1_i/ps7_0_axi_periph/xbar/inst/gen_sasd.crossbar_sasd_0/reg_slice_r/s_ready_i_reg/C
  -------------------------------------------------------------------    -------------------
    SLICE_X35Y100        FDRE (Prop_fdre_C_Q)         0.141     1.118 r  design_1_i/ps7_0_axi_periph/xbar/inst/gen_sasd.crossbar_sasd_0/reg_slice_r/s_ready_i_reg/Q
                         net (fo=39, routed)          0.210     1.328    design_1_i/ps7_0_axi_periph/xbar/inst/gen_sasd.crossbar_sasd_0/reg_slice_r/aa_rready
    SLICE_X34Y99         LUT5 (Prop_lut5_I1_O)        0.045     1.373 r  design_1_i/ps7_0_axi_periph/xbar/inst/gen_sasd.crossbar_sasd_0/reg_slice_r/m_payload_i[34]_i_2/O
                         net (fo=2, routed)           0.000     1.373    design_1_i/ps7_0_axi_periph/xbar/inst/gen_sasd.crossbar_sasd_0/reg_slice_r/skid_buffer[34]
    SLICE_X34Y99         FDRE                                         r  design_1_i/ps7_0_axi_periph/xbar/inst/gen_sasd.crossbar_sasd_0/reg_slice_r/skid_buffer_reg[34]/D
  -------------------------------------------------------------------    -------------------

                         (clock clk_fpga_0 rise edge)
                                                      0.000     0.000 r  
    PS7_X0Y0             PS7                          0.000     0.000 r  design_1_i/processing_system7_0/inst/PS7_i/FCLKCLK[0]
                         net (fo=1, routed)           0.337     0.337    design_1_i/processing_system7_0/inst/FCLK_CLK_unbuffered[0]
    BUFGCTRL_X0Y16       BUFG (Prop_bufg_I_O)         0.029     0.366 r  design_1_i/processing_system7_0/inst/buffer_fclk_clk_0.FCLK_CLK_0_BUFG/O
                         net (fo=832, routed)         0.826     1.192    design_1_i/ps7_0_axi_periph/xbar/inst/gen_sasd.crossbar_sasd_0/reg_slice_r/aclk
    SLICE_X34Y99         FDRE                                         r  design_1_i/ps7_0_axi_periph/xbar/inst/gen_sasd.crossbar_sasd_0/reg_slice_r/skid_buffer_reg[34]/C
                         clock pessimism             -0.035     1.157    
    SLICE_X34Y99         FDRE (Hold_fdre_C_D)         0.121     1.278    design_1_i/ps7_0_axi_periph/xbar/inst/gen_sasd.crossbar_sasd_0/reg_slice_r/skid_buffer_reg[34]
  -------------------------------------------------------------------
                         required time                         -1.278    
                         arrival time                           1.373    
  -------------------------------------------------------------------
                         slack                                  0.095    

Slack (MET) :             0.096ns  (arrival time - required time)
  Source:                 design_1_i/interrupt_0/U0/interrupt_v1_0_S00_AXI_inst/axi_rdata_reg[24]/C
                            (rising edge-triggered cell FDRE clocked by clk_fpga_0  {rise@0.000ns fall@10.000ns period=20.000ns})
  Destination:            design_1_i/ps7_0_axi_periph/xbar/inst/gen_sasd.crossbar_sasd_0/reg_slice_r/skid_buffer_reg[27]/D
                            (rising edge-triggered cell FDRE clocked by clk_fpga_0  {rise@0.000ns fall@10.000ns period=20.000ns})
  Path Group:             clk_fpga_0
  Path Type:              Hold (Min at Fast Process Corner)
  Requirement:            0.000ns  (clk_fpga_0 rise@0.000ns - clk_fpga_0 rise@0.000ns)
  Data Path Delay:        0.505ns  (logic 0.209ns (41.425%)  route 0.296ns (58.575%))
  Logic Levels:           1  (LUT5=1)
  Clock Path Skew:        0.348ns (DCD - SCD - CPR)
    Destination Clock Delay (DCD):    1.278ns
    Source Clock Delay      (SCD):    0.895ns
    Clock Pessimism Removal (CPR):    0.035ns

    Location             Delay type                Incr(ns)  Path(ns)    Netlist Resource(s)
  -------------------------------------------------------------------    -------------------
                         (clock clk_fpga_0 rise edge)
                                                      0.000     0.000 r  
    PS7_X0Y0             PS7                          0.000     0.000 r  design_1_i/processing_system7_0/inst/PS7_i/FCLKCLK[0]
                         net (fo=1, routed)           0.310     0.310    design_1_i/processing_system7_0/inst/FCLK_CLK_unbuffered[0]
    BUFGCTRL_X0Y16       BUFG (Prop_bufg_I_O)         0.026     0.336 r  design_1_i/processing_system7_0/inst/buffer_fclk_clk_0.FCLK_CLK_0_BUFG/O
                         net (fo=832, routed)         0.559     0.895    design_1_i/interrupt_0/U0/interrupt_v1_0_S00_AXI_inst/s00_axi_aclk
    SLICE_X32Y98         FDRE                                         r  design_1_i/interrupt_0/U0/interrupt_v1_0_S00_AXI_inst/axi_rdata_reg[24]/C
  -------------------------------------------------------------------    -------------------
    SLICE_X32Y98         FDRE (Prop_fdre_C_Q)         0.164     1.059 r  design_1_i/interrupt_0/U0/interrupt_v1_0_S00_AXI_inst/axi_rdata_reg[24]/Q
                         net (fo=1, routed)           0.174     1.232    design_1_i/ps7_0_axi_periph/xbar/inst/gen_sasd.crossbar_sasd_0/reg_slice_r/m_axi_rdata[24]
    SLICE_X33Y102        LUT5 (Prop_lut5_I1_O)        0.045     1.277 r  design_1_i/ps7_0_axi_periph/xbar/inst/gen_sasd.crossbar_sasd_0/reg_slice_r/m_payload_i[27]_i_1/O
                         net (fo=2, routed)           0.122     1.399    design_1_i/ps7_0_axi_periph/xbar/inst/gen_sasd.crossbar_sasd_0/reg_slice_r/skid_buffer[27]
    SLICE_X32Y102        FDRE                                         r  design_1_i/ps7_0_axi_periph/xbar/inst/gen_sasd.crossbar_sasd_0/reg_slice_r/skid_buffer_reg[27]/D
  -------------------------------------------------------------------    -------------------

                         (clock clk_fpga_0 rise edge)
                                                      0.000     0.000 r  
    PS7_X0Y0             PS7                          0.000     0.000 r  design_1_i/processing_system7_0/inst/PS7_i/FCLKCLK[0]
                         net (fo=1, routed)           0.337     0.337    design_1_i/processing_system7_0/inst/FCLK_CLK_unbuffered[0]
    BUFGCTRL_X0Y16       BUFG (Prop_bufg_I_O)         0.029     0.366 r  design_1_i/processing_system7_0/inst/buffer_fclk_clk_0.FCLK_CLK_0_BUFG/O
                         net (fo=832, routed)         0.912     1.278    design_1_i/ps7_0_axi_periph/xbar/inst/gen_sasd.crossbar_sasd_0/reg_slice_r/aclk
    SLICE_X32Y102        FDRE                                         r  design_1_i/ps7_0_axi_periph/xbar/inst/gen_sasd.crossbar_sasd_0/reg_slice_r/skid_buffer_reg[27]/C
                         clock pessimism             -0.035     1.243    
    SLICE_X32Y102        FDRE (Hold_fdre_C_D)         0.060     1.303    design_1_i/ps7_0_axi_periph/xbar/inst/gen_sasd.crossbar_sasd_0/reg_slice_r/skid_buffer_reg[27]
  -------------------------------------------------------------------
                         required time                         -1.303    
                         arrival time                           1.399    
  -------------------------------------------------------------------
                         slack                                  0.096    

Slack (MET) :             0.098ns  (arrival time - required time)
  Source:                 design_1_i/ps7_0_axi_periph/s00_couplers/auto_pc/inst/gen_axilite.gen_b2s_conv.axilite_b2s/WR.aw_channel_0/s_awid_r_reg[7]/C
                            (rising edge-triggered cell FDRE clocked by clk_fpga_0  {rise@0.000ns fall@10.000ns period=20.000ns})
  Destination:            design_1_i/ps7_0_axi_periph/s00_couplers/auto_pc/inst/gen_axilite.gen_b2s_conv.axilite_b2s/WR.b_channel_0/bid_fifo_0/memory_reg[3][15]_srl4/D
                            (rising edge-triggered cell SRL16E clocked by clk_fpga_0  {rise@0.000ns fall@10.000ns period=20.000ns})
  Path Group:             clk_fpga_0
  Path Type:              Hold (Min at Fast Process Corner)
  Requirement:            0.000ns  (clk_fpga_0 rise@0.000ns - clk_fpga_0 rise@0.000ns)
  Data Path Delay:        0.241ns  (logic 0.128ns (53.025%)  route 0.113ns (46.975%))
  Logic Levels:           0  
  Clock Path Skew:        0.013ns (DCD - SCD - CPR)
    Destination Clock Delay (DCD):    1.296ns
    Source Clock Delay      (SCD):    0.992ns
    Clock Pessimism Removal (CPR):    0.291ns

    Location             Delay type                Incr(ns)  Path(ns)    Netlist Resource(s)
  -------------------------------------------------------------------    -------------------
                         (clock clk_fpga_0 rise edge)
                                                      0.000     0.000 r  
    PS7_X0Y0             PS7                          0.000     0.000 r  design_1_i/processing_system7_0/inst/PS7_i/FCLKCLK[0]
                         net (fo=1, routed)           0.310     0.310    design_1_i/processing_system7_0/inst/FCLK_CLK_unbuffered[0]
    BUFGCTRL_X0Y16       BUFG (Prop_bufg_I_O)         0.026     0.336 r  design_1_i/processing_system7_0/inst/buffer_fclk_clk_0.FCLK_CLK_0_BUFG/O
                         net (fo=832, routed)         0.656     0.992    design_1_i/ps7_0_axi_periph/s00_couplers/auto_pc/inst/gen_axilite.gen_b2s_conv.axilite_b2s/WR.aw_channel_0/aclk
    SLICE_X27Y102        FDRE                                         r  design_1_i/ps7_0_axi_periph/s00_couplers/auto_pc/inst/gen_axilite.gen_b2s_conv.axilite_b2s/WR.aw_channel_0/s_awid_r_reg[7]/C
  -------------------------------------------------------------------    -------------------
    SLICE_X27Y102        FDRE (Prop_fdre_C_Q)         0.128     1.120 r  design_1_i/ps7_0_axi_periph/s00_couplers/auto_pc/inst/gen_axilite.gen_b2s_conv.axilite_b2s/WR.aw_channel_0/s_awid_r_reg[7]/Q
                         net (fo=1, routed)           0.113     1.233    design_1_i/ps7_0_axi_periph/s00_couplers/auto_pc/inst/gen_axilite.gen_b2s_conv.axilite_b2s/WR.b_channel_0/bid_fifo_0/in[11]
    SLICE_X26Y102        SRL16E                                       r  design_1_i/ps7_0_axi_periph/s00_couplers/auto_pc/inst/gen_axilite.gen_b2s_conv.axilite_b2s/WR.b_channel_0/bid_fifo_0/memory_reg[3][15]_srl4/D
  -------------------------------------------------------------------    -------------------

                         (clock clk_fpga_0 rise edge)
                                                      0.000     0.000 r  
    PS7_X0Y0             PS7                          0.000     0.000 r  design_1_i/processing_system7_0/inst/PS7_i/FCLKCLK[0]
                         net (fo=1, routed)           0.337     0.337    design_1_i/processing_system7_0/inst/FCLK_CLK_unbuffered[0]
    BUFGCTRL_X0Y16       BUFG (Prop_bufg_I_O)         0.029     0.366 r  design_1_i/processing_system7_0/inst/buffer_fclk_clk_0.FCLK_CLK_0_BUFG/O
                         net (fo=832, routed)         0.930     1.296    design_1_i/ps7_0_axi_periph/s00_couplers/auto_pc/inst/gen_axilite.gen_b2s_conv.axilite_b2s/WR.b_channel_0/bid_fifo_0/aclk
    SLICE_X26Y102        SRL16E                                       r  design_1_i/ps7_0_axi_periph/s00_couplers/auto_pc/inst/gen_axilite.gen_b2s_conv.axilite_b2s/WR.b_channel_0/bid_fifo_0/memory_reg[3][15]_srl4/CLK
                         clock pessimism             -0.291     1.005    
    SLICE_X26Y102        SRL16E (Hold_srl16e_CLK_D)
                                                      0.130     1.135    design_1_i/ps7_0_axi_periph/s00_couplers/auto_pc/inst/gen_axilite.gen_b2s_conv.axilite_b2s/WR.b_channel_0/bid_fifo_0/memory_reg[3][15]_srl4
  -------------------------------------------------------------------
                         required time                         -1.135    
                         arrival time                           1.233    
  -------------------------------------------------------------------
                         slack                                  0.098    

Slack (MET) :             0.099ns  (arrival time - required time)
  Source:                 design_1_i/interrupt_0/U0/interrupt_v1_0_S_AXI_INTR_inst/gen_intr_reg[0].reg_global_intr_en_reg[0]/C
                            (rising edge-triggered cell FDRE clocked by clk_fpga_0  {rise@0.000ns fall@10.000ns period=20.000ns})
  Destination:            design_1_i/interrupt_0/U0/interrupt_v1_0_S_AXI_INTR_inst/gen_intr_detection[0].gen_irq_level.irq_level_high.s_irq_lvl_reg/D
                            (rising edge-triggered cell FDRE clocked by clk_fpga_0  {rise@0.000ns fall@10.000ns period=20.000ns})
  Path Group:             clk_fpga_0
  Path Type:              Hold (Min at Fast Process Corner)
  Requirement:            0.000ns  (clk_fpga_0 rise@0.000ns - clk_fpga_0 rise@0.000ns)
  Data Path Delay:        0.400ns  (logic 0.186ns (46.470%)  route 0.214ns (53.530%))
  Logic Levels:           1  (LUT5=1)
  Clock Path Skew:        0.181ns (DCD - SCD - CPR)
    Destination Clock Delay (DCD):    1.191ns
    Source Clock Delay      (SCD):    0.975ns
    Clock Pessimism Removal (CPR):    0.035ns

    Location             Delay type                Incr(ns)  Path(ns)    Netlist Resource(s)
  -------------------------------------------------------------------    -------------------
                         (clock clk_fpga_0 rise edge)
                                                      0.000     0.000 r  
    PS7_X0Y0             PS7                          0.000     0.000 r  design_1_i/processing_system7_0/inst/PS7_i/FCLKCLK[0]
                         net (fo=1, routed)           0.310     0.310    design_1_i/processing_system7_0/inst/FCLK_CLK_unbuffered[0]
    BUFGCTRL_X0Y16       BUFG (Prop_bufg_I_O)         0.026     0.336 r  design_1_i/processing_system7_0/inst/buffer_fclk_clk_0.FCLK_CLK_0_BUFG/O
                         net (fo=832, routed)         0.639     0.975    design_1_i/interrupt_0/U0/interrupt_v1_0_S_AXI_INTR_inst/s_axi_intr_aclk
    SLICE_X37Y100        FDRE                                         r  design_1_i/interrupt_0/U0/interrupt_v1_0_S_AXI_INTR_inst/gen_intr_reg[0].reg_global_intr_en_reg[0]/C
  -------------------------------------------------------------------    -------------------
    SLICE_X37Y100        FDRE (Prop_fdre_C_Q)         0.141     1.116 r  design_1_i/interrupt_0/U0/interrupt_v1_0_S_AXI_INTR_inst/gen_intr_reg[0].reg_global_intr_en_reg[0]/Q
                         net (fo=3, routed)           0.214     1.330    design_1_i/interrupt_0/U0/interrupt_v1_0_S_AXI_INTR_inst/reg_global_intr_en
    SLICE_X36Y98         LUT5 (Prop_lut5_I3_O)        0.045     1.375 r  design_1_i/interrupt_0/U0/interrupt_v1_0_S_AXI_INTR_inst/gen_intr_detection[0].gen_irq_level.irq_level_high.s_irq_lvl_i_1/O
                         net (fo=1, routed)           0.000     1.375    design_1_i/interrupt_0/U0/interrupt_v1_0_S_AXI_INTR_inst/gen_intr_detection[0].gen_irq_level.irq_level_high.s_irq_lvl_i_1_n_0
    SLICE_X36Y98         FDRE                                         r  design_1_i/interrupt_0/U0/interrupt_v1_0_S_AXI_INTR_inst/gen_intr_detection[0].gen_irq_level.irq_level_high.s_irq_lvl_reg/D
  -------------------------------------------------------------------    -------------------

                         (clock clk_fpga_0 rise edge)
                                                      0.000     0.000 r  
    PS7_X0Y0             PS7                          0.000     0.000 r  design_1_i/processing_system7_0/inst/PS7_i/FCLKCLK[0]
                         net (fo=1, routed)           0.337     0.337    design_1_i/processing_system7_0/inst/FCLK_CLK_unbuffered[0]
    BUFGCTRL_X0Y16       BUFG (Prop_bufg_I_O)         0.029     0.366 r  design_1_i/processing_system7_0/inst/buffer_fclk_clk_0.FCLK_CLK_0_BUFG/O
                         net (fo=832, routed)         0.825     1.191    design_1_i/interrupt_0/U0/interrupt_v1_0_S_AXI_INTR_inst/s_axi_intr_aclk
    SLICE_X36Y98         FDRE                                         r  design_1_i/interrupt_0/U0/interrupt_v1_0_S_AXI_INTR_inst/gen_intr_detection[0].gen_irq_level.irq_level_high.s_irq_lvl_reg/C
                         clock pessimism             -0.035     1.156    
    SLICE_X36Y98         FDRE (Hold_fdre_C_D)         0.120     1.276    design_1_i/interrupt_0/U0/interrupt_v1_0_S_AXI_INTR_inst/gen_intr_detection[0].gen_irq_level.irq_level_high.s_irq_lvl_reg
  -------------------------------------------------------------------
                         required time                         -1.276    
                         arrival time                           1.375    
  -------------------------------------------------------------------
                         slack                                  0.099    





Pulse Width Checks
--------------------------------------------------------------------------------------
Clock Name:         clk_fpga_0
Waveform(ns):       { 0.000 10.000 }
Period(ns):         20.000
Sources:            { design_1_i/processing_system7_0/inst/PS7_i/FCLKCLK[0] }

Check Type        Corner  Lib Pin      Reference Pin  Required(ns)  Actual(ns)  Slack(ns)  Location        Pin
Min Period        n/a     BUFG/I       n/a            2.155         20.000      17.845     BUFGCTRL_X0Y16  design_1_i/processing_system7_0/inst/buffer_fclk_clk_0.FCLK_CLK_0_BUFG/I
Min Period        n/a     FDSE/C       n/a            1.000         20.000      19.000     SLICE_X33Y100   design_1_i/interrupt_0/U0/interrupt_v1_0_S00_AXI_inst/aw_en_reg/C
Min Period        n/a     FDSE/C       n/a            1.000         20.000      19.000     SLICE_X34Y100   design_1_i/interrupt_0/U0/interrupt_v1_0_S00_AXI_inst/axi_araddr_reg[2]/C
Min Period        n/a     FDSE/C       n/a            1.000         20.000      19.000     SLICE_X34Y100   design_1_i/interrupt_0/U0/interrupt_v1_0_S00_AXI_inst/axi_araddr_reg[3]/C
Min Period        n/a     FDRE/C       n/a            1.000         20.000      19.000     SLICE_X36Y101   design_1_i/interrupt_0/U0/interrupt_v1_0_S00_AXI_inst/axi_arready_reg/C
Min Period        n/a     FDRE/C       n/a            1.000         20.000      19.000     SLICE_X34Y100   design_1_i/interrupt_0/U0/interrupt_v1_0_S00_AXI_inst/axi_awaddr_reg[2]/C
Min Period        n/a     FDRE/C       n/a            1.000         20.000      19.000     SLICE_X34Y100   design_1_i/interrupt_0/U0/interrupt_v1_0_S00_AXI_inst/axi_awaddr_reg[3]/C
Min Period        n/a     FDRE/C       n/a            1.000         20.000      19.000     SLICE_X33Y100   design_1_i/interrupt_0/U0/interrupt_v1_0_S00_AXI_inst/axi_awready_reg/C
Min Period        n/a     FDCE/C       n/a            1.000         20.000      19.000     SLICE_X31Y91    design_1_i/interrupt_0/U0/interrupt_v1_0_S00_AXI_inst/counter_inst/div_reg[5]/C
Min Period        n/a     FDCE/C       n/a            1.000         20.000      19.000     SLICE_X31Y91    design_1_i/interrupt_0/U0/interrupt_v1_0_S00_AXI_inst/counter_inst/div_reg[6]/C
Low Pulse Width   Slow    SRLC32E/CLK  n/a            0.980         10.000      9.020      SLICE_X34Y92    design_1_i/ps7_0_axi_periph/s00_couplers/auto_pc/inst/gen_axilite.gen_b2s_conv.axilite_b2s/RD.r_channel_0/rd_data_fifo_0/memory_reg[31][14]_srl32/CLK
Low Pulse Width   Slow    SRLC32E/CLK  n/a            0.980         10.000      9.020      SLICE_X34Y92    design_1_i/ps7_0_axi_periph/s00_couplers/auto_pc/inst/gen_axilite.gen_b2s_conv.axilite_b2s/RD.r_channel_0/rd_data_fifo_0/memory_reg[31][15]_srl32/CLK
Low Pulse Width   Slow    SRLC32E/CLK  n/a            0.980         10.000      9.020      SLICE_X34Y92    design_1_i/ps7_0_axi_periph/s00_couplers/auto_pc/inst/gen_axilite.gen_b2s_conv.axilite_b2s/RD.r_channel_0/rd_data_fifo_0/memory_reg[31][33]_srl32/CLK
Low Pulse Width   Slow    SRLC32E/CLK  n/a            0.980         10.000      9.020      SLICE_X34Y91    design_1_i/ps7_0_axi_periph/s00_couplers/auto_pc/inst/gen_axilite.gen_b2s_conv.axilite_b2s/RD.r_channel_0/rd_data_fifo_0/memory_reg[31][3]_srl32/CLK
Low Pulse Width   Slow    SRLC32E/CLK  n/a            0.980         10.000      9.020      SLICE_X34Y91    design_1_i/ps7_0_axi_periph/s00_couplers/auto_pc/inst/gen_axilite.gen_b2s_conv.axilite_b2s/RD.r_channel_0/rd_data_fifo_0/memory_reg[31][4]_srl32/CLK
Low Pulse Width   Slow    SRLC32E/CLK  n/a            0.980         10.000      9.020      SLICE_X34Y92    design_1_i/ps7_0_axi_periph/s00_couplers/auto_pc/inst/gen_axilite.gen_b2s_conv.axilite_b2s/RD.r_channel_0/rd_data_fifo_0/memory_reg[31][6]_srl32/CLK
Low Pulse Width   Slow    SRLC32E/CLK  n/a            0.980         10.000      9.020      SLICE_X34Y91    design_1_i/ps7_0_axi_periph/s00_couplers/auto_pc/inst/gen_axilite.gen_b2s_conv.axilite_b2s/RD.r_channel_0/rd_data_fifo_0/memory_reg[31][7]_srl32/CLK
Low Pulse Width   Slow    SRLC32E/CLK  n/a            0.980         10.000      9.020      SLICE_X34Y91    design_1_i/ps7_0_axi_periph/s00_couplers/auto_pc/inst/gen_axilite.gen_b2s_conv.axilite_b2s/RD.r_channel_0/rd_data_fifo_0/memory_reg[31][8]_srl32/CLK
Low Pulse Width   Slow    SRLC32E/CLK  n/a            0.980         10.000      9.020      SLICE_X38Y92    design_1_i/ps7_0_axi_periph/s00_couplers/auto_pc/inst/gen_axilite.gen_b2s_conv.axilite_b2s/RD.r_channel_0/transaction_fifo_0/memory_reg[31][0]_srl32/CLK
Low Pulse Width   Slow    SRLC32E/CLK  n/a            0.980         10.000      9.020      SLICE_X34Y90    design_1_i/ps7_0_axi_periph/s00_couplers/auto_pc/inst/gen_axilite.gen_b2s_conv.axilite_b2s/RD.r_channel_0/rd_data_fifo_0/memory_reg[31][0]_srl32/CLK
High Pulse Width  Fast    SRLC32E/CLK  n/a            0.980         10.000      9.020      SLICE_X34Y93    design_1_i/ps7_0_axi_periph/s00_couplers/auto_pc/inst/gen_axilite.gen_b2s_conv.axilite_b2s/RD.r_channel_0/rd_data_fifo_0/memory_reg[31][12]_srl32/CLK
High Pulse Width  Fast    SRLC32E/CLK  n/a            0.980         10.000      9.020      SLICE_X34Y93    design_1_i/ps7_0_axi_periph/s00_couplers/auto_pc/inst/gen_axilite.gen_b2s_conv.axilite_b2s/RD.r_channel_0/rd_data_fifo_0/memory_reg[31][13]_srl32/CLK
High Pulse Width  Fast    SRLC32E/CLK  n/a            0.980         10.000      9.020      SLICE_X34Y93    design_1_i/ps7_0_axi_periph/s00_couplers/auto_pc/inst/gen_axilite.gen_b2s_conv.axilite_b2s/RD.r_channel_0/rd_data_fifo_0/memory_reg[31][16]_srl32/CLK
High Pulse Width  Fast    SRLC32E/CLK  n/a            0.980         10.000      9.020      SLICE_X34Y95    design_1_i/ps7_0_axi_periph/s00_couplers/auto_pc/inst/gen_axilite.gen_b2s_conv.axilite_b2s/RD.r_channel_0/rd_data_fifo_0/memory_reg[31][17]_srl32/CLK
High Pulse Width  Fast    SRLC32E/CLK  n/a            0.980         10.000      9.020      SLICE_X34Y95    design_1_i/ps7_0_axi_periph/s00_couplers/auto_pc/inst/gen_axilite.gen_b2s_conv.axilite_b2s/RD.r_channel_0/rd_data_fifo_0/memory_reg[31][20]_srl32/CLK
High Pulse Width  Fast    SRLC32E/CLK  n/a            0.980         10.000      9.020      SLICE_X34Y93    design_1_i/ps7_0_axi_periph/s00_couplers/auto_pc/inst/gen_axilite.gen_b2s_conv.axilite_b2s/RD.r_channel_0/rd_data_fifo_0/memory_reg[31][21]_srl32/CLK
High Pulse Width  Fast    SRLC32E/CLK  n/a            0.980         10.000      9.020      SLICE_X30Y98    design_1_i/ps7_0_axi_periph/s00_couplers/auto_pc/inst/gen_axilite.gen_b2s_conv.axilite_b2s/RD.r_channel_0/rd_data_fifo_0/memory_reg[31][29]_srl32/CLK
High Pulse Width  Fast    SRLC32E/CLK  n/a            0.980         10.000      9.020      SLICE_X30Y98    design_1_i/ps7_0_axi_periph/s00_couplers/auto_pc/inst/gen_axilite.gen_b2s_conv.axilite_b2s/RD.r_channel_0/rd_data_fifo_0/memory_reg[31][30]_srl32/CLK
High Pulse Width  Fast    SRLC32E/CLK  n/a            0.980         10.000      9.020      SLICE_X34Y95    design_1_i/ps7_0_axi_periph/s00_couplers/auto_pc/inst/gen_axilite.gen_b2s_conv.axilite_b2s/RD.r_channel_0/rd_data_fifo_0/memory_reg[31][31]_srl32/CLK
High Pulse Width  Fast    SRLC32E/CLK  n/a            0.980         10.000      9.020      SLICE_X34Y95    design_1_i/ps7_0_axi_periph/s00_couplers/auto_pc/inst/gen_axilite.gen_b2s_conv.axilite_b2s/RD.r_channel_0/rd_data_fifo_0/memory_reg[31][32]_srl32/CLK



---------------------------------------------------------------------------------------------------
Path Group:  **async_default**
From Clock:  clk_fpga_0
  To Clock:  clk_fpga_0

Setup :            0  Failing Endpoints,  Worst Slack       15.520ns,  Total Violation        0.000ns
Hold  :            0  Failing Endpoints,  Worst Slack        1.301ns,  Total Violation        0.000ns
---------------------------------------------------------------------------------------------------


Max Delay Paths
--------------------------------------------------------------------------------------
Slack (MET) :             15.520ns  (required time - arrival time)
  Source:                 design_1_i/proc_sys_reset_0/U0/ACTIVE_LOW_PR_OUT_DFF[0].FDRE_PER_N/C
                            (rising edge-triggered cell FDRE clocked by clk_fpga_0  {rise@0.000ns fall@10.000ns period=20.000ns})
  Destination:            design_1_i/interrupt_0/U0/interrupt_v1_0_S00_AXI_inst/counter_inst/div_reg[20]/CLR
                            (recovery check against rising-edge clock clk_fpga_0  {rise@0.000ns fall@10.000ns period=20.000ns})
  Path Group:             **async_default**
  Path Type:              Recovery (Max at Slow Process Corner)
  Requirement:            20.000ns  (clk_fpga_0 rise@20.000ns - clk_fpga_0 rise@0.000ns)
  Data Path Delay:        3.765ns  (logic 0.642ns (17.053%)  route 3.123ns (82.947%))
  Logic Levels:           1  (LUT1=1)
  Clock Path Skew:        -0.008ns (DCD - SCD + CPR)
    Destination Clock Delay (DCD):    2.704ns = ( 22.704 - 20.000 ) 
    Source Clock Delay      (SCD):    2.941ns
    Clock Pessimism Removal (CPR):    0.229ns
  Clock Uncertainty:      0.302ns  ((TSJ^2 + TIJ^2)^1/2 + DJ) / 2 + PE
    Total System Jitter     (TSJ):    0.071ns
    Total Input Jitter      (TIJ):    0.600ns
    Discrete Jitter          (DJ):    0.000ns
    Phase Error              (PE):    0.000ns

    Location             Delay type                Incr(ns)  Path(ns)    Netlist Resource(s)
  -------------------------------------------------------------------    -------------------
                         (clock clk_fpga_0 rise edge)
                                                      0.000     0.000 r  
    PS7_X0Y0             PS7                          0.000     0.000 r  design_1_i/processing_system7_0/inst/PS7_i/FCLKCLK[0]
                         net (fo=1, routed)           1.193     1.193    design_1_i/processing_system7_0/inst/FCLK_CLK_unbuffered[0]
    BUFGCTRL_X0Y16       BUFG (Prop_bufg_I_O)         0.101     1.294 r  design_1_i/processing_system7_0/inst/buffer_fclk_clk_0.FCLK_CLK_0_BUFG/O
                         net (fo=832, routed)         1.647     2.941    design_1_i/proc_sys_reset_0/U0/slowest_sync_clk
    SLICE_X34Y86         FDRE                                         r  design_1_i/proc_sys_reset_0/U0/ACTIVE_LOW_PR_OUT_DFF[0].FDRE_PER_N/C
  -------------------------------------------------------------------    -------------------
    SLICE_X34Y86         FDRE (Prop_fdre_C_Q)         0.518     3.459 r  design_1_i/proc_sys_reset_0/U0/ACTIVE_LOW_PR_OUT_DFF[0].FDRE_PER_N/Q
                         net (fo=10, routed)          1.172     4.631    design_1_i/interrupt_0/U0/interrupt_v1_0_S00_AXI_inst/counter_inst/s00_axi_aresetn
    SLICE_X37Y94         LUT1 (Prop_lut1_I0_O)        0.124     4.755 f  design_1_i/interrupt_0/U0/interrupt_v1_0_S00_AXI_inst/counter_inst/cnt[7]_i_2/O
                         net (fo=136, routed)         1.951     6.706    design_1_i/interrupt_0/U0/interrupt_v1_0_S00_AXI_inst/counter_inst/clear
    SLICE_X31Y95         FDCE                                         f  design_1_i/interrupt_0/U0/interrupt_v1_0_S00_AXI_inst/counter_inst/div_reg[20]/CLR
  -------------------------------------------------------------------    -------------------

                         (clock clk_fpga_0 rise edge)
                                                     20.000    20.000 r  
    PS7_X0Y0             PS7                          0.000    20.000 r  design_1_i/processing_system7_0/inst/PS7_i/FCLKCLK[0]
                         net (fo=1, routed)           1.088    21.088    design_1_i/processing_system7_0/inst/FCLK_CLK_unbuffered[0]
    BUFGCTRL_X0Y16       BUFG (Prop_bufg_I_O)         0.091    21.179 r  design_1_i/processing_system7_0/inst/buffer_fclk_clk_0.FCLK_CLK_0_BUFG/O
                         net (fo=832, routed)         1.525    22.704    design_1_i/interrupt_0/U0/interrupt_v1_0_S00_AXI_inst/counter_inst/s00_axi_aclk
    SLICE_X31Y95         FDCE                                         r  design_1_i/interrupt_0/U0/interrupt_v1_0_S00_AXI_inst/counter_inst/div_reg[20]/C
                         clock pessimism              0.229    22.933    
                         clock uncertainty           -0.302    22.631    
    SLICE_X31Y95         FDCE (Recov_fdce_C_CLR)     -0.405    22.226    design_1_i/interrupt_0/U0/interrupt_v1_0_S00_AXI_inst/counter_inst/div_reg[20]
  -------------------------------------------------------------------
                         required time                         22.226    
                         arrival time                          -6.706    
  -------------------------------------------------------------------
                         slack                                 15.520    

Slack (MET) :             15.520ns  (required time - arrival time)
  Source:                 design_1_i/proc_sys_reset_0/U0/ACTIVE_LOW_PR_OUT_DFF[0].FDRE_PER_N/C
                            (rising edge-triggered cell FDRE clocked by clk_fpga_0  {rise@0.000ns fall@10.000ns period=20.000ns})
  Destination:            design_1_i/interrupt_0/U0/interrupt_v1_0_S00_AXI_inst/counter_inst/div_reg[21]/CLR
                            (recovery check against rising-edge clock clk_fpga_0  {rise@0.000ns fall@10.000ns period=20.000ns})
  Path Group:             **async_default**
  Path Type:              Recovery (Max at Slow Process Corner)
  Requirement:            20.000ns  (clk_fpga_0 rise@20.000ns - clk_fpga_0 rise@0.000ns)
  Data Path Delay:        3.765ns  (logic 0.642ns (17.053%)  route 3.123ns (82.947%))
  Logic Levels:           1  (LUT1=1)
  Clock Path Skew:        -0.008ns (DCD - SCD + CPR)
    Destination Clock Delay (DCD):    2.704ns = ( 22.704 - 20.000 ) 
    Source Clock Delay      (SCD):    2.941ns
    Clock Pessimism Removal (CPR):    0.229ns
  Clock Uncertainty:      0.302ns  ((TSJ^2 + TIJ^2)^1/2 + DJ) / 2 + PE
    Total System Jitter     (TSJ):    0.071ns
    Total Input Jitter      (TIJ):    0.600ns
    Discrete Jitter          (DJ):    0.000ns
    Phase Error              (PE):    0.000ns

    Location             Delay type                Incr(ns)  Path(ns)    Netlist Resource(s)
  -------------------------------------------------------------------    -------------------
                         (clock clk_fpga_0 rise edge)
                                                      0.000     0.000 r  
    PS7_X0Y0             PS7                          0.000     0.000 r  design_1_i/processing_system7_0/inst/PS7_i/FCLKCLK[0]
                         net (fo=1, routed)           1.193     1.193    design_1_i/processing_system7_0/inst/FCLK_CLK_unbuffered[0]
    BUFGCTRL_X0Y16       BUFG (Prop_bufg_I_O)         0.101     1.294 r  design_1_i/processing_system7_0/inst/buffer_fclk_clk_0.FCLK_CLK_0_BUFG/O
                         net (fo=832, routed)         1.647     2.941    design_1_i/proc_sys_reset_0/U0/slowest_sync_clk
    SLICE_X34Y86         FDRE                                         r  design_1_i/proc_sys_reset_0/U0/ACTIVE_LOW_PR_OUT_DFF[0].FDRE_PER_N/C
  -------------------------------------------------------------------    -------------------
    SLICE_X34Y86         FDRE (Prop_fdre_C_Q)         0.518     3.459 r  design_1_i/proc_sys_reset_0/U0/ACTIVE_LOW_PR_OUT_DFF[0].FDRE_PER_N/Q
                         net (fo=10, routed)          1.172     4.631    design_1_i/interrupt_0/U0/interrupt_v1_0_S00_AXI_inst/counter_inst/s00_axi_aresetn
    SLICE_X37Y94         LUT1 (Prop_lut1_I0_O)        0.124     4.755 f  design_1_i/interrupt_0/U0/interrupt_v1_0_S00_AXI_inst/counter_inst/cnt[7]_i_2/O
                         net (fo=136, routed)         1.951     6.706    design_1_i/interrupt_0/U0/interrupt_v1_0_S00_AXI_inst/counter_inst/clear
    SLICE_X31Y95         FDCE                                         f  design_1_i/interrupt_0/U0/interrupt_v1_0_S00_AXI_inst/counter_inst/div_reg[21]/CLR
  -------------------------------------------------------------------    -------------------

                         (clock clk_fpga_0 rise edge)
                                                     20.000    20.000 r  
    PS7_X0Y0             PS7                          0.000    20.000 r  design_1_i/processing_system7_0/inst/PS7_i/FCLKCLK[0]
                         net (fo=1, routed)           1.088    21.088    design_1_i/processing_system7_0/inst/FCLK_CLK_unbuffered[0]
    BUFGCTRL_X0Y16       BUFG (Prop_bufg_I_O)         0.091    21.179 r  design_1_i/processing_system7_0/inst/buffer_fclk_clk_0.FCLK_CLK_0_BUFG/O
                         net (fo=832, routed)         1.525    22.704    design_1_i/interrupt_0/U0/interrupt_v1_0_S00_AXI_inst/counter_inst/s00_axi_aclk
    SLICE_X31Y95         FDCE                                         r  design_1_i/interrupt_0/U0/interrupt_v1_0_S00_AXI_inst/counter_inst/div_reg[21]/C
                         clock pessimism              0.229    22.933    
                         clock uncertainty           -0.302    22.631    
    SLICE_X31Y95         FDCE (Recov_fdce_C_CLR)     -0.405    22.226    design_1_i/interrupt_0/U0/interrupt_v1_0_S00_AXI_inst/counter_inst/div_reg[21]
  -------------------------------------------------------------------
                         required time                         22.226    
                         arrival time                          -6.706    
  -------------------------------------------------------------------
                         slack                                 15.520    

Slack (MET) :             15.520ns  (required time - arrival time)
  Source:                 design_1_i/proc_sys_reset_0/U0/ACTIVE_LOW_PR_OUT_DFF[0].FDRE_PER_N/C
                            (rising edge-triggered cell FDRE clocked by clk_fpga_0  {rise@0.000ns fall@10.000ns period=20.000ns})
  Destination:            design_1_i/interrupt_0/U0/interrupt_v1_0_S00_AXI_inst/counter_inst/div_reg[22]/CLR
                            (recovery check against rising-edge clock clk_fpga_0  {rise@0.000ns fall@10.000ns period=20.000ns})
  Path Group:             **async_default**
  Path Type:              Recovery (Max at Slow Process Corner)
  Requirement:            20.000ns  (clk_fpga_0 rise@20.000ns - clk_fpga_0 rise@0.000ns)
  Data Path Delay:        3.765ns  (logic 0.642ns (17.053%)  route 3.123ns (82.947%))
  Logic Levels:           1  (LUT1=1)
  Clock Path Skew:        -0.008ns (DCD - SCD + CPR)
    Destination Clock Delay (DCD):    2.704ns = ( 22.704 - 20.000 ) 
    Source Clock Delay      (SCD):    2.941ns
    Clock Pessimism Removal (CPR):    0.229ns
  Clock Uncertainty:      0.302ns  ((TSJ^2 + TIJ^2)^1/2 + DJ) / 2 + PE
    Total System Jitter     (TSJ):    0.071ns
    Total Input Jitter      (TIJ):    0.600ns
    Discrete Jitter          (DJ):    0.000ns
    Phase Error              (PE):    0.000ns

    Location             Delay type                Incr(ns)  Path(ns)    Netlist Resource(s)
  -------------------------------------------------------------------    -------------------
                         (clock clk_fpga_0 rise edge)
                                                      0.000     0.000 r  
    PS7_X0Y0             PS7                          0.000     0.000 r  design_1_i/processing_system7_0/inst/PS7_i/FCLKCLK[0]
                         net (fo=1, routed)           1.193     1.193    design_1_i/processing_system7_0/inst/FCLK_CLK_unbuffered[0]
    BUFGCTRL_X0Y16       BUFG (Prop_bufg_I_O)         0.101     1.294 r  design_1_i/processing_system7_0/inst/buffer_fclk_clk_0.FCLK_CLK_0_BUFG/O
                         net (fo=832, routed)         1.647     2.941    design_1_i/proc_sys_reset_0/U0/slowest_sync_clk
    SLICE_X34Y86         FDRE                                         r  design_1_i/proc_sys_reset_0/U0/ACTIVE_LOW_PR_OUT_DFF[0].FDRE_PER_N/C
  -------------------------------------------------------------------    -------------------
    SLICE_X34Y86         FDRE (Prop_fdre_C_Q)         0.518     3.459 r  design_1_i/proc_sys_reset_0/U0/ACTIVE_LOW_PR_OUT_DFF[0].FDRE_PER_N/Q
                         net (fo=10, routed)          1.172     4.631    design_1_i/interrupt_0/U0/interrupt_v1_0_S00_AXI_inst/counter_inst/s00_axi_aresetn
    SLICE_X37Y94         LUT1 (Prop_lut1_I0_O)        0.124     4.755 f  design_1_i/interrupt_0/U0/interrupt_v1_0_S00_AXI_inst/counter_inst/cnt[7]_i_2/O
                         net (fo=136, routed)         1.951     6.706    design_1_i/interrupt_0/U0/interrupt_v1_0_S00_AXI_inst/counter_inst/clear
    SLICE_X31Y95         FDCE                                         f  design_1_i/interrupt_0/U0/interrupt_v1_0_S00_AXI_inst/counter_inst/div_reg[22]/CLR
  -------------------------------------------------------------------    -------------------

                         (clock clk_fpga_0 rise edge)
                                                     20.000    20.000 r  
    PS7_X0Y0             PS7                          0.000    20.000 r  design_1_i/processing_system7_0/inst/PS7_i/FCLKCLK[0]
                         net (fo=1, routed)           1.088    21.088    design_1_i/processing_system7_0/inst/FCLK_CLK_unbuffered[0]
    BUFGCTRL_X0Y16       BUFG (Prop_bufg_I_O)         0.091    21.179 r  design_1_i/processing_system7_0/inst/buffer_fclk_clk_0.FCLK_CLK_0_BUFG/O
                         net (fo=832, routed)         1.525    22.704    design_1_i/interrupt_0/U0/interrupt_v1_0_S00_AXI_inst/counter_inst/s00_axi_aclk
    SLICE_X31Y95         FDCE                                         r  design_1_i/interrupt_0/U0/interrupt_v1_0_S00_AXI_inst/counter_inst/div_reg[22]/C
                         clock pessimism              0.229    22.933    
                         clock uncertainty           -0.302    22.631    
    SLICE_X31Y95         FDCE (Recov_fdce_C_CLR)     -0.405    22.226    design_1_i/interrupt_0/U0/interrupt_v1_0_S00_AXI_inst/counter_inst/div_reg[22]
  -------------------------------------------------------------------
                         required time                         22.226    
                         arrival time                          -6.706    
  -------------------------------------------------------------------
                         slack                                 15.520    

Slack (MET) :             15.520ns  (required time - arrival time)
  Source:                 design_1_i/proc_sys_reset_0/U0/ACTIVE_LOW_PR_OUT_DFF[0].FDRE_PER_N/C
                            (rising edge-triggered cell FDRE clocked by clk_fpga_0  {rise@0.000ns fall@10.000ns period=20.000ns})
  Destination:            design_1_i/interrupt_0/U0/interrupt_v1_0_S00_AXI_inst/counter_inst/div_reg[23]/CLR
                            (recovery check against rising-edge clock clk_fpga_0  {rise@0.000ns fall@10.000ns period=20.000ns})
  Path Group:             **async_default**
  Path Type:              Recovery (Max at Slow Process Corner)
  Requirement:            20.000ns  (clk_fpga_0 rise@20.000ns - clk_fpga_0 rise@0.000ns)
  Data Path Delay:        3.765ns  (logic 0.642ns (17.053%)  route 3.123ns (82.947%))
  Logic Levels:           1  (LUT1=1)
  Clock Path Skew:        -0.008ns (DCD - SCD + CPR)
    Destination Clock Delay (DCD):    2.704ns = ( 22.704 - 20.000 ) 
    Source Clock Delay      (SCD):    2.941ns
    Clock Pessimism Removal (CPR):    0.229ns
  Clock Uncertainty:      0.302ns  ((TSJ^2 + TIJ^2)^1/2 + DJ) / 2 + PE
    Total System Jitter     (TSJ):    0.071ns
    Total Input Jitter      (TIJ):    0.600ns
    Discrete Jitter          (DJ):    0.000ns
    Phase Error              (PE):    0.000ns

    Location             Delay type                Incr(ns)  Path(ns)    Netlist Resource(s)
  -------------------------------------------------------------------    -------------------
                         (clock clk_fpga_0 rise edge)
                                                      0.000     0.000 r  
    PS7_X0Y0             PS7                          0.000     0.000 r  design_1_i/processing_system7_0/inst/PS7_i/FCLKCLK[0]
                         net (fo=1, routed)           1.193     1.193    design_1_i/processing_system7_0/inst/FCLK_CLK_unbuffered[0]
    BUFGCTRL_X0Y16       BUFG (Prop_bufg_I_O)         0.101     1.294 r  design_1_i/processing_system7_0/inst/buffer_fclk_clk_0.FCLK_CLK_0_BUFG/O
                         net (fo=832, routed)         1.647     2.941    design_1_i/proc_sys_reset_0/U0/slowest_sync_clk
    SLICE_X34Y86         FDRE                                         r  design_1_i/proc_sys_reset_0/U0/ACTIVE_LOW_PR_OUT_DFF[0].FDRE_PER_N/C
  -------------------------------------------------------------------    -------------------
    SLICE_X34Y86         FDRE (Prop_fdre_C_Q)         0.518     3.459 r  design_1_i/proc_sys_reset_0/U0/ACTIVE_LOW_PR_OUT_DFF[0].FDRE_PER_N/Q
                         net (fo=10, routed)          1.172     4.631    design_1_i/interrupt_0/U0/interrupt_v1_0_S00_AXI_inst/counter_inst/s00_axi_aresetn
    SLICE_X37Y94         LUT1 (Prop_lut1_I0_O)        0.124     4.755 f  design_1_i/interrupt_0/U0/interrupt_v1_0_S00_AXI_inst/counter_inst/cnt[7]_i_2/O
                         net (fo=136, routed)         1.951     6.706    design_1_i/interrupt_0/U0/interrupt_v1_0_S00_AXI_inst/counter_inst/clear
    SLICE_X31Y95         FDCE                                         f  design_1_i/interrupt_0/U0/interrupt_v1_0_S00_AXI_inst/counter_inst/div_reg[23]/CLR
  -------------------------------------------------------------------    -------------------

                         (clock clk_fpga_0 rise edge)
                                                     20.000    20.000 r  
    PS7_X0Y0             PS7                          0.000    20.000 r  design_1_i/processing_system7_0/inst/PS7_i/FCLKCLK[0]
                         net (fo=1, routed)           1.088    21.088    design_1_i/processing_system7_0/inst/FCLK_CLK_unbuffered[0]
    BUFGCTRL_X0Y16       BUFG (Prop_bufg_I_O)         0.091    21.179 r  design_1_i/processing_system7_0/inst/buffer_fclk_clk_0.FCLK_CLK_0_BUFG/O
                         net (fo=832, routed)         1.525    22.704    design_1_i/interrupt_0/U0/interrupt_v1_0_S00_AXI_inst/counter_inst/s00_axi_aclk
    SLICE_X31Y95         FDCE                                         r  design_1_i/interrupt_0/U0/interrupt_v1_0_S00_AXI_inst/counter_inst/div_reg[23]/C
                         clock pessimism              0.229    22.933    
                         clock uncertainty           -0.302    22.631    
    SLICE_X31Y95         FDCE (Recov_fdce_C_CLR)     -0.405    22.226    design_1_i/interrupt_0/U0/interrupt_v1_0_S00_AXI_inst/counter_inst/div_reg[23]
  -------------------------------------------------------------------
                         required time                         22.226    
                         arrival time                          -6.706    
  -------------------------------------------------------------------
                         slack                                 15.520    

Slack (MET) :             15.626ns  (required time - arrival time)
  Source:                 design_1_i/proc_sys_reset_0/U0/ACTIVE_LOW_PR_OUT_DFF[0].FDRE_PER_N/C
                            (rising edge-triggered cell FDRE clocked by clk_fpga_0  {rise@0.000ns fall@10.000ns period=20.000ns})
  Destination:            design_1_i/interrupt_0/U0/interrupt_v1_0_S00_AXI_inst/counter_inst/div_reg[0]/CLR
                            (recovery check against rising-edge clock clk_fpga_0  {rise@0.000ns fall@10.000ns period=20.000ns})
  Path Group:             **async_default**
  Path Type:              Recovery (Max at Slow Process Corner)
  Requirement:            20.000ns  (clk_fpga_0 rise@20.000ns - clk_fpga_0 rise@0.000ns)
  Data Path Delay:        3.657ns  (logic 0.642ns (17.553%)  route 3.015ns (82.447%))
  Logic Levels:           1  (LUT1=1)
  Clock Path Skew:        -0.010ns (DCD - SCD + CPR)
    Destination Clock Delay (DCD):    2.702ns = ( 22.702 - 20.000 ) 
    Source Clock Delay      (SCD):    2.941ns
    Clock Pessimism Removal (CPR):    0.229ns
  Clock Uncertainty:      0.302ns  ((TSJ^2 + TIJ^2)^1/2 + DJ) / 2 + PE
    Total System Jitter     (TSJ):    0.071ns
    Total Input Jitter      (TIJ):    0.600ns
    Discrete Jitter          (DJ):    0.000ns
    Phase Error              (PE):    0.000ns

    Location             Delay type                Incr(ns)  Path(ns)    Netlist Resource(s)
  -------------------------------------------------------------------    -------------------
                         (clock clk_fpga_0 rise edge)
                                                      0.000     0.000 r  
    PS7_X0Y0             PS7                          0.000     0.000 r  design_1_i/processing_system7_0/inst/PS7_i/FCLKCLK[0]
                         net (fo=1, routed)           1.193     1.193    design_1_i/processing_system7_0/inst/FCLK_CLK_unbuffered[0]
    BUFGCTRL_X0Y16       BUFG (Prop_bufg_I_O)         0.101     1.294 r  design_1_i/processing_system7_0/inst/buffer_fclk_clk_0.FCLK_CLK_0_BUFG/O
                         net (fo=832, routed)         1.647     2.941    design_1_i/proc_sys_reset_0/U0/slowest_sync_clk
    SLICE_X34Y86         FDRE                                         r  design_1_i/proc_sys_reset_0/U0/ACTIVE_LOW_PR_OUT_DFF[0].FDRE_PER_N/C
  -------------------------------------------------------------------    -------------------
    SLICE_X34Y86         FDRE (Prop_fdre_C_Q)         0.518     3.459 r  design_1_i/proc_sys_reset_0/U0/ACTIVE_LOW_PR_OUT_DFF[0].FDRE_PER_N/Q
                         net (fo=10, routed)          1.172     4.631    design_1_i/interrupt_0/U0/interrupt_v1_0_S00_AXI_inst/counter_inst/s00_axi_aresetn
    SLICE_X37Y94         LUT1 (Prop_lut1_I0_O)        0.124     4.755 f  design_1_i/interrupt_0/U0/interrupt_v1_0_S00_AXI_inst/counter_inst/cnt[7]_i_2/O
                         net (fo=136, routed)         1.844     6.598    design_1_i/interrupt_0/U0/interrupt_v1_0_S00_AXI_inst/counter_inst/clear
    SLICE_X31Y90         FDCE                                         f  design_1_i/interrupt_0/U0/interrupt_v1_0_S00_AXI_inst/counter_inst/div_reg[0]/CLR
  -------------------------------------------------------------------    -------------------

                         (clock clk_fpga_0 rise edge)
                                                     20.000    20.000 r  
    PS7_X0Y0             PS7                          0.000    20.000 r  design_1_i/processing_system7_0/inst/PS7_i/FCLKCLK[0]
                         net (fo=1, routed)           1.088    21.088    design_1_i/processing_system7_0/inst/FCLK_CLK_unbuffered[0]
    BUFGCTRL_X0Y16       BUFG (Prop_bufg_I_O)         0.091    21.179 r  design_1_i/processing_system7_0/inst/buffer_fclk_clk_0.FCLK_CLK_0_BUFG/O
                         net (fo=832, routed)         1.523    22.702    design_1_i/interrupt_0/U0/interrupt_v1_0_S00_AXI_inst/counter_inst/s00_axi_aclk
    SLICE_X31Y90         FDCE                                         r  design_1_i/interrupt_0/U0/interrupt_v1_0_S00_AXI_inst/counter_inst/div_reg[0]/C
                         clock pessimism              0.229    22.931    
                         clock uncertainty           -0.302    22.629    
    SLICE_X31Y90         FDCE (Recov_fdce_C_CLR)     -0.405    22.224    design_1_i/interrupt_0/U0/interrupt_v1_0_S00_AXI_inst/counter_inst/div_reg[0]
  -------------------------------------------------------------------
                         required time                         22.224    
                         arrival time                          -6.598    
  -------------------------------------------------------------------
                         slack                                 15.626    

Slack (MET) :             15.626ns  (required time - arrival time)
  Source:                 design_1_i/proc_sys_reset_0/U0/ACTIVE_LOW_PR_OUT_DFF[0].FDRE_PER_N/C
                            (rising edge-triggered cell FDRE clocked by clk_fpga_0  {rise@0.000ns fall@10.000ns period=20.000ns})
  Destination:            design_1_i/interrupt_0/U0/interrupt_v1_0_S00_AXI_inst/counter_inst/div_reg[1]/CLR
                            (recovery check against rising-edge clock clk_fpga_0  {rise@0.000ns fall@10.000ns period=20.000ns})
  Path Group:             **async_default**
  Path Type:              Recovery (Max at Slow Process Corner)
  Requirement:            20.000ns  (clk_fpga_0 rise@20.000ns - clk_fpga_0 rise@0.000ns)
  Data Path Delay:        3.657ns  (logic 0.642ns (17.553%)  route 3.015ns (82.447%))
  Logic Levels:           1  (LUT1=1)
  Clock Path Skew:        -0.010ns (DCD - SCD + CPR)
    Destination Clock Delay (DCD):    2.702ns = ( 22.702 - 20.000 ) 
    Source Clock Delay      (SCD):    2.941ns
    Clock Pessimism Removal (CPR):    0.229ns
  Clock Uncertainty:      0.302ns  ((TSJ^2 + TIJ^2)^1/2 + DJ) / 2 + PE
    Total System Jitter     (TSJ):    0.071ns
    Total Input Jitter      (TIJ):    0.600ns
    Discrete Jitter          (DJ):    0.000ns
    Phase Error              (PE):    0.000ns

    Location             Delay type                Incr(ns)  Path(ns)    Netlist Resource(s)
  -------------------------------------------------------------------    -------------------
                         (clock clk_fpga_0 rise edge)
                                                      0.000     0.000 r  
    PS7_X0Y0             PS7                          0.000     0.000 r  design_1_i/processing_system7_0/inst/PS7_i/FCLKCLK[0]
                         net (fo=1, routed)           1.193     1.193    design_1_i/processing_system7_0/inst/FCLK_CLK_unbuffered[0]
    BUFGCTRL_X0Y16       BUFG (Prop_bufg_I_O)         0.101     1.294 r  design_1_i/processing_system7_0/inst/buffer_fclk_clk_0.FCLK_CLK_0_BUFG/O
                         net (fo=832, routed)         1.647     2.941    design_1_i/proc_sys_reset_0/U0/slowest_sync_clk
    SLICE_X34Y86         FDRE                                         r  design_1_i/proc_sys_reset_0/U0/ACTIVE_LOW_PR_OUT_DFF[0].FDRE_PER_N/C
  -------------------------------------------------------------------    -------------------
    SLICE_X34Y86         FDRE (Prop_fdre_C_Q)         0.518     3.459 r  design_1_i/proc_sys_reset_0/U0/ACTIVE_LOW_PR_OUT_DFF[0].FDRE_PER_N/Q
                         net (fo=10, routed)          1.172     4.631    design_1_i/interrupt_0/U0/interrupt_v1_0_S00_AXI_inst/counter_inst/s00_axi_aresetn
    SLICE_X37Y94         LUT1 (Prop_lut1_I0_O)        0.124     4.755 f  design_1_i/interrupt_0/U0/interrupt_v1_0_S00_AXI_inst/counter_inst/cnt[7]_i_2/O
                         net (fo=136, routed)         1.844     6.598    design_1_i/interrupt_0/U0/interrupt_v1_0_S00_AXI_inst/counter_inst/clear
    SLICE_X31Y90         FDCE                                         f  design_1_i/interrupt_0/U0/interrupt_v1_0_S00_AXI_inst/counter_inst/div_reg[1]/CLR
  -------------------------------------------------------------------    -------------------

                         (clock clk_fpga_0 rise edge)
                                                     20.000    20.000 r  
    PS7_X0Y0             PS7                          0.000    20.000 r  design_1_i/processing_system7_0/inst/PS7_i/FCLKCLK[0]
                         net (fo=1, routed)           1.088    21.088    design_1_i/processing_system7_0/inst/FCLK_CLK_unbuffered[0]
    BUFGCTRL_X0Y16       BUFG (Prop_bufg_I_O)         0.091    21.179 r  design_1_i/processing_system7_0/inst/buffer_fclk_clk_0.FCLK_CLK_0_BUFG/O
                         net (fo=832, routed)         1.523    22.702    design_1_i/interrupt_0/U0/interrupt_v1_0_S00_AXI_inst/counter_inst/s00_axi_aclk
    SLICE_X31Y90         FDCE                                         r  design_1_i/interrupt_0/U0/interrupt_v1_0_S00_AXI_inst/counter_inst/div_reg[1]/C
                         clock pessimism              0.229    22.931    
                         clock uncertainty           -0.302    22.629    
    SLICE_X31Y90         FDCE (Recov_fdce_C_CLR)     -0.405    22.224    design_1_i/interrupt_0/U0/interrupt_v1_0_S00_AXI_inst/counter_inst/div_reg[1]
  -------------------------------------------------------------------
                         required time                         22.224    
                         arrival time                          -6.598    
  -------------------------------------------------------------------
                         slack                                 15.626    

Slack (MET) :             15.626ns  (required time - arrival time)
  Source:                 design_1_i/proc_sys_reset_0/U0/ACTIVE_LOW_PR_OUT_DFF[0].FDRE_PER_N/C
                            (rising edge-triggered cell FDRE clocked by clk_fpga_0  {rise@0.000ns fall@10.000ns period=20.000ns})
  Destination:            design_1_i/interrupt_0/U0/interrupt_v1_0_S00_AXI_inst/counter_inst/div_reg[2]/CLR
                            (recovery check against rising-edge clock clk_fpga_0  {rise@0.000ns fall@10.000ns period=20.000ns})
  Path Group:             **async_default**
  Path Type:              Recovery (Max at Slow Process Corner)
  Requirement:            20.000ns  (clk_fpga_0 rise@20.000ns - clk_fpga_0 rise@0.000ns)
  Data Path Delay:        3.657ns  (logic 0.642ns (17.553%)  route 3.015ns (82.447%))
  Logic Levels:           1  (LUT1=1)
  Clock Path Skew:        -0.010ns (DCD - SCD + CPR)
    Destination Clock Delay (DCD):    2.702ns = ( 22.702 - 20.000 ) 
    Source Clock Delay      (SCD):    2.941ns
    Clock Pessimism Removal (CPR):    0.229ns
  Clock Uncertainty:      0.302ns  ((TSJ^2 + TIJ^2)^1/2 + DJ) / 2 + PE
    Total System Jitter     (TSJ):    0.071ns
    Total Input Jitter      (TIJ):    0.600ns
    Discrete Jitter          (DJ):    0.000ns
    Phase Error              (PE):    0.000ns

    Location             Delay type                Incr(ns)  Path(ns)    Netlist Resource(s)
  -------------------------------------------------------------------    -------------------
                         (clock clk_fpga_0 rise edge)
                                                      0.000     0.000 r  
    PS7_X0Y0             PS7                          0.000     0.000 r  design_1_i/processing_system7_0/inst/PS7_i/FCLKCLK[0]
                         net (fo=1, routed)           1.193     1.193    design_1_i/processing_system7_0/inst/FCLK_CLK_unbuffered[0]
    BUFGCTRL_X0Y16       BUFG (Prop_bufg_I_O)         0.101     1.294 r  design_1_i/processing_system7_0/inst/buffer_fclk_clk_0.FCLK_CLK_0_BUFG/O
                         net (fo=832, routed)         1.647     2.941    design_1_i/proc_sys_reset_0/U0/slowest_sync_clk
    SLICE_X34Y86         FDRE                                         r  design_1_i/proc_sys_reset_0/U0/ACTIVE_LOW_PR_OUT_DFF[0].FDRE_PER_N/C
  -------------------------------------------------------------------    -------------------
    SLICE_X34Y86         FDRE (Prop_fdre_C_Q)         0.518     3.459 r  design_1_i/proc_sys_reset_0/U0/ACTIVE_LOW_PR_OUT_DFF[0].FDRE_PER_N/Q
                         net (fo=10, routed)          1.172     4.631    design_1_i/interrupt_0/U0/interrupt_v1_0_S00_AXI_inst/counter_inst/s00_axi_aresetn
    SLICE_X37Y94         LUT1 (Prop_lut1_I0_O)        0.124     4.755 f  design_1_i/interrupt_0/U0/interrupt_v1_0_S00_AXI_inst/counter_inst/cnt[7]_i_2/O
                         net (fo=136, routed)         1.844     6.598    design_1_i/interrupt_0/U0/interrupt_v1_0_S00_AXI_inst/counter_inst/clear
    SLICE_X31Y90         FDCE                                         f  design_1_i/interrupt_0/U0/interrupt_v1_0_S00_AXI_inst/counter_inst/div_reg[2]/CLR
  -------------------------------------------------------------------    -------------------

                         (clock clk_fpga_0 rise edge)
                                                     20.000    20.000 r  
    PS7_X0Y0             PS7                          0.000    20.000 r  design_1_i/processing_system7_0/inst/PS7_i/FCLKCLK[0]
                         net (fo=1, routed)           1.088    21.088    design_1_i/processing_system7_0/inst/FCLK_CLK_unbuffered[0]
    BUFGCTRL_X0Y16       BUFG (Prop_bufg_I_O)         0.091    21.179 r  design_1_i/processing_system7_0/inst/buffer_fclk_clk_0.FCLK_CLK_0_BUFG/O
                         net (fo=832, routed)         1.523    22.702    design_1_i/interrupt_0/U0/interrupt_v1_0_S00_AXI_inst/counter_inst/s00_axi_aclk
    SLICE_X31Y90         FDCE                                         r  design_1_i/interrupt_0/U0/interrupt_v1_0_S00_AXI_inst/counter_inst/div_reg[2]/C
                         clock pessimism              0.229    22.931    
                         clock uncertainty           -0.302    22.629    
    SLICE_X31Y90         FDCE (Recov_fdce_C_CLR)     -0.405    22.224    design_1_i/interrupt_0/U0/interrupt_v1_0_S00_AXI_inst/counter_inst/div_reg[2]
  -------------------------------------------------------------------
                         required time                         22.224    
                         arrival time                          -6.598    
  -------------------------------------------------------------------
                         slack                                 15.626    

Slack (MET) :             15.626ns  (required time - arrival time)
  Source:                 design_1_i/proc_sys_reset_0/U0/ACTIVE_LOW_PR_OUT_DFF[0].FDRE_PER_N/C
                            (rising edge-triggered cell FDRE clocked by clk_fpga_0  {rise@0.000ns fall@10.000ns period=20.000ns})
  Destination:            design_1_i/interrupt_0/U0/interrupt_v1_0_S00_AXI_inst/counter_inst/div_reg[3]/CLR
                            (recovery check against rising-edge clock clk_fpga_0  {rise@0.000ns fall@10.000ns period=20.000ns})
  Path Group:             **async_default**
  Path Type:              Recovery (Max at Slow Process Corner)
  Requirement:            20.000ns  (clk_fpga_0 rise@20.000ns - clk_fpga_0 rise@0.000ns)
  Data Path Delay:        3.657ns  (logic 0.642ns (17.553%)  route 3.015ns (82.447%))
  Logic Levels:           1  (LUT1=1)
  Clock Path Skew:        -0.010ns (DCD - SCD + CPR)
    Destination Clock Delay (DCD):    2.702ns = ( 22.702 - 20.000 ) 
    Source Clock Delay      (SCD):    2.941ns
    Clock Pessimism Removal (CPR):    0.229ns
  Clock Uncertainty:      0.302ns  ((TSJ^2 + TIJ^2)^1/2 + DJ) / 2 + PE
    Total System Jitter     (TSJ):    0.071ns
    Total Input Jitter      (TIJ):    0.600ns
    Discrete Jitter          (DJ):    0.000ns
    Phase Error              (PE):    0.000ns

    Location             Delay type                Incr(ns)  Path(ns)    Netlist Resource(s)
  -------------------------------------------------------------------    -------------------
                         (clock clk_fpga_0 rise edge)
                                                      0.000     0.000 r  
    PS7_X0Y0             PS7                          0.000     0.000 r  design_1_i/processing_system7_0/inst/PS7_i/FCLKCLK[0]
                         net (fo=1, routed)           1.193     1.193    design_1_i/processing_system7_0/inst/FCLK_CLK_unbuffered[0]
    BUFGCTRL_X0Y16       BUFG (Prop_bufg_I_O)         0.101     1.294 r  design_1_i/processing_system7_0/inst/buffer_fclk_clk_0.FCLK_CLK_0_BUFG/O
                         net (fo=832, routed)         1.647     2.941    design_1_i/proc_sys_reset_0/U0/slowest_sync_clk
    SLICE_X34Y86         FDRE                                         r  design_1_i/proc_sys_reset_0/U0/ACTIVE_LOW_PR_OUT_DFF[0].FDRE_PER_N/C
  -------------------------------------------------------------------    -------------------
    SLICE_X34Y86         FDRE (Prop_fdre_C_Q)         0.518     3.459 r  design_1_i/proc_sys_reset_0/U0/ACTIVE_LOW_PR_OUT_DFF[0].FDRE_PER_N/Q
                         net (fo=10, routed)          1.172     4.631    design_1_i/interrupt_0/U0/interrupt_v1_0_S00_AXI_inst/counter_inst/s00_axi_aresetn
    SLICE_X37Y94         LUT1 (Prop_lut1_I0_O)        0.124     4.755 f  design_1_i/interrupt_0/U0/interrupt_v1_0_S00_AXI_inst/counter_inst/cnt[7]_i_2/O
                         net (fo=136, routed)         1.844     6.598    design_1_i/interrupt_0/U0/interrupt_v1_0_S00_AXI_inst/counter_inst/clear
    SLICE_X31Y90         FDCE                                         f  design_1_i/interrupt_0/U0/interrupt_v1_0_S00_AXI_inst/counter_inst/div_reg[3]/CLR
  -------------------------------------------------------------------    -------------------

                         (clock clk_fpga_0 rise edge)
                                                     20.000    20.000 r  
    PS7_X0Y0             PS7                          0.000    20.000 r  design_1_i/processing_system7_0/inst/PS7_i/FCLKCLK[0]
                         net (fo=1, routed)           1.088    21.088    design_1_i/processing_system7_0/inst/FCLK_CLK_unbuffered[0]
    BUFGCTRL_X0Y16       BUFG (Prop_bufg_I_O)         0.091    21.179 r  design_1_i/processing_system7_0/inst/buffer_fclk_clk_0.FCLK_CLK_0_BUFG/O
                         net (fo=832, routed)         1.523    22.702    design_1_i/interrupt_0/U0/interrupt_v1_0_S00_AXI_inst/counter_inst/s00_axi_aclk
    SLICE_X31Y90         FDCE                                         r  design_1_i/interrupt_0/U0/interrupt_v1_0_S00_AXI_inst/counter_inst/div_reg[3]/C
                         clock pessimism              0.229    22.931    
                         clock uncertainty           -0.302    22.629    
    SLICE_X31Y90         FDCE (Recov_fdce_C_CLR)     -0.405    22.224    design_1_i/interrupt_0/U0/interrupt_v1_0_S00_AXI_inst/counter_inst/div_reg[3]
  -------------------------------------------------------------------
                         required time                         22.224    
                         arrival time                          -6.598    
  -------------------------------------------------------------------
                         slack                                 15.626    

Slack (MET) :             15.676ns  (required time - arrival time)
  Source:                 design_1_i/proc_sys_reset_0/U0/ACTIVE_LOW_PR_OUT_DFF[0].FDRE_PER_N/C
                            (rising edge-triggered cell FDRE clocked by clk_fpga_0  {rise@0.000ns fall@10.000ns period=20.000ns})
  Destination:            design_1_i/interrupt_0/U0/interrupt_v1_0_S00_AXI_inst/counter_inst/div_reg[4]/CLR
                            (recovery check against rising-edge clock clk_fpga_0  {rise@0.000ns fall@10.000ns period=20.000ns})
  Path Group:             **async_default**
  Path Type:              Recovery (Max at Slow Process Corner)
  Requirement:            20.000ns  (clk_fpga_0 rise@20.000ns - clk_fpga_0 rise@0.000ns)
  Data Path Delay:        3.608ns  (logic 0.642ns (17.792%)  route 2.966ns (82.208%))
  Logic Levels:           1  (LUT1=1)
  Clock Path Skew:        -0.009ns (DCD - SCD + CPR)
    Destination Clock Delay (DCD):    2.703ns = ( 22.703 - 20.000 ) 
    Source Clock Delay      (SCD):    2.941ns
    Clock Pessimism Removal (CPR):    0.229ns
  Clock Uncertainty:      0.302ns  ((TSJ^2 + TIJ^2)^1/2 + DJ) / 2 + PE
    Total System Jitter     (TSJ):    0.071ns
    Total Input Jitter      (TIJ):    0.600ns
    Discrete Jitter          (DJ):    0.000ns
    Phase Error              (PE):    0.000ns

    Location             Delay type                Incr(ns)  Path(ns)    Netlist Resource(s)
  -------------------------------------------------------------------    -------------------
                         (clock clk_fpga_0 rise edge)
                                                      0.000     0.000 r  
    PS7_X0Y0             PS7                          0.000     0.000 r  design_1_i/processing_system7_0/inst/PS7_i/FCLKCLK[0]
                         net (fo=1, routed)           1.193     1.193    design_1_i/processing_system7_0/inst/FCLK_CLK_unbuffered[0]
    BUFGCTRL_X0Y16       BUFG (Prop_bufg_I_O)         0.101     1.294 r  design_1_i/processing_system7_0/inst/buffer_fclk_clk_0.FCLK_CLK_0_BUFG/O
                         net (fo=832, routed)         1.647     2.941    design_1_i/proc_sys_reset_0/U0/slowest_sync_clk
    SLICE_X34Y86         FDRE                                         r  design_1_i/proc_sys_reset_0/U0/ACTIVE_LOW_PR_OUT_DFF[0].FDRE_PER_N/C
  -------------------------------------------------------------------    -------------------
    SLICE_X34Y86         FDRE (Prop_fdre_C_Q)         0.518     3.459 r  design_1_i/proc_sys_reset_0/U0/ACTIVE_LOW_PR_OUT_DFF[0].FDRE_PER_N/Q
                         net (fo=10, routed)          1.172     4.631    design_1_i/interrupt_0/U0/interrupt_v1_0_S00_AXI_inst/counter_inst/s00_axi_aresetn
    SLICE_X37Y94         LUT1 (Prop_lut1_I0_O)        0.124     4.755 f  design_1_i/interrupt_0/U0/interrupt_v1_0_S00_AXI_inst/counter_inst/cnt[7]_i_2/O
                         net (fo=136, routed)         1.795     6.549    design_1_i/interrupt_0/U0/interrupt_v1_0_S00_AXI_inst/counter_inst/clear
    SLICE_X31Y91         FDCE                                         f  design_1_i/interrupt_0/U0/interrupt_v1_0_S00_AXI_inst/counter_inst/div_reg[4]/CLR
  -------------------------------------------------------------------    -------------------

                         (clock clk_fpga_0 rise edge)
                                                     20.000    20.000 r  
    PS7_X0Y0             PS7                          0.000    20.000 r  design_1_i/processing_system7_0/inst/PS7_i/FCLKCLK[0]
                         net (fo=1, routed)           1.088    21.088    design_1_i/processing_system7_0/inst/FCLK_CLK_unbuffered[0]
    BUFGCTRL_X0Y16       BUFG (Prop_bufg_I_O)         0.091    21.179 r  design_1_i/processing_system7_0/inst/buffer_fclk_clk_0.FCLK_CLK_0_BUFG/O
                         net (fo=832, routed)         1.524    22.703    design_1_i/interrupt_0/U0/interrupt_v1_0_S00_AXI_inst/counter_inst/s00_axi_aclk
    SLICE_X31Y91         FDCE                                         r  design_1_i/interrupt_0/U0/interrupt_v1_0_S00_AXI_inst/counter_inst/div_reg[4]/C
                         clock pessimism              0.229    22.932    
                         clock uncertainty           -0.302    22.630    
    SLICE_X31Y91         FDCE (Recov_fdce_C_CLR)     -0.405    22.225    design_1_i/interrupt_0/U0/interrupt_v1_0_S00_AXI_inst/counter_inst/div_reg[4]
  -------------------------------------------------------------------
                         required time                         22.225    
                         arrival time                          -6.549    
  -------------------------------------------------------------------
                         slack                                 15.676    

Slack (MET) :             15.676ns  (required time - arrival time)
  Source:                 design_1_i/proc_sys_reset_0/U0/ACTIVE_LOW_PR_OUT_DFF[0].FDRE_PER_N/C
                            (rising edge-triggered cell FDRE clocked by clk_fpga_0  {rise@0.000ns fall@10.000ns period=20.000ns})
  Destination:            design_1_i/interrupt_0/U0/interrupt_v1_0_S00_AXI_inst/counter_inst/div_reg[5]/CLR
                            (recovery check against rising-edge clock clk_fpga_0  {rise@0.000ns fall@10.000ns period=20.000ns})
  Path Group:             **async_default**
  Path Type:              Recovery (Max at Slow Process Corner)
  Requirement:            20.000ns  (clk_fpga_0 rise@20.000ns - clk_fpga_0 rise@0.000ns)
  Data Path Delay:        3.608ns  (logic 0.642ns (17.792%)  route 2.966ns (82.208%))
  Logic Levels:           1  (LUT1=1)
  Clock Path Skew:        -0.009ns (DCD - SCD + CPR)
    Destination Clock Delay (DCD):    2.703ns = ( 22.703 - 20.000 ) 
    Source Clock Delay      (SCD):    2.941ns
    Clock Pessimism Removal (CPR):    0.229ns
  Clock Uncertainty:      0.302ns  ((TSJ^2 + TIJ^2)^1/2 + DJ) / 2 + PE
    Total System Jitter     (TSJ):    0.071ns
    Total Input Jitter      (TIJ):    0.600ns
    Discrete Jitter          (DJ):    0.000ns
    Phase Error              (PE):    0.000ns

    Location             Delay type                Incr(ns)  Path(ns)    Netlist Resource(s)
  -------------------------------------------------------------------    -------------------
                         (clock clk_fpga_0 rise edge)
                                                      0.000     0.000 r  
    PS7_X0Y0             PS7                          0.000     0.000 r  design_1_i/processing_system7_0/inst/PS7_i/FCLKCLK[0]
                         net (fo=1, routed)           1.193     1.193    design_1_i/processing_system7_0/inst/FCLK_CLK_unbuffered[0]
    BUFGCTRL_X0Y16       BUFG (Prop_bufg_I_O)         0.101     1.294 r  design_1_i/processing_system7_0/inst/buffer_fclk_clk_0.FCLK_CLK_0_BUFG/O
                         net (fo=832, routed)         1.647     2.941    design_1_i/proc_sys_reset_0/U0/slowest_sync_clk
    SLICE_X34Y86         FDRE                                         r  design_1_i/proc_sys_reset_0/U0/ACTIVE_LOW_PR_OUT_DFF[0].FDRE_PER_N/C
  -------------------------------------------------------------------    -------------------
    SLICE_X34Y86         FDRE (Prop_fdre_C_Q)         0.518     3.459 r  design_1_i/proc_sys_reset_0/U0/ACTIVE_LOW_PR_OUT_DFF[0].FDRE_PER_N/Q
                         net (fo=10, routed)          1.172     4.631    design_1_i/interrupt_0/U0/interrupt_v1_0_S00_AXI_inst/counter_inst/s00_axi_aresetn
    SLICE_X37Y94         LUT1 (Prop_lut1_I0_O)        0.124     4.755 f  design_1_i/interrupt_0/U0/interrupt_v1_0_S00_AXI_inst/counter_inst/cnt[7]_i_2/O
                         net (fo=136, routed)         1.795     6.549    design_1_i/interrupt_0/U0/interrupt_v1_0_S00_AXI_inst/counter_inst/clear
    SLICE_X31Y91         FDCE                                         f  design_1_i/interrupt_0/U0/interrupt_v1_0_S00_AXI_inst/counter_inst/div_reg[5]/CLR
  -------------------------------------------------------------------    -------------------

                         (clock clk_fpga_0 rise edge)
                                                     20.000    20.000 r  
    PS7_X0Y0             PS7                          0.000    20.000 r  design_1_i/processing_system7_0/inst/PS7_i/FCLKCLK[0]
                         net (fo=1, routed)           1.088    21.088    design_1_i/processing_system7_0/inst/FCLK_CLK_unbuffered[0]
    BUFGCTRL_X0Y16       BUFG (Prop_bufg_I_O)         0.091    21.179 r  design_1_i/processing_system7_0/inst/buffer_fclk_clk_0.FCLK_CLK_0_BUFG/O
                         net (fo=832, routed)         1.524    22.703    design_1_i/interrupt_0/U0/interrupt_v1_0_S00_AXI_inst/counter_inst/s00_axi_aclk
    SLICE_X31Y91         FDCE                                         r  design_1_i/interrupt_0/U0/interrupt_v1_0_S00_AXI_inst/counter_inst/div_reg[5]/C
                         clock pessimism              0.229    22.932    
                         clock uncertainty           -0.302    22.630    
    SLICE_X31Y91         FDCE (Recov_fdce_C_CLR)     -0.405    22.225    design_1_i/interrupt_0/U0/interrupt_v1_0_S00_AXI_inst/counter_inst/div_reg[5]
  -------------------------------------------------------------------
                         required time                         22.225    
                         arrival time                          -6.549    
  -------------------------------------------------------------------
                         slack                                 15.676    





Min Delay Paths
--------------------------------------------------------------------------------------
Slack (MET) :             1.301ns  (arrival time - required time)
  Source:                 design_1_i/proc_sys_reset_0/U0/ACTIVE_LOW_PR_OUT_DFF[0].FDRE_PER_N/C
                            (rising edge-triggered cell FDRE clocked by clk_fpga_0  {rise@0.000ns fall@10.000ns period=20.000ns})
  Destination:            design_1_i/interrupt_0/U0/interrupt_v1_0_S00_AXI_inst/counter_inst/div_reg[16]/CLR
                            (removal check against rising-edge clock clk_fpga_0  {rise@0.000ns fall@10.000ns period=20.000ns})
  Path Group:             **async_default**
  Path Type:              Removal (Min at Fast Process Corner)
  Requirement:            0.000ns  (clk_fpga_0 rise@0.000ns - clk_fpga_0 rise@0.000ns)
  Data Path Delay:        1.265ns  (logic 0.209ns (16.527%)  route 1.056ns (83.473%))
  Logic Levels:           1  (LUT1=1)
  Clock Path Skew:        0.056ns (DCD - SCD - CPR)
    Destination Clock Delay (DCD):    1.210ns
    Source Clock Delay      (SCD):    0.890ns
    Clock Pessimism Removal (CPR):    0.264ns

    Location             Delay type                Incr(ns)  Path(ns)    Netlist Resource(s)
  -------------------------------------------------------------------    -------------------
                         (clock clk_fpga_0 rise edge)
                                                      0.000     0.000 r  
    PS7_X0Y0             PS7                          0.000     0.000 r  design_1_i/processing_system7_0/inst/PS7_i/FCLKCLK[0]
                         net (fo=1, routed)           0.310     0.310    design_1_i/processing_system7_0/inst/FCLK_CLK_unbuffered[0]
    BUFGCTRL_X0Y16       BUFG (Prop_bufg_I_O)         0.026     0.336 r  design_1_i/processing_system7_0/inst/buffer_fclk_clk_0.FCLK_CLK_0_BUFG/O
                         net (fo=832, routed)         0.554     0.890    design_1_i/proc_sys_reset_0/U0/slowest_sync_clk
    SLICE_X34Y86         FDRE                                         r  design_1_i/proc_sys_reset_0/U0/ACTIVE_LOW_PR_OUT_DFF[0].FDRE_PER_N/C
  -------------------------------------------------------------------    -------------------
    SLICE_X34Y86         FDRE (Prop_fdre_C_Q)         0.164     1.054 r  design_1_i/proc_sys_reset_0/U0/ACTIVE_LOW_PR_OUT_DFF[0].FDRE_PER_N/Q
                         net (fo=10, routed)          0.451     1.504    design_1_i/interrupt_0/U0/interrupt_v1_0_S00_AXI_inst/counter_inst/s00_axi_aresetn
    SLICE_X37Y94         LUT1 (Prop_lut1_I0_O)        0.045     1.549 f  design_1_i/interrupt_0/U0/interrupt_v1_0_S00_AXI_inst/counter_inst/cnt[7]_i_2/O
                         net (fo=136, routed)         0.605     2.154    design_1_i/interrupt_0/U0/interrupt_v1_0_S00_AXI_inst/counter_inst/clear
    SLICE_X31Y94         FDCE                                         f  design_1_i/interrupt_0/U0/interrupt_v1_0_S00_AXI_inst/counter_inst/div_reg[16]/CLR
  -------------------------------------------------------------------    -------------------

                         (clock clk_fpga_0 rise edge)
                                                      0.000     0.000 r  
    PS7_X0Y0             PS7                          0.000     0.000 r  design_1_i/processing_system7_0/inst/PS7_i/FCLKCLK[0]
                         net (fo=1, routed)           0.337     0.337    design_1_i/processing_system7_0/inst/FCLK_CLK_unbuffered[0]
    BUFGCTRL_X0Y16       BUFG (Prop_bufg_I_O)         0.029     0.366 r  design_1_i/processing_system7_0/inst/buffer_fclk_clk_0.FCLK_CLK_0_BUFG/O
                         net (fo=832, routed)         0.844     1.210    design_1_i/interrupt_0/U0/interrupt_v1_0_S00_AXI_inst/counter_inst/s00_axi_aclk
    SLICE_X31Y94         FDCE                                         r  design_1_i/interrupt_0/U0/interrupt_v1_0_S00_AXI_inst/counter_inst/div_reg[16]/C
                         clock pessimism             -0.264     0.946    
    SLICE_X31Y94         FDCE (Remov_fdce_C_CLR)     -0.092     0.854    design_1_i/interrupt_0/U0/interrupt_v1_0_S00_AXI_inst/counter_inst/div_reg[16]
  -------------------------------------------------------------------
                         required time                         -0.854    
                         arrival time                           2.154    
  -------------------------------------------------------------------
                         slack                                  1.301    

Slack (MET) :             1.301ns  (arrival time - required time)
  Source:                 design_1_i/proc_sys_reset_0/U0/ACTIVE_LOW_PR_OUT_DFF[0].FDRE_PER_N/C
                            (rising edge-triggered cell FDRE clocked by clk_fpga_0  {rise@0.000ns fall@10.000ns period=20.000ns})
  Destination:            design_1_i/interrupt_0/U0/interrupt_v1_0_S00_AXI_inst/counter_inst/div_reg[17]/CLR
                            (removal check against rising-edge clock clk_fpga_0  {rise@0.000ns fall@10.000ns period=20.000ns})
  Path Group:             **async_default**
  Path Type:              Removal (Min at Fast Process Corner)
  Requirement:            0.000ns  (clk_fpga_0 rise@0.000ns - clk_fpga_0 rise@0.000ns)
  Data Path Delay:        1.265ns  (logic 0.209ns (16.527%)  route 1.056ns (83.473%))
  Logic Levels:           1  (LUT1=1)
  Clock Path Skew:        0.056ns (DCD - SCD - CPR)
    Destination Clock Delay (DCD):    1.210ns
    Source Clock Delay      (SCD):    0.890ns
    Clock Pessimism Removal (CPR):    0.264ns

    Location             Delay type                Incr(ns)  Path(ns)    Netlist Resource(s)
  -------------------------------------------------------------------    -------------------
                         (clock clk_fpga_0 rise edge)
                                                      0.000     0.000 r  
    PS7_X0Y0             PS7                          0.000     0.000 r  design_1_i/processing_system7_0/inst/PS7_i/FCLKCLK[0]
                         net (fo=1, routed)           0.310     0.310    design_1_i/processing_system7_0/inst/FCLK_CLK_unbuffered[0]
    BUFGCTRL_X0Y16       BUFG (Prop_bufg_I_O)         0.026     0.336 r  design_1_i/processing_system7_0/inst/buffer_fclk_clk_0.FCLK_CLK_0_BUFG/O
                         net (fo=832, routed)         0.554     0.890    design_1_i/proc_sys_reset_0/U0/slowest_sync_clk
    SLICE_X34Y86         FDRE                                         r  design_1_i/proc_sys_reset_0/U0/ACTIVE_LOW_PR_OUT_DFF[0].FDRE_PER_N/C
  -------------------------------------------------------------------    -------------------
    SLICE_X34Y86         FDRE (Prop_fdre_C_Q)         0.164     1.054 r  design_1_i/proc_sys_reset_0/U0/ACTIVE_LOW_PR_OUT_DFF[0].FDRE_PER_N/Q
                         net (fo=10, routed)          0.451     1.504    design_1_i/interrupt_0/U0/interrupt_v1_0_S00_AXI_inst/counter_inst/s00_axi_aresetn
    SLICE_X37Y94         LUT1 (Prop_lut1_I0_O)        0.045     1.549 f  design_1_i/interrupt_0/U0/interrupt_v1_0_S00_AXI_inst/counter_inst/cnt[7]_i_2/O
                         net (fo=136, routed)         0.605     2.154    design_1_i/interrupt_0/U0/interrupt_v1_0_S00_AXI_inst/counter_inst/clear
    SLICE_X31Y94         FDCE                                         f  design_1_i/interrupt_0/U0/interrupt_v1_0_S00_AXI_inst/counter_inst/div_reg[17]/CLR
  -------------------------------------------------------------------    -------------------

                         (clock clk_fpga_0 rise edge)
                                                      0.000     0.000 r  
    PS7_X0Y0             PS7                          0.000     0.000 r  design_1_i/processing_system7_0/inst/PS7_i/FCLKCLK[0]
                         net (fo=1, routed)           0.337     0.337    design_1_i/processing_system7_0/inst/FCLK_CLK_unbuffered[0]
    BUFGCTRL_X0Y16       BUFG (Prop_bufg_I_O)         0.029     0.366 r  design_1_i/processing_system7_0/inst/buffer_fclk_clk_0.FCLK_CLK_0_BUFG/O
                         net (fo=832, routed)         0.844     1.210    design_1_i/interrupt_0/U0/interrupt_v1_0_S00_AXI_inst/counter_inst/s00_axi_aclk
    SLICE_X31Y94         FDCE                                         r  design_1_i/interrupt_0/U0/interrupt_v1_0_S00_AXI_inst/counter_inst/div_reg[17]/C
                         clock pessimism             -0.264     0.946    
    SLICE_X31Y94         FDCE (Remov_fdce_C_CLR)     -0.092     0.854    design_1_i/interrupt_0/U0/interrupt_v1_0_S00_AXI_inst/counter_inst/div_reg[17]
  -------------------------------------------------------------------
                         required time                         -0.854    
                         arrival time                           2.154    
  -------------------------------------------------------------------
                         slack                                  1.301    

Slack (MET) :             1.301ns  (arrival time - required time)
  Source:                 design_1_i/proc_sys_reset_0/U0/ACTIVE_LOW_PR_OUT_DFF[0].FDRE_PER_N/C
                            (rising edge-triggered cell FDRE clocked by clk_fpga_0  {rise@0.000ns fall@10.000ns period=20.000ns})
  Destination:            design_1_i/interrupt_0/U0/interrupt_v1_0_S00_AXI_inst/counter_inst/div_reg[18]/CLR
                            (removal check against rising-edge clock clk_fpga_0  {rise@0.000ns fall@10.000ns period=20.000ns})
  Path Group:             **async_default**
  Path Type:              Removal (Min at Fast Process Corner)
  Requirement:            0.000ns  (clk_fpga_0 rise@0.000ns - clk_fpga_0 rise@0.000ns)
  Data Path Delay:        1.265ns  (logic 0.209ns (16.527%)  route 1.056ns (83.473%))
  Logic Levels:           1  (LUT1=1)
  Clock Path Skew:        0.056ns (DCD - SCD - CPR)
    Destination Clock Delay (DCD):    1.210ns
    Source Clock Delay      (SCD):    0.890ns
    Clock Pessimism Removal (CPR):    0.264ns

    Location             Delay type                Incr(ns)  Path(ns)    Netlist Resource(s)
  -------------------------------------------------------------------    -------------------
                         (clock clk_fpga_0 rise edge)
                                                      0.000     0.000 r  
    PS7_X0Y0             PS7                          0.000     0.000 r  design_1_i/processing_system7_0/inst/PS7_i/FCLKCLK[0]
                         net (fo=1, routed)           0.310     0.310    design_1_i/processing_system7_0/inst/FCLK_CLK_unbuffered[0]
    BUFGCTRL_X0Y16       BUFG (Prop_bufg_I_O)         0.026     0.336 r  design_1_i/processing_system7_0/inst/buffer_fclk_clk_0.FCLK_CLK_0_BUFG/O
                         net (fo=832, routed)         0.554     0.890    design_1_i/proc_sys_reset_0/U0/slowest_sync_clk
    SLICE_X34Y86         FDRE                                         r  design_1_i/proc_sys_reset_0/U0/ACTIVE_LOW_PR_OUT_DFF[0].FDRE_PER_N/C
  -------------------------------------------------------------------    -------------------
    SLICE_X34Y86         FDRE (Prop_fdre_C_Q)         0.164     1.054 r  design_1_i/proc_sys_reset_0/U0/ACTIVE_LOW_PR_OUT_DFF[0].FDRE_PER_N/Q
                         net (fo=10, routed)          0.451     1.504    design_1_i/interrupt_0/U0/interrupt_v1_0_S00_AXI_inst/counter_inst/s00_axi_aresetn
    SLICE_X37Y94         LUT1 (Prop_lut1_I0_O)        0.045     1.549 f  design_1_i/interrupt_0/U0/interrupt_v1_0_S00_AXI_inst/counter_inst/cnt[7]_i_2/O
                         net (fo=136, routed)         0.605     2.154    design_1_i/interrupt_0/U0/interrupt_v1_0_S00_AXI_inst/counter_inst/clear
    SLICE_X31Y94         FDCE                                         f  design_1_i/interrupt_0/U0/interrupt_v1_0_S00_AXI_inst/counter_inst/div_reg[18]/CLR
  -------------------------------------------------------------------    -------------------

                         (clock clk_fpga_0 rise edge)
                                                      0.000     0.000 r  
    PS7_X0Y0             PS7                          0.000     0.000 r  design_1_i/processing_system7_0/inst/PS7_i/FCLKCLK[0]
                         net (fo=1, routed)           0.337     0.337    design_1_i/processing_system7_0/inst/FCLK_CLK_unbuffered[0]
    BUFGCTRL_X0Y16       BUFG (Prop_bufg_I_O)         0.029     0.366 r  design_1_i/processing_system7_0/inst/buffer_fclk_clk_0.FCLK_CLK_0_BUFG/O
                         net (fo=832, routed)         0.844     1.210    design_1_i/interrupt_0/U0/interrupt_v1_0_S00_AXI_inst/counter_inst/s00_axi_aclk
    SLICE_X31Y94         FDCE                                         r  design_1_i/interrupt_0/U0/interrupt_v1_0_S00_AXI_inst/counter_inst/div_reg[18]/C
                         clock pessimism             -0.264     0.946    
    SLICE_X31Y94         FDCE (Remov_fdce_C_CLR)     -0.092     0.854    design_1_i/interrupt_0/U0/interrupt_v1_0_S00_AXI_inst/counter_inst/div_reg[18]
  -------------------------------------------------------------------
                         required time                         -0.854    
                         arrival time                           2.154    
  -------------------------------------------------------------------
                         slack                                  1.301    

Slack (MET) :             1.301ns  (arrival time - required time)
  Source:                 design_1_i/proc_sys_reset_0/U0/ACTIVE_LOW_PR_OUT_DFF[0].FDRE_PER_N/C
                            (rising edge-triggered cell FDRE clocked by clk_fpga_0  {rise@0.000ns fall@10.000ns period=20.000ns})
  Destination:            design_1_i/interrupt_0/U0/interrupt_v1_0_S00_AXI_inst/counter_inst/div_reg[19]/CLR
                            (removal check against rising-edge clock clk_fpga_0  {rise@0.000ns fall@10.000ns period=20.000ns})
  Path Group:             **async_default**
  Path Type:              Removal (Min at Fast Process Corner)
  Requirement:            0.000ns  (clk_fpga_0 rise@0.000ns - clk_fpga_0 rise@0.000ns)
  Data Path Delay:        1.265ns  (logic 0.209ns (16.527%)  route 1.056ns (83.473%))
  Logic Levels:           1  (LUT1=1)
  Clock Path Skew:        0.056ns (DCD - SCD - CPR)
    Destination Clock Delay (DCD):    1.210ns
    Source Clock Delay      (SCD):    0.890ns
    Clock Pessimism Removal (CPR):    0.264ns

    Location             Delay type                Incr(ns)  Path(ns)    Netlist Resource(s)
  -------------------------------------------------------------------    -------------------
                         (clock clk_fpga_0 rise edge)
                                                      0.000     0.000 r  
    PS7_X0Y0             PS7                          0.000     0.000 r  design_1_i/processing_system7_0/inst/PS7_i/FCLKCLK[0]
                         net (fo=1, routed)           0.310     0.310    design_1_i/processing_system7_0/inst/FCLK_CLK_unbuffered[0]
    BUFGCTRL_X0Y16       BUFG (Prop_bufg_I_O)         0.026     0.336 r  design_1_i/processing_system7_0/inst/buffer_fclk_clk_0.FCLK_CLK_0_BUFG/O
                         net (fo=832, routed)         0.554     0.890    design_1_i/proc_sys_reset_0/U0/slowest_sync_clk
    SLICE_X34Y86         FDRE                                         r  design_1_i/proc_sys_reset_0/U0/ACTIVE_LOW_PR_OUT_DFF[0].FDRE_PER_N/C
  -------------------------------------------------------------------    -------------------
    SLICE_X34Y86         FDRE (Prop_fdre_C_Q)         0.164     1.054 r  design_1_i/proc_sys_reset_0/U0/ACTIVE_LOW_PR_OUT_DFF[0].FDRE_PER_N/Q
                         net (fo=10, routed)          0.451     1.504    design_1_i/interrupt_0/U0/interrupt_v1_0_S00_AXI_inst/counter_inst/s00_axi_aresetn
    SLICE_X37Y94         LUT1 (Prop_lut1_I0_O)        0.045     1.549 f  design_1_i/interrupt_0/U0/interrupt_v1_0_S00_AXI_inst/counter_inst/cnt[7]_i_2/O
                         net (fo=136, routed)         0.605     2.154    design_1_i/interrupt_0/U0/interrupt_v1_0_S00_AXI_inst/counter_inst/clear
    SLICE_X31Y94         FDCE                                         f  design_1_i/interrupt_0/U0/interrupt_v1_0_S00_AXI_inst/counter_inst/div_reg[19]/CLR
  -------------------------------------------------------------------    -------------------

                         (clock clk_fpga_0 rise edge)
                                                      0.000     0.000 r  
    PS7_X0Y0             PS7                          0.000     0.000 r  design_1_i/processing_system7_0/inst/PS7_i/FCLKCLK[0]
                         net (fo=1, routed)           0.337     0.337    design_1_i/processing_system7_0/inst/FCLK_CLK_unbuffered[0]
    BUFGCTRL_X0Y16       BUFG (Prop_bufg_I_O)         0.029     0.366 r  design_1_i/processing_system7_0/inst/buffer_fclk_clk_0.FCLK_CLK_0_BUFG/O
                         net (fo=832, routed)         0.844     1.210    design_1_i/interrupt_0/U0/interrupt_v1_0_S00_AXI_inst/counter_inst/s00_axi_aclk
    SLICE_X31Y94         FDCE                                         r  design_1_i/interrupt_0/U0/interrupt_v1_0_S00_AXI_inst/counter_inst/div_reg[19]/C
                         clock pessimism             -0.264     0.946    
    SLICE_X31Y94         FDCE (Remov_fdce_C_CLR)     -0.092     0.854    design_1_i/interrupt_0/U0/interrupt_v1_0_S00_AXI_inst/counter_inst/div_reg[19]
  -------------------------------------------------------------------
                         required time                         -0.854    
                         arrival time                           2.154    
  -------------------------------------------------------------------
                         slack                                  1.301    

Slack (MET) :             1.312ns  (arrival time - required time)
  Source:                 design_1_i/proc_sys_reset_0/U0/ACTIVE_LOW_PR_OUT_DFF[0].FDRE_PER_N/C
                            (rising edge-triggered cell FDRE clocked by clk_fpga_0  {rise@0.000ns fall@10.000ns period=20.000ns})
  Destination:            design_1_i/interrupt_0/U0/interrupt_v1_0_S00_AXI_inst/counter_inst/div_reg[24]/CLR
                            (removal check against rising-edge clock clk_fpga_0  {rise@0.000ns fall@10.000ns period=20.000ns})
  Path Group:             **async_default**
  Path Type:              Removal (Min at Fast Process Corner)
  Requirement:            0.000ns  (clk_fpga_0 rise@0.000ns - clk_fpga_0 rise@0.000ns)
  Data Path Delay:        1.276ns  (logic 0.209ns (16.379%)  route 1.067ns (83.621%))
  Logic Levels:           1  (LUT1=1)
  Clock Path Skew:        0.056ns (DCD - SCD - CPR)
    Destination Clock Delay (DCD):    1.210ns
    Source Clock Delay      (SCD):    0.890ns
    Clock Pessimism Removal (CPR):    0.264ns

    Location             Delay type                Incr(ns)  Path(ns)    Netlist Resource(s)
  -------------------------------------------------------------------    -------------------
                         (clock clk_fpga_0 rise edge)
                                                      0.000     0.000 r  
    PS7_X0Y0             PS7                          0.000     0.000 r  design_1_i/processing_system7_0/inst/PS7_i/FCLKCLK[0]
                         net (fo=1, routed)           0.310     0.310    design_1_i/processing_system7_0/inst/FCLK_CLK_unbuffered[0]
    BUFGCTRL_X0Y16       BUFG (Prop_bufg_I_O)         0.026     0.336 r  design_1_i/processing_system7_0/inst/buffer_fclk_clk_0.FCLK_CLK_0_BUFG/O
                         net (fo=832, routed)         0.554     0.890    design_1_i/proc_sys_reset_0/U0/slowest_sync_clk
    SLICE_X34Y86         FDRE                                         r  design_1_i/proc_sys_reset_0/U0/ACTIVE_LOW_PR_OUT_DFF[0].FDRE_PER_N/C
  -------------------------------------------------------------------    -------------------
    SLICE_X34Y86         FDRE (Prop_fdre_C_Q)         0.164     1.054 r  design_1_i/proc_sys_reset_0/U0/ACTIVE_LOW_PR_OUT_DFF[0].FDRE_PER_N/Q
                         net (fo=10, routed)          0.451     1.504    design_1_i/interrupt_0/U0/interrupt_v1_0_S00_AXI_inst/counter_inst/s00_axi_aresetn
    SLICE_X37Y94         LUT1 (Prop_lut1_I0_O)        0.045     1.549 f  design_1_i/interrupt_0/U0/interrupt_v1_0_S00_AXI_inst/counter_inst/cnt[7]_i_2/O
                         net (fo=136, routed)         0.616     2.166    design_1_i/interrupt_0/U0/interrupt_v1_0_S00_AXI_inst/counter_inst/clear
    SLICE_X31Y96         FDCE                                         f  design_1_i/interrupt_0/U0/interrupt_v1_0_S00_AXI_inst/counter_inst/div_reg[24]/CLR
  -------------------------------------------------------------------    -------------------

                         (clock clk_fpga_0 rise edge)
                                                      0.000     0.000 r  
    PS7_X0Y0             PS7                          0.000     0.000 r  design_1_i/processing_system7_0/inst/PS7_i/FCLKCLK[0]
                         net (fo=1, routed)           0.337     0.337    design_1_i/processing_system7_0/inst/FCLK_CLK_unbuffered[0]
    BUFGCTRL_X0Y16       BUFG (Prop_bufg_I_O)         0.029     0.366 r  design_1_i/processing_system7_0/inst/buffer_fclk_clk_0.FCLK_CLK_0_BUFG/O
                         net (fo=832, routed)         0.844     1.210    design_1_i/interrupt_0/U0/interrupt_v1_0_S00_AXI_inst/counter_inst/s00_axi_aclk
    SLICE_X31Y96         FDCE                                         r  design_1_i/interrupt_0/U0/interrupt_v1_0_S00_AXI_inst/counter_inst/div_reg[24]/C
                         clock pessimism             -0.264     0.946    
    SLICE_X31Y96         FDCE (Remov_fdce_C_CLR)     -0.092     0.854    design_1_i/interrupt_0/U0/interrupt_v1_0_S00_AXI_inst/counter_inst/div_reg[24]
  -------------------------------------------------------------------
                         required time                         -0.854    
                         arrival time                           2.166    
  -------------------------------------------------------------------
                         slack                                  1.312    

Slack (MET) :             1.438ns  (arrival time - required time)
  Source:                 design_1_i/proc_sys_reset_0/U0/ACTIVE_LOW_PR_OUT_DFF[0].FDRE_PER_N/C
                            (rising edge-triggered cell FDRE clocked by clk_fpga_0  {rise@0.000ns fall@10.000ns period=20.000ns})
  Destination:            design_1_i/interrupt_0/U0/interrupt_v1_0_S00_AXI_inst/counter_inst/div_reg[10]/CLR
                            (removal check against rising-edge clock clk_fpga_0  {rise@0.000ns fall@10.000ns period=20.000ns})
  Path Group:             **async_default**
  Path Type:              Removal (Min at Fast Process Corner)
  Requirement:            0.000ns  (clk_fpga_0 rise@0.000ns - clk_fpga_0 rise@0.000ns)
  Data Path Delay:        1.401ns  (logic 0.209ns (14.915%)  route 1.192ns (85.085%))
  Logic Levels:           1  (LUT1=1)
  Clock Path Skew:        0.055ns (DCD - SCD - CPR)
    Destination Clock Delay (DCD):    1.209ns
    Source Clock Delay      (SCD):    0.890ns
    Clock Pessimism Removal (CPR):    0.264ns

    Location             Delay type                Incr(ns)  Path(ns)    Netlist Resource(s)
  -------------------------------------------------------------------    -------------------
                         (clock clk_fpga_0 rise edge)
                                                      0.000     0.000 r  
    PS7_X0Y0             PS7                          0.000     0.000 r  design_1_i/processing_system7_0/inst/PS7_i/FCLKCLK[0]
                         net (fo=1, routed)           0.310     0.310    design_1_i/processing_system7_0/inst/FCLK_CLK_unbuffered[0]
    BUFGCTRL_X0Y16       BUFG (Prop_bufg_I_O)         0.026     0.336 r  design_1_i/processing_system7_0/inst/buffer_fclk_clk_0.FCLK_CLK_0_BUFG/O
                         net (fo=832, routed)         0.554     0.890    design_1_i/proc_sys_reset_0/U0/slowest_sync_clk
    SLICE_X34Y86         FDRE                                         r  design_1_i/proc_sys_reset_0/U0/ACTIVE_LOW_PR_OUT_DFF[0].FDRE_PER_N/C
  -------------------------------------------------------------------    -------------------
    SLICE_X34Y86         FDRE (Prop_fdre_C_Q)         0.164     1.054 r  design_1_i/proc_sys_reset_0/U0/ACTIVE_LOW_PR_OUT_DFF[0].FDRE_PER_N/Q
                         net (fo=10, routed)          0.451     1.504    design_1_i/interrupt_0/U0/interrupt_v1_0_S00_AXI_inst/counter_inst/s00_axi_aresetn
    SLICE_X37Y94         LUT1 (Prop_lut1_I0_O)        0.045     1.549 f  design_1_i/interrupt_0/U0/interrupt_v1_0_S00_AXI_inst/counter_inst/cnt[7]_i_2/O
                         net (fo=136, routed)         0.741     2.291    design_1_i/interrupt_0/U0/interrupt_v1_0_S00_AXI_inst/counter_inst/clear
    SLICE_X31Y92         FDCE                                         f  design_1_i/interrupt_0/U0/interrupt_v1_0_S00_AXI_inst/counter_inst/div_reg[10]/CLR
  -------------------------------------------------------------------    -------------------

                         (clock clk_fpga_0 rise edge)
                                                      0.000     0.000 r  
    PS7_X0Y0             PS7                          0.000     0.000 r  design_1_i/processing_system7_0/inst/PS7_i/FCLKCLK[0]
                         net (fo=1, routed)           0.337     0.337    design_1_i/processing_system7_0/inst/FCLK_CLK_unbuffered[0]
    BUFGCTRL_X0Y16       BUFG (Prop_bufg_I_O)         0.029     0.366 r  design_1_i/processing_system7_0/inst/buffer_fclk_clk_0.FCLK_CLK_0_BUFG/O
                         net (fo=832, routed)         0.843     1.209    design_1_i/interrupt_0/U0/interrupt_v1_0_S00_AXI_inst/counter_inst/s00_axi_aclk
    SLICE_X31Y92         FDCE                                         r  design_1_i/interrupt_0/U0/interrupt_v1_0_S00_AXI_inst/counter_inst/div_reg[10]/C
                         clock pessimism             -0.264     0.945    
    SLICE_X31Y92         FDCE (Remov_fdce_C_CLR)     -0.092     0.853    design_1_i/interrupt_0/U0/interrupt_v1_0_S00_AXI_inst/counter_inst/div_reg[10]
  -------------------------------------------------------------------
                         required time                         -0.853    
                         arrival time                           2.291    
  -------------------------------------------------------------------
                         slack                                  1.438    

Slack (MET) :             1.438ns  (arrival time - required time)
  Source:                 design_1_i/proc_sys_reset_0/U0/ACTIVE_LOW_PR_OUT_DFF[0].FDRE_PER_N/C
                            (rising edge-triggered cell FDRE clocked by clk_fpga_0  {rise@0.000ns fall@10.000ns period=20.000ns})
  Destination:            design_1_i/interrupt_0/U0/interrupt_v1_0_S00_AXI_inst/counter_inst/div_reg[11]/CLR
                            (removal check against rising-edge clock clk_fpga_0  {rise@0.000ns fall@10.000ns period=20.000ns})
  Path Group:             **async_default**
  Path Type:              Removal (Min at Fast Process Corner)
  Requirement:            0.000ns  (clk_fpga_0 rise@0.000ns - clk_fpga_0 rise@0.000ns)
  Data Path Delay:        1.401ns  (logic 0.209ns (14.915%)  route 1.192ns (85.085%))
  Logic Levels:           1  (LUT1=1)
  Clock Path Skew:        0.055ns (DCD - SCD - CPR)
    Destination Clock Delay (DCD):    1.209ns
    Source Clock Delay      (SCD):    0.890ns
    Clock Pessimism Removal (CPR):    0.264ns

    Location             Delay type                Incr(ns)  Path(ns)    Netlist Resource(s)
  -------------------------------------------------------------------    -------------------
                         (clock clk_fpga_0 rise edge)
                                                      0.000     0.000 r  
    PS7_X0Y0             PS7                          0.000     0.000 r  design_1_i/processing_system7_0/inst/PS7_i/FCLKCLK[0]
                         net (fo=1, routed)           0.310     0.310    design_1_i/processing_system7_0/inst/FCLK_CLK_unbuffered[0]
    BUFGCTRL_X0Y16       BUFG (Prop_bufg_I_O)         0.026     0.336 r  design_1_i/processing_system7_0/inst/buffer_fclk_clk_0.FCLK_CLK_0_BUFG/O
                         net (fo=832, routed)         0.554     0.890    design_1_i/proc_sys_reset_0/U0/slowest_sync_clk
    SLICE_X34Y86         FDRE                                         r  design_1_i/proc_sys_reset_0/U0/ACTIVE_LOW_PR_OUT_DFF[0].FDRE_PER_N/C
  -------------------------------------------------------------------    -------------------
    SLICE_X34Y86         FDRE (Prop_fdre_C_Q)         0.164     1.054 r  design_1_i/proc_sys_reset_0/U0/ACTIVE_LOW_PR_OUT_DFF[0].FDRE_PER_N/Q
                         net (fo=10, routed)          0.451     1.504    design_1_i/interrupt_0/U0/interrupt_v1_0_S00_AXI_inst/counter_inst/s00_axi_aresetn
    SLICE_X37Y94         LUT1 (Prop_lut1_I0_O)        0.045     1.549 f  design_1_i/interrupt_0/U0/interrupt_v1_0_S00_AXI_inst/counter_inst/cnt[7]_i_2/O
                         net (fo=136, routed)         0.741     2.291    design_1_i/interrupt_0/U0/interrupt_v1_0_S00_AXI_inst/counter_inst/clear
    SLICE_X31Y92         FDCE                                         f  design_1_i/interrupt_0/U0/interrupt_v1_0_S00_AXI_inst/counter_inst/div_reg[11]/CLR
  -------------------------------------------------------------------    -------------------

                         (clock clk_fpga_0 rise edge)
                                                      0.000     0.000 r  
    PS7_X0Y0             PS7                          0.000     0.000 r  design_1_i/processing_system7_0/inst/PS7_i/FCLKCLK[0]
                         net (fo=1, routed)           0.337     0.337    design_1_i/processing_system7_0/inst/FCLK_CLK_unbuffered[0]
    BUFGCTRL_X0Y16       BUFG (Prop_bufg_I_O)         0.029     0.366 r  design_1_i/processing_system7_0/inst/buffer_fclk_clk_0.FCLK_CLK_0_BUFG/O
                         net (fo=832, routed)         0.843     1.209    design_1_i/interrupt_0/U0/interrupt_v1_0_S00_AXI_inst/counter_inst/s00_axi_aclk
    SLICE_X31Y92         FDCE                                         r  design_1_i/interrupt_0/U0/interrupt_v1_0_S00_AXI_inst/counter_inst/div_reg[11]/C
                         clock pessimism             -0.264     0.945    
    SLICE_X31Y92         FDCE (Remov_fdce_C_CLR)     -0.092     0.853    design_1_i/interrupt_0/U0/interrupt_v1_0_S00_AXI_inst/counter_inst/div_reg[11]
  -------------------------------------------------------------------
                         required time                         -0.853    
                         arrival time                           2.291    
  -------------------------------------------------------------------
                         slack                                  1.438    

Slack (MET) :             1.438ns  (arrival time - required time)
  Source:                 design_1_i/proc_sys_reset_0/U0/ACTIVE_LOW_PR_OUT_DFF[0].FDRE_PER_N/C
                            (rising edge-triggered cell FDRE clocked by clk_fpga_0  {rise@0.000ns fall@10.000ns period=20.000ns})
  Destination:            design_1_i/interrupt_0/U0/interrupt_v1_0_S00_AXI_inst/counter_inst/div_reg[8]/CLR
                            (removal check against rising-edge clock clk_fpga_0  {rise@0.000ns fall@10.000ns period=20.000ns})
  Path Group:             **async_default**
  Path Type:              Removal (Min at Fast Process Corner)
  Requirement:            0.000ns  (clk_fpga_0 rise@0.000ns - clk_fpga_0 rise@0.000ns)
  Data Path Delay:        1.401ns  (logic 0.209ns (14.915%)  route 1.192ns (85.085%))
  Logic Levels:           1  (LUT1=1)
  Clock Path Skew:        0.055ns (DCD - SCD - CPR)
    Destination Clock Delay (DCD):    1.209ns
    Source Clock Delay      (SCD):    0.890ns
    Clock Pessimism Removal (CPR):    0.264ns

    Location             Delay type                Incr(ns)  Path(ns)    Netlist Resource(s)
  -------------------------------------------------------------------    -------------------
                         (clock clk_fpga_0 rise edge)
                                                      0.000     0.000 r  
    PS7_X0Y0             PS7                          0.000     0.000 r  design_1_i/processing_system7_0/inst/PS7_i/FCLKCLK[0]
                         net (fo=1, routed)           0.310     0.310    design_1_i/processing_system7_0/inst/FCLK_CLK_unbuffered[0]
    BUFGCTRL_X0Y16       BUFG (Prop_bufg_I_O)         0.026     0.336 r  design_1_i/processing_system7_0/inst/buffer_fclk_clk_0.FCLK_CLK_0_BUFG/O
                         net (fo=832, routed)         0.554     0.890    design_1_i/proc_sys_reset_0/U0/slowest_sync_clk
    SLICE_X34Y86         FDRE                                         r  design_1_i/proc_sys_reset_0/U0/ACTIVE_LOW_PR_OUT_DFF[0].FDRE_PER_N/C
  -------------------------------------------------------------------    -------------------
    SLICE_X34Y86         FDRE (Prop_fdre_C_Q)         0.164     1.054 r  design_1_i/proc_sys_reset_0/U0/ACTIVE_LOW_PR_OUT_DFF[0].FDRE_PER_N/Q
                         net (fo=10, routed)          0.451     1.504    design_1_i/interrupt_0/U0/interrupt_v1_0_S00_AXI_inst/counter_inst/s00_axi_aresetn
    SLICE_X37Y94         LUT1 (Prop_lut1_I0_O)        0.045     1.549 f  design_1_i/interrupt_0/U0/interrupt_v1_0_S00_AXI_inst/counter_inst/cnt[7]_i_2/O
                         net (fo=136, routed)         0.741     2.291    design_1_i/interrupt_0/U0/interrupt_v1_0_S00_AXI_inst/counter_inst/clear
    SLICE_X31Y92         FDCE                                         f  design_1_i/interrupt_0/U0/interrupt_v1_0_S00_AXI_inst/counter_inst/div_reg[8]/CLR
  -------------------------------------------------------------------    -------------------

                         (clock clk_fpga_0 rise edge)
                                                      0.000     0.000 r  
    PS7_X0Y0             PS7                          0.000     0.000 r  design_1_i/processing_system7_0/inst/PS7_i/FCLKCLK[0]
                         net (fo=1, routed)           0.337     0.337    design_1_i/processing_system7_0/inst/FCLK_CLK_unbuffered[0]
    BUFGCTRL_X0Y16       BUFG (Prop_bufg_I_O)         0.029     0.366 r  design_1_i/processing_system7_0/inst/buffer_fclk_clk_0.FCLK_CLK_0_BUFG/O
                         net (fo=832, routed)         0.843     1.209    design_1_i/interrupt_0/U0/interrupt_v1_0_S00_AXI_inst/counter_inst/s00_axi_aclk
    SLICE_X31Y92         FDCE                                         r  design_1_i/interrupt_0/U0/interrupt_v1_0_S00_AXI_inst/counter_inst/div_reg[8]/C
                         clock pessimism             -0.264     0.945    
    SLICE_X31Y92         FDCE (Remov_fdce_C_CLR)     -0.092     0.853    design_1_i/interrupt_0/U0/interrupt_v1_0_S00_AXI_inst/counter_inst/div_reg[8]
  -------------------------------------------------------------------
                         required time                         -0.853    
                         arrival time                           2.291    
  -------------------------------------------------------------------
                         slack                                  1.438    

Slack (MET) :             1.438ns  (arrival time - required time)
  Source:                 design_1_i/proc_sys_reset_0/U0/ACTIVE_LOW_PR_OUT_DFF[0].FDRE_PER_N/C
                            (rising edge-triggered cell FDRE clocked by clk_fpga_0  {rise@0.000ns fall@10.000ns period=20.000ns})
  Destination:            design_1_i/interrupt_0/U0/interrupt_v1_0_S00_AXI_inst/counter_inst/div_reg[9]/CLR
                            (removal check against rising-edge clock clk_fpga_0  {rise@0.000ns fall@10.000ns period=20.000ns})
  Path Group:             **async_default**
  Path Type:              Removal (Min at Fast Process Corner)
  Requirement:            0.000ns  (clk_fpga_0 rise@0.000ns - clk_fpga_0 rise@0.000ns)
  Data Path Delay:        1.401ns  (logic 0.209ns (14.915%)  route 1.192ns (85.085%))
  Logic Levels:           1  (LUT1=1)
  Clock Path Skew:        0.055ns (DCD - SCD - CPR)
    Destination Clock Delay (DCD):    1.209ns
    Source Clock Delay      (SCD):    0.890ns
    Clock Pessimism Removal (CPR):    0.264ns

    Location             Delay type                Incr(ns)  Path(ns)    Netlist Resource(s)
  -------------------------------------------------------------------    -------------------
                         (clock clk_fpga_0 rise edge)
                                                      0.000     0.000 r  
    PS7_X0Y0             PS7                          0.000     0.000 r  design_1_i/processing_system7_0/inst/PS7_i/FCLKCLK[0]
                         net (fo=1, routed)           0.310     0.310    design_1_i/processing_system7_0/inst/FCLK_CLK_unbuffered[0]
    BUFGCTRL_X0Y16       BUFG (Prop_bufg_I_O)         0.026     0.336 r  design_1_i/processing_system7_0/inst/buffer_fclk_clk_0.FCLK_CLK_0_BUFG/O
                         net (fo=832, routed)         0.554     0.890    design_1_i/proc_sys_reset_0/U0/slowest_sync_clk
    SLICE_X34Y86         FDRE                                         r  design_1_i/proc_sys_reset_0/U0/ACTIVE_LOW_PR_OUT_DFF[0].FDRE_PER_N/C
  -------------------------------------------------------------------    -------------------
    SLICE_X34Y86         FDRE (Prop_fdre_C_Q)         0.164     1.054 r  design_1_i/proc_sys_reset_0/U0/ACTIVE_LOW_PR_OUT_DFF[0].FDRE_PER_N/Q
                         net (fo=10, routed)          0.451     1.504    design_1_i/interrupt_0/U0/interrupt_v1_0_S00_AXI_inst/counter_inst/s00_axi_aresetn
    SLICE_X37Y94         LUT1 (Prop_lut1_I0_O)        0.045     1.549 f  design_1_i/interrupt_0/U0/interrupt_v1_0_S00_AXI_inst/counter_inst/cnt[7]_i_2/O
                         net (fo=136, routed)         0.741     2.291    design_1_i/interrupt_0/U0/interrupt_v1_0_S00_AXI_inst/counter_inst/clear
    SLICE_X31Y92         FDCE                                         f  design_1_i/interrupt_0/U0/interrupt_v1_0_S00_AXI_inst/counter_inst/div_reg[9]/CLR
  -------------------------------------------------------------------    -------------------

                         (clock clk_fpga_0 rise edge)
                                                      0.000     0.000 r  
    PS7_X0Y0             PS7                          0.000     0.000 r  design_1_i/processing_system7_0/inst/PS7_i/FCLKCLK[0]
                         net (fo=1, routed)           0.337     0.337    design_1_i/processing_system7_0/inst/FCLK_CLK_unbuffered[0]
    BUFGCTRL_X0Y16       BUFG (Prop_bufg_I_O)         0.029     0.366 r  design_1_i/processing_system7_0/inst/buffer_fclk_clk_0.FCLK_CLK_0_BUFG/O
                         net (fo=832, routed)         0.843     1.209    design_1_i/interrupt_0/U0/interrupt_v1_0_S00_AXI_inst/counter_inst/s00_axi_aclk
    SLICE_X31Y92         FDCE                                         r  design_1_i/interrupt_0/U0/interrupt_v1_0_S00_AXI_inst/counter_inst/div_reg[9]/C
                         clock pessimism             -0.264     0.945    
    SLICE_X31Y92         FDCE (Remov_fdce_C_CLR)     -0.092     0.853    design_1_i/interrupt_0/U0/interrupt_v1_0_S00_AXI_inst/counter_inst/div_reg[9]
  -------------------------------------------------------------------
                         required time                         -0.853    
                         arrival time                           2.291    
  -------------------------------------------------------------------
                         slack                                  1.438    

Slack (MET) :             1.452ns  (arrival time - required time)
  Source:                 design_1_i/proc_sys_reset_0/U0/ACTIVE_LOW_PR_OUT_DFF[0].FDRE_PER_N/C
                            (rising edge-triggered cell FDRE clocked by clk_fpga_0  {rise@0.000ns fall@10.000ns period=20.000ns})
  Destination:            design_1_i/interrupt_0/U0/interrupt_v1_0_S00_AXI_inst/counter_inst/div_reg[12]/CLR
                            (removal check against rising-edge clock clk_fpga_0  {rise@0.000ns fall@10.000ns period=20.000ns})
  Path Group:             **async_default**
  Path Type:              Removal (Min at Fast Process Corner)
  Requirement:            0.000ns  (clk_fpga_0 rise@0.000ns - clk_fpga_0 rise@0.000ns)
  Data Path Delay:        1.416ns  (logic 0.209ns (14.760%)  route 1.207ns (85.240%))
  Logic Levels:           1  (LUT1=1)
  Clock Path Skew:        0.056ns (DCD - SCD - CPR)
    Destination Clock Delay (DCD):    1.210ns
    Source Clock Delay      (SCD):    0.890ns
    Clock Pessimism Removal (CPR):    0.264ns

    Location             Delay type                Incr(ns)  Path(ns)    Netlist Resource(s)
  -------------------------------------------------------------------    -------------------
                         (clock clk_fpga_0 rise edge)
                                                      0.000     0.000 r  
    PS7_X0Y0             PS7                          0.000     0.000 r  design_1_i/processing_system7_0/inst/PS7_i/FCLKCLK[0]
                         net (fo=1, routed)           0.310     0.310    design_1_i/processing_system7_0/inst/FCLK_CLK_unbuffered[0]
    BUFGCTRL_X0Y16       BUFG (Prop_bufg_I_O)         0.026     0.336 r  design_1_i/processing_system7_0/inst/buffer_fclk_clk_0.FCLK_CLK_0_BUFG/O
                         net (fo=832, routed)         0.554     0.890    design_1_i/proc_sys_reset_0/U0/slowest_sync_clk
    SLICE_X34Y86         FDRE                                         r  design_1_i/proc_sys_reset_0/U0/ACTIVE_LOW_PR_OUT_DFF[0].FDRE_PER_N/C
  -------------------------------------------------------------------    -------------------
    SLICE_X34Y86         FDRE (Prop_fdre_C_Q)         0.164     1.054 r  design_1_i/proc_sys_reset_0/U0/ACTIVE_LOW_PR_OUT_DFF[0].FDRE_PER_N/Q
                         net (fo=10, routed)          0.451     1.504    design_1_i/interrupt_0/U0/interrupt_v1_0_S00_AXI_inst/counter_inst/s00_axi_aresetn
    SLICE_X37Y94         LUT1 (Prop_lut1_I0_O)        0.045     1.549 f  design_1_i/interrupt_0/U0/interrupt_v1_0_S00_AXI_inst/counter_inst/cnt[7]_i_2/O
                         net (fo=136, routed)         0.756     2.306    design_1_i/interrupt_0/U0/interrupt_v1_0_S00_AXI_inst/counter_inst/clear
    SLICE_X31Y93         FDCE                                         f  design_1_i/interrupt_0/U0/interrupt_v1_0_S00_AXI_inst/counter_inst/div_reg[12]/CLR
  -------------------------------------------------------------------    -------------------

                         (clock clk_fpga_0 rise edge)
                                                      0.000     0.000 r  
    PS7_X0Y0             PS7                          0.000     0.000 r  design_1_i/processing_system7_0/inst/PS7_i/FCLKCLK[0]
                         net (fo=1, routed)           0.337     0.337    design_1_i/processing_system7_0/inst/FCLK_CLK_unbuffered[0]
    BUFGCTRL_X0Y16       BUFG (Prop_bufg_I_O)         0.029     0.366 r  design_1_i/processing_system7_0/inst/buffer_fclk_clk_0.FCLK_CLK_0_BUFG/O
                         net (fo=832, routed)         0.844     1.210    design_1_i/interrupt_0/U0/interrupt_v1_0_S00_AXI_inst/counter_inst/s00_axi_aclk
    SLICE_X31Y93         FDCE                                         r  design_1_i/interrupt_0/U0/interrupt_v1_0_S00_AXI_inst/counter_inst/div_reg[12]/C
                         clock pessimism             -0.264     0.946    
    SLICE_X31Y93         FDCE (Remov_fdce_C_CLR)     -0.092     0.854    design_1_i/interrupt_0/U0/interrupt_v1_0_S00_AXI_inst/counter_inst/div_reg[12]
  -------------------------------------------------------------------
                         required time                         -0.854    
                         arrival time                           2.306    
  -------------------------------------------------------------------
                         slack                                  1.452    





