09:52:43 INFO  : Registering command handlers for SDK TCF services
09:52:44 INFO  : Launching XSCT server: xsct.bat -interactive C:\soc\HW2_interrupt\HW2_interrupt.sdk\temp_xsdb_launch_script.tcl
09:52:47 INFO  : XSCT server has started successfully.
09:52:47 INFO  : Successfully done setting XSCT server connection channel  
09:52:52 INFO  : Successfully done setting SDK workspace  
09:52:52 INFO  : Processing command line option -hwspec C:/soc/HW2_interrupt/HW2_interrupt.sdk/design_1_wrapper.hdf.
09:55:29 INFO  : Connected to target on host '127.0.0.1' and port '3121'.
09:55:29 INFO  : 'targets -set -filter {jtag_cable_name =~ "Xilinx TUL 1234-tulA" && level==0} -index 1' command is executed.
09:55:32 INFO  : FPGA configured successfully with bitstream "C:/soc/HW2_interrupt/HW2_interrupt.sdk/design_1_wrapper_hw_platform_0/design_1_wrapper.bit"
09:57:45 INFO  : 'targets -set -filter {jtag_cable_name =~ "Xilinx TUL 1234-tulA" && level==0} -index 1' command is executed.
09:57:45 INFO  : 'fpga -state' command is executed.
09:57:45 INFO  : Connected to target on host '127.0.0.1' and port '3121'.
09:57:45 INFO  : Jtag cable 'Xilinx TUL 1234-tulA' is selected.
09:57:45 INFO  : 'jtag frequency' command is executed.
09:57:45 INFO  : Sourcing of 'C:/soc/HW2_interrupt/HW2_interrupt.sdk/design_1_wrapper_hw_platform_0/ps7_init.tcl' is done.
09:57:45 INFO  : Context for 'APU' is selected.
09:57:45 INFO  : Hardware design information is loaded from 'C:/soc/HW2_interrupt/HW2_interrupt.sdk/design_1_wrapper_hw_platform_0/system.hdf'.
09:57:45 INFO  : 'configparams force-mem-access 1' command is executed.
09:57:45 INFO  : Context for 'APU' is selected.
09:57:45 INFO  : 'stop' command is executed.
09:57:45 INFO  : 'ps7_init' command is executed.
09:57:45 INFO  : 'ps7_post_config' command is executed.
09:57:45 INFO  : Context for processor 'ps7_cortexa9_0' is selected.
09:57:45 INFO  : Processor reset is completed for 'ps7_cortexa9_0'.
09:57:46 INFO  : Context for processor 'ps7_cortexa9_0' is selected.
09:57:46 INFO  : The application 'C:/soc/HW2_interrupt/HW2_interrupt.sdk/HW2_interrupt/Debug/HW2_interrupt.elf' is downloaded to processor 'ps7_cortexa9_0'.
09:57:46 INFO  : 'configparams force-mem-access 0' command is executed.
09:57:46 INFO  : ----------------XSDB Script----------------
connect -url tcp:127.0.0.1:3121
source C:/soc/HW2_interrupt/HW2_interrupt.sdk/design_1_wrapper_hw_platform_0/ps7_init.tcl
targets -set -nocase -filter {name =~"APU*" && jtag_cable_name =~ "Xilinx TUL 1234-tulA"} -index 0
loadhw -hw C:/soc/HW2_interrupt/HW2_interrupt.sdk/design_1_wrapper_hw_platform_0/system.hdf -mem-ranges [list {0x40000000 0xbfffffff}]
configparams force-mem-access 1
targets -set -nocase -filter {name =~"APU*" && jtag_cable_name =~ "Xilinx TUL 1234-tulA"} -index 0
stop
ps7_init
ps7_post_config
targets -set -nocase -filter {name =~ "ARM*#0" && jtag_cable_name =~ "Xilinx TUL 1234-tulA"} -index 0
rst -processor
targets -set -nocase -filter {name =~ "ARM*#0" && jtag_cable_name =~ "Xilinx TUL 1234-tulA"} -index 0
dow C:/soc/HW2_interrupt/HW2_interrupt.sdk/HW2_interrupt/Debug/HW2_interrupt.elf
configparams force-mem-access 0
----------------End of Script----------------

09:57:46 INFO  : Memory regions updated for context APU
09:57:46 INFO  : Context for processor 'ps7_cortexa9_0' is selected.
09:57:46 INFO  : 'con' command is executed.
09:57:46 INFO  : ----------------XSDB Script (After Launch)----------------
targets -set -nocase -filter {name =~ "ARM*#0" && jtag_cable_name =~ "Xilinx TUL 1234-tulA"} -index 0
con
----------------End of Script----------------

09:57:46 INFO  : Launch script is exported to file 'C:\soc\HW2_interrupt\HW2_interrupt.sdk\.sdk\launch_scripts\xilinx_c-c++_application_(system_debugger)\system_debugger_using_debug_hw2_interrupt.elf_on_local.tcl'
10:03:06 INFO  : Connected to target on host '127.0.0.1' and port '3121'.
10:03:06 INFO  : 'targets -set -filter {jtag_cable_name =~ "Xilinx TUL 1234-tulA" && level==0} -index 1' command is executed.
10:03:09 INFO  : FPGA configured successfully with bitstream "C:/soc/HW2_interrupt/HW2_interrupt.sdk/design_1_wrapper_hw_platform_0/design_1_wrapper.bit"
10:03:24 INFO  : Disconnected from the channel tcfchan#1.
10:03:25 INFO  : 'targets -set -filter {jtag_cable_name =~ "Xilinx TUL 1234-tulA" && level==0} -index 1' command is executed.
10:03:25 INFO  : 'fpga -state' command is executed.
10:03:25 INFO  : Connected to target on host '127.0.0.1' and port '3121'.
10:03:25 INFO  : Jtag cable 'Xilinx TUL 1234-tulA' is selected.
10:03:25 INFO  : 'jtag frequency' command is executed.
10:03:25 INFO  : Sourcing of 'C:/soc/HW2_interrupt/HW2_interrupt.sdk/design_1_wrapper_hw_platform_0/ps7_init.tcl' is done.
10:03:25 INFO  : Context for 'APU' is selected.
10:03:27 INFO  : Hardware design information is loaded from 'C:/soc/HW2_interrupt/HW2_interrupt.sdk/design_1_wrapper_hw_platform_0/system.hdf'.
10:03:27 INFO  : 'configparams force-mem-access 1' command is executed.
10:03:27 INFO  : Context for 'APU' is selected.
10:03:27 INFO  : 'stop' command is executed.
10:03:27 INFO  : 'ps7_init' command is executed.
10:03:27 INFO  : 'ps7_post_config' command is executed.
10:03:27 INFO  : Context for processor 'ps7_cortexa9_0' is selected.
10:03:27 INFO  : Processor reset is completed for 'ps7_cortexa9_0'.
10:03:27 INFO  : Context for processor 'ps7_cortexa9_0' is selected.
10:03:27 INFO  : The application 'C:/soc/HW2_interrupt/HW2_interrupt.sdk/HW2_interrupt/Debug/HW2_interrupt.elf' is downloaded to processor 'ps7_cortexa9_0'.
10:03:27 INFO  : 'configparams force-mem-access 0' command is executed.
10:03:27 INFO  : ----------------XSDB Script----------------
connect -url tcp:127.0.0.1:3121
source C:/soc/HW2_interrupt/HW2_interrupt.sdk/design_1_wrapper_hw_platform_0/ps7_init.tcl
targets -set -nocase -filter {name =~"APU*" && jtag_cable_name =~ "Xilinx TUL 1234-tulA"} -index 0
loadhw -hw C:/soc/HW2_interrupt/HW2_interrupt.sdk/design_1_wrapper_hw_platform_0/system.hdf -mem-ranges [list {0x40000000 0xbfffffff}]
configparams force-mem-access 1
targets -set -nocase -filter {name =~"APU*" && jtag_cable_name =~ "Xilinx TUL 1234-tulA"} -index 0
stop
ps7_init
ps7_post_config
targets -set -nocase -filter {name =~ "ARM*#0" && jtag_cable_name =~ "Xilinx TUL 1234-tulA"} -index 0
rst -processor
targets -set -nocase -filter {name =~ "ARM*#0" && jtag_cable_name =~ "Xilinx TUL 1234-tulA"} -index 0
dow C:/soc/HW2_interrupt/HW2_interrupt.sdk/HW2_interrupt/Debug/HW2_interrupt.elf
configparams force-mem-access 0
----------------End of Script----------------

10:03:27 INFO  : Memory regions updated for context APU
10:03:27 INFO  : Context for processor 'ps7_cortexa9_0' is selected.
10:03:27 INFO  : 'con' command is executed.
10:03:27 INFO  : ----------------XSDB Script (After Launch)----------------
targets -set -nocase -filter {name =~ "ARM*#0" && jtag_cable_name =~ "Xilinx TUL 1234-tulA"} -index 0
con
----------------End of Script----------------

10:03:27 INFO  : Launch script is exported to file 'C:\soc\HW2_interrupt\HW2_interrupt.sdk\.sdk\launch_scripts\xilinx_c-c++_application_(system_debugger)\system_debugger_using_debug_hw2_interrupt.elf_on_local.tcl'
10:05:32 INFO  : Disconnected from the channel tcfchan#2.
10:05:33 INFO  : 'targets -set -filter {jtag_cable_name =~ "Xilinx TUL 1234-tulA" && level==0} -index 1' command is executed.
10:05:33 INFO  : 'fpga -state' command is executed.
10:05:33 INFO  : Connected to target on host '127.0.0.1' and port '3121'.
10:05:33 INFO  : Jtag cable 'Xilinx TUL 1234-tulA' is selected.
10:05:33 INFO  : 'jtag frequency' command is executed.
10:05:33 INFO  : Sourcing of 'C:/soc/HW2_interrupt/HW2_interrupt.sdk/design_1_wrapper_hw_platform_0/ps7_init.tcl' is done.
10:05:33 INFO  : Context for 'APU' is selected.
10:05:35 INFO  : Hardware design information is loaded from 'C:/soc/HW2_interrupt/HW2_interrupt.sdk/design_1_wrapper_hw_platform_0/system.hdf'.
10:05:35 INFO  : 'configparams force-mem-access 1' command is executed.
10:05:35 INFO  : Context for 'APU' is selected.
10:05:35 INFO  : 'stop' command is executed.
10:05:35 INFO  : 'ps7_init' command is executed.
10:05:35 INFO  : 'ps7_post_config' command is executed.
10:05:35 INFO  : Context for processor 'ps7_cortexa9_0' is selected.
10:05:35 INFO  : Processor reset is completed for 'ps7_cortexa9_0'.
10:05:35 INFO  : Context for processor 'ps7_cortexa9_0' is selected.
10:05:35 INFO  : The application 'C:/soc/HW2_interrupt/HW2_interrupt.sdk/HW2_interrupt/Debug/HW2_interrupt.elf' is downloaded to processor 'ps7_cortexa9_0'.
10:05:35 INFO  : 'configparams force-mem-access 0' command is executed.
10:05:35 INFO  : ----------------XSDB Script----------------
connect -url tcp:127.0.0.1:3121
source C:/soc/HW2_interrupt/HW2_interrupt.sdk/design_1_wrapper_hw_platform_0/ps7_init.tcl
targets -set -nocase -filter {name =~"APU*" && jtag_cable_name =~ "Xilinx TUL 1234-tulA"} -index 0
loadhw -hw C:/soc/HW2_interrupt/HW2_interrupt.sdk/design_1_wrapper_hw_platform_0/system.hdf -mem-ranges [list {0x40000000 0xbfffffff}]
configparams force-mem-access 1
targets -set -nocase -filter {name =~"APU*" && jtag_cable_name =~ "Xilinx TUL 1234-tulA"} -index 0
stop
ps7_init
ps7_post_config
targets -set -nocase -filter {name =~ "ARM*#0" && jtag_cable_name =~ "Xilinx TUL 1234-tulA"} -index 0
rst -processor
targets -set -nocase -filter {name =~ "ARM*#0" && jtag_cable_name =~ "Xilinx TUL 1234-tulA"} -index 0
dow C:/soc/HW2_interrupt/HW2_interrupt.sdk/HW2_interrupt/Debug/HW2_interrupt.elf
configparams force-mem-access 0
----------------End of Script----------------

10:05:35 INFO  : Memory regions updated for context APU
10:05:35 INFO  : Context for processor 'ps7_cortexa9_0' is selected.
10:05:35 INFO  : 'con' command is executed.
10:05:35 INFO  : ----------------XSDB Script (After Launch)----------------
targets -set -nocase -filter {name =~ "ARM*#0" && jtag_cable_name =~ "Xilinx TUL 1234-tulA"} -index 0
con
----------------End of Script----------------

10:05:35 INFO  : Launch script is exported to file 'C:\soc\HW2_interrupt\HW2_interrupt.sdk\.sdk\launch_scripts\xilinx_c-c++_application_(system_debugger)\system_debugger_using_debug_hw2_interrupt.elf_on_local.tcl'
10:08:02 INFO  : Connected to target on host '127.0.0.1' and port '3121'.
10:08:02 INFO  : 'targets -set -filter {jtag_cable_name =~ "Xilinx TUL 1234-tulA" && level==0} -index 1' command is executed.
10:08:05 INFO  : FPGA configured successfully with bitstream "C:/soc/HW2_interrupt/HW2_interrupt.sdk/design_1_wrapper_hw_platform_0/design_1_wrapper.bit"
10:08:58 INFO  : Disconnected from the channel tcfchan#3.
10:08:59 INFO  : 'targets -set -filter {jtag_cable_name =~ "Xilinx TUL 1234-tulA" && level==0} -index 1' command is executed.
10:09:00 INFO  : 'fpga -state' command is executed.
10:09:00 INFO  : Connected to target on host '127.0.0.1' and port '3121'.
10:09:00 INFO  : Jtag cable 'Xilinx TUL 1234-tulA' is selected.
10:09:00 INFO  : 'jtag frequency' command is executed.
10:09:00 INFO  : Sourcing of 'C:/soc/HW2_interrupt/HW2_interrupt.sdk/design_1_wrapper_hw_platform_0/ps7_init.tcl' is done.
10:09:00 INFO  : Context for 'APU' is selected.
10:09:01 INFO  : Hardware design information is loaded from 'C:/soc/HW2_interrupt/HW2_interrupt.sdk/design_1_wrapper_hw_platform_0/system.hdf'.
10:09:01 INFO  : 'configparams force-mem-access 1' command is executed.
10:09:01 INFO  : Context for 'APU' is selected.
10:09:01 INFO  : 'stop' command is executed.
10:09:01 INFO  : 'ps7_init' command is executed.
10:09:01 INFO  : 'ps7_post_config' command is executed.
10:09:01 INFO  : Context for processor 'ps7_cortexa9_0' is selected.
10:09:01 INFO  : Processor reset is completed for 'ps7_cortexa9_0'.
10:09:01 INFO  : Context for processor 'ps7_cortexa9_0' is selected.
10:09:02 INFO  : The application 'C:/soc/HW2_interrupt/HW2_interrupt.sdk/HW2_interrupt/Debug/HW2_interrupt.elf' is downloaded to processor 'ps7_cortexa9_0'.
10:09:02 INFO  : 'configparams force-mem-access 0' command is executed.
10:09:02 INFO  : ----------------XSDB Script----------------
connect -url tcp:127.0.0.1:3121
source C:/soc/HW2_interrupt/HW2_interrupt.sdk/design_1_wrapper_hw_platform_0/ps7_init.tcl
targets -set -nocase -filter {name =~"APU*" && jtag_cable_name =~ "Xilinx TUL 1234-tulA"} -index 0
loadhw -hw C:/soc/HW2_interrupt/HW2_interrupt.sdk/design_1_wrapper_hw_platform_0/system.hdf -mem-ranges [list {0x40000000 0xbfffffff}]
configparams force-mem-access 1
targets -set -nocase -filter {name =~"APU*" && jtag_cable_name =~ "Xilinx TUL 1234-tulA"} -index 0
stop
ps7_init
ps7_post_config
targets -set -nocase -filter {name =~ "ARM*#0" && jtag_cable_name =~ "Xilinx TUL 1234-tulA"} -index 0
rst -processor
targets -set -nocase -filter {name =~ "ARM*#0" && jtag_cable_name =~ "Xilinx TUL 1234-tulA"} -index 0
dow C:/soc/HW2_interrupt/HW2_interrupt.sdk/HW2_interrupt/Debug/HW2_interrupt.elf
configparams force-mem-access 0
----------------End of Script----------------

10:09:02 INFO  : Memory regions updated for context APU
10:09:02 INFO  : Context for processor 'ps7_cortexa9_0' is selected.
10:09:02 INFO  : 'con' command is executed.
10:09:02 INFO  : ----------------XSDB Script (After Launch)----------------
targets -set -nocase -filter {name =~ "ARM*#0" && jtag_cable_name =~ "Xilinx TUL 1234-tulA"} -index 0
con
----------------End of Script----------------

10:09:02 INFO  : Launch script is exported to file 'C:\soc\HW2_interrupt\HW2_interrupt.sdk\.sdk\launch_scripts\xilinx_c-c++_application_(system_debugger)\system_debugger_using_debug_hw2_interrupt.elf_on_local.tcl'
10:11:05 INFO  : Disconnected from the channel tcfchan#4.
10:11:06 INFO  : 'targets -set -filter {jtag_cable_name =~ "Xilinx TUL 1234-tulA" && level==0} -index 1' command is executed.
10:11:06 INFO  : 'fpga -state' command is executed.
10:11:06 INFO  : Connected to target on host '127.0.0.1' and port '3121'.
10:11:06 INFO  : Jtag cable 'Xilinx TUL 1234-tulA' is selected.
10:11:06 INFO  : 'jtag frequency' command is executed.
10:11:06 INFO  : Sourcing of 'C:/soc/HW2_interrupt/HW2_interrupt.sdk/design_1_wrapper_hw_platform_0/ps7_init.tcl' is done.
10:11:06 INFO  : Context for 'APU' is selected.
10:11:07 INFO  : Hardware design information is loaded from 'C:/soc/HW2_interrupt/HW2_interrupt.sdk/design_1_wrapper_hw_platform_0/system.hdf'.
10:11:07 INFO  : 'configparams force-mem-access 1' command is executed.
10:11:07 INFO  : Context for 'APU' is selected.
10:11:07 INFO  : 'stop' command is executed.
10:11:08 INFO  : 'ps7_init' command is executed.
10:11:08 INFO  : 'ps7_post_config' command is executed.
10:11:08 INFO  : Context for processor 'ps7_cortexa9_0' is selected.
10:11:08 INFO  : Processor reset is completed for 'ps7_cortexa9_0'.
10:11:08 INFO  : Context for processor 'ps7_cortexa9_0' is selected.
10:11:08 INFO  : The application 'C:/soc/HW2_interrupt/HW2_interrupt.sdk/HW2_interrupt/Debug/HW2_interrupt.elf' is downloaded to processor 'ps7_cortexa9_0'.
10:11:08 INFO  : 'configparams force-mem-access 0' command is executed.
10:11:08 INFO  : ----------------XSDB Script----------------
connect -url tcp:127.0.0.1:3121
source C:/soc/HW2_interrupt/HW2_interrupt.sdk/design_1_wrapper_hw_platform_0/ps7_init.tcl
targets -set -nocase -filter {name =~"APU*" && jtag_cable_name =~ "Xilinx TUL 1234-tulA"} -index 0
loadhw -hw C:/soc/HW2_interrupt/HW2_interrupt.sdk/design_1_wrapper_hw_platform_0/system.hdf -mem-ranges [list {0x40000000 0xbfffffff}]
configparams force-mem-access 1
targets -set -nocase -filter {name =~"APU*" && jtag_cable_name =~ "Xilinx TUL 1234-tulA"} -index 0
stop
ps7_init
ps7_post_config
targets -set -nocase -filter {name =~ "ARM*#0" && jtag_cable_name =~ "Xilinx TUL 1234-tulA"} -index 0
rst -processor
targets -set -nocase -filter {name =~ "ARM*#0" && jtag_cable_name =~ "Xilinx TUL 1234-tulA"} -index 0
dow C:/soc/HW2_interrupt/HW2_interrupt.sdk/HW2_interrupt/Debug/HW2_interrupt.elf
configparams force-mem-access 0
----------------End of Script----------------

10:11:08 INFO  : Memory regions updated for context APU
10:11:08 INFO  : Context for processor 'ps7_cortexa9_0' is selected.
10:11:08 INFO  : 'con' command is executed.
10:11:08 INFO  : ----------------XSDB Script (After Launch)----------------
targets -set -nocase -filter {name =~ "ARM*#0" && jtag_cable_name =~ "Xilinx TUL 1234-tulA"} -index 0
con
----------------End of Script----------------

10:11:08 INFO  : Launch script is exported to file 'C:\soc\HW2_interrupt\HW2_interrupt.sdk\.sdk\launch_scripts\xilinx_c-c++_application_(system_debugger)\system_debugger_using_debug_hw2_interrupt.elf_on_local.tcl'
10:12:49 INFO  : Disconnected from the channel tcfchan#5.
10:13:04 INFO  : Registering command handlers for SDK TCF services
10:13:05 INFO  : Launching XSCT server: xsct.bat -interactive C:\soc\HW2_interrupt\HW2_interrupt.sdk\temp_xsdb_launch_script.tcl
10:13:07 INFO  : XSCT server has started successfully.
10:13:07 INFO  : Successfully done setting XSCT server connection channel  
10:13:07 INFO  : Successfully done setting SDK workspace  
10:13:07 INFO  : Processing command line option -hwspec C:/soc/HW2_interrupt/HW2_interrupt.sdk/design_1_wrapper.hdf.
10:13:07 INFO  : Checking for hwspec changes in the project design_1_wrapper_hw_platform_0.
10:14:21 INFO  : Connected to target on host '127.0.0.1' and port '3121'.
10:14:21 INFO  : 'targets -set -filter {jtag_cable_name =~ "Xilinx TUL 1234-tulA" && level==0} -index 1' command is executed.
10:14:23 INFO  : FPGA configured successfully with bitstream "C:/soc/HW2_interrupt/HW2_interrupt.sdk/design_1_wrapper_hw_platform_0/design_1_wrapper.bit"
10:17:04 INFO  : 'targets -set -filter {jtag_cable_name =~ "Xilinx TUL 1234-tulA" && level==0} -index 1' command is executed.
10:17:04 INFO  : 'fpga -state' command is executed.
10:17:04 INFO  : Connected to target on host '127.0.0.1' and port '3121'.
10:17:04 INFO  : Jtag cable 'Xilinx TUL 1234-tulA' is selected.
10:17:04 INFO  : 'jtag frequency' command is executed.
10:17:04 INFO  : Sourcing of 'C:/soc/HW2_interrupt/HW2_interrupt.sdk/design_1_wrapper_hw_platform_0/ps7_init.tcl' is done.
10:17:04 INFO  : Context for 'APU' is selected.
10:17:04 INFO  : Hardware design information is loaded from 'C:/soc/HW2_interrupt/HW2_interrupt.sdk/design_1_wrapper_hw_platform_0/system.hdf'.
10:17:04 INFO  : 'configparams force-mem-access 1' command is executed.
10:17:04 INFO  : Context for 'APU' is selected.
10:17:04 INFO  : 'stop' command is executed.
10:17:05 INFO  : 'ps7_init' command is executed.
10:17:05 INFO  : 'ps7_post_config' command is executed.
10:17:05 INFO  : Context for processor 'ps7_cortexa9_0' is selected.
10:17:05 INFO  : Processor reset is completed for 'ps7_cortexa9_0'.
10:17:05 INFO  : Context for processor 'ps7_cortexa9_0' is selected.
10:17:05 INFO  : The application 'C:/soc/HW2_interrupt/HW2_interrupt.sdk/HW2_interrupt/Debug/HW2_interrupt.elf' is downloaded to processor 'ps7_cortexa9_0'.
10:17:05 INFO  : 'configparams force-mem-access 0' command is executed.
10:17:05 INFO  : ----------------XSDB Script----------------
connect -url tcp:127.0.0.1:3121
source C:/soc/HW2_interrupt/HW2_interrupt.sdk/design_1_wrapper_hw_platform_0/ps7_init.tcl
targets -set -nocase -filter {name =~"APU*" && jtag_cable_name =~ "Xilinx TUL 1234-tulA"} -index 0
loadhw -hw C:/soc/HW2_interrupt/HW2_interrupt.sdk/design_1_wrapper_hw_platform_0/system.hdf -mem-ranges [list {0x40000000 0xbfffffff}]
configparams force-mem-access 1
targets -set -nocase -filter {name =~"APU*" && jtag_cable_name =~ "Xilinx TUL 1234-tulA"} -index 0
stop
ps7_init
ps7_post_config
targets -set -nocase -filter {name =~ "ARM*#0" && jtag_cable_name =~ "Xilinx TUL 1234-tulA"} -index 0
rst -processor
targets -set -nocase -filter {name =~ "ARM*#0" && jtag_cable_name =~ "Xilinx TUL 1234-tulA"} -index 0
dow C:/soc/HW2_interrupt/HW2_interrupt.sdk/HW2_interrupt/Debug/HW2_interrupt.elf
configparams force-mem-access 0
----------------End of Script----------------

10:17:05 INFO  : Memory regions updated for context APU
10:17:05 INFO  : Context for processor 'ps7_cortexa9_0' is selected.
10:17:05 INFO  : 'con' command is executed.
10:17:05 INFO  : ----------------XSDB Script (After Launch)----------------
targets -set -nocase -filter {name =~ "ARM*#0" && jtag_cable_name =~ "Xilinx TUL 1234-tulA"} -index 0
con
----------------End of Script----------------

10:17:05 INFO  : Launch script is exported to file 'C:\soc\HW2_interrupt\HW2_interrupt.sdk\.sdk\launch_scripts\xilinx_c-c++_application_(system_debugger)\system_debugger_using_debug_hw2_interrupt.elf_on_local.tcl'
10:18:01 INFO  : Disconnected from the channel tcfchan#1.
10:18:02 INFO  : 'targets -set -filter {jtag_cable_name =~ "Xilinx TUL 1234-tulA" && level==0} -index 1' command is executed.
10:18:03 INFO  : 'fpga -state' command is executed.
10:18:03 INFO  : Connected to target on host '127.0.0.1' and port '3121'.
10:18:03 INFO  : Jtag cable 'Xilinx TUL 1234-tulA' is selected.
10:18:03 INFO  : 'jtag frequency' command is executed.
10:18:03 INFO  : Sourcing of 'C:/soc/HW2_interrupt/HW2_interrupt.sdk/design_1_wrapper_hw_platform_0/ps7_init.tcl' is done.
10:18:03 INFO  : Context for 'APU' is selected.
10:18:04 INFO  : Hardware design information is loaded from 'C:/soc/HW2_interrupt/HW2_interrupt.sdk/design_1_wrapper_hw_platform_0/system.hdf'.
10:18:04 INFO  : 'configparams force-mem-access 1' command is executed.
10:18:04 INFO  : Context for 'APU' is selected.
10:18:04 INFO  : 'stop' command is executed.
10:18:04 INFO  : 'ps7_init' command is executed.
10:18:04 INFO  : 'ps7_post_config' command is executed.
10:18:04 INFO  : Context for processor 'ps7_cortexa9_0' is selected.
10:18:04 INFO  : Processor reset is completed for 'ps7_cortexa9_0'.
10:18:04 INFO  : Context for processor 'ps7_cortexa9_0' is selected.
10:18:05 INFO  : The application 'C:/soc/HW2_interrupt/HW2_interrupt.sdk/HW2_interrupt/Debug/HW2_interrupt.elf' is downloaded to processor 'ps7_cortexa9_0'.
10:18:05 INFO  : 'configparams force-mem-access 0' command is executed.
10:18:05 INFO  : ----------------XSDB Script----------------
connect -url tcp:127.0.0.1:3121
source C:/soc/HW2_interrupt/HW2_interrupt.sdk/design_1_wrapper_hw_platform_0/ps7_init.tcl
targets -set -nocase -filter {name =~"APU*" && jtag_cable_name =~ "Xilinx TUL 1234-tulA"} -index 0
loadhw -hw C:/soc/HW2_interrupt/HW2_interrupt.sdk/design_1_wrapper_hw_platform_0/system.hdf -mem-ranges [list {0x40000000 0xbfffffff}]
configparams force-mem-access 1
targets -set -nocase -filter {name =~"APU*" && jtag_cable_name =~ "Xilinx TUL 1234-tulA"} -index 0
stop
ps7_init
ps7_post_config
targets -set -nocase -filter {name =~ "ARM*#0" && jtag_cable_name =~ "Xilinx TUL 1234-tulA"} -index 0
rst -processor
targets -set -nocase -filter {name =~ "ARM*#0" && jtag_cable_name =~ "Xilinx TUL 1234-tulA"} -index 0
dow C:/soc/HW2_interrupt/HW2_interrupt.sdk/HW2_interrupt/Debug/HW2_interrupt.elf
configparams force-mem-access 0
----------------End of Script----------------

10:18:05 INFO  : Memory regions updated for context APU
10:18:05 INFO  : Context for processor 'ps7_cortexa9_0' is selected.
10:18:05 INFO  : 'con' command is executed.
10:18:05 INFO  : ----------------XSDB Script (After Launch)----------------
targets -set -nocase -filter {name =~ "ARM*#0" && jtag_cable_name =~ "Xilinx TUL 1234-tulA"} -index 0
con
----------------End of Script----------------

10:18:05 INFO  : Launch script is exported to file 'C:\soc\HW2_interrupt\HW2_interrupt.sdk\.sdk\launch_scripts\xilinx_c-c++_application_(system_debugger)\system_debugger_using_debug_hw2_interrupt.elf_on_local.tcl'
10:26:06 INFO  : Connected to target on host '127.0.0.1' and port '3121'.
10:26:06 INFO  : 'targets -set -filter {jtag_cable_name =~ "Xilinx TUL 1234-tulA" && level==0} -index 1' command is executed.
10:26:08 INFO  : FPGA configured successfully with bitstream "C:/soc/HW2_interrupt/HW2_interrupt.sdk/design_1_wrapper_hw_platform_0/design_1_wrapper.bit"
10:26:32 INFO  : Disconnected from the channel tcfchan#2.
10:26:34 INFO  : 'targets -set -filter {jtag_cable_name =~ "Xilinx TUL 1234-tulA" && level==0} -index 1' command is executed.
10:26:34 INFO  : 'fpga -state' command is executed.
10:26:34 INFO  : Connected to target on host '127.0.0.1' and port '3121'.
10:26:34 INFO  : Jtag cable 'Xilinx TUL 1234-tulA' is selected.
10:26:34 INFO  : 'jtag frequency' command is executed.
10:26:34 INFO  : Sourcing of 'C:/soc/HW2_interrupt/HW2_interrupt.sdk/design_1_wrapper_hw_platform_0/ps7_init.tcl' is done.
10:26:34 INFO  : Context for 'APU' is selected.
10:26:35 INFO  : Hardware design information is loaded from 'C:/soc/HW2_interrupt/HW2_interrupt.sdk/design_1_wrapper_hw_platform_0/system.hdf'.
10:26:35 INFO  : 'configparams force-mem-access 1' command is executed.
10:26:35 INFO  : Context for 'APU' is selected.
10:26:35 INFO  : 'stop' command is executed.
10:26:35 INFO  : 'ps7_init' command is executed.
10:26:35 INFO  : 'ps7_post_config' command is executed.
10:26:35 INFO  : Context for processor 'ps7_cortexa9_0' is selected.
10:26:35 INFO  : Processor reset is completed for 'ps7_cortexa9_0'.
10:26:35 INFO  : Context for processor 'ps7_cortexa9_0' is selected.
10:26:35 INFO  : The application 'C:/soc/HW2_interrupt/HW2_interrupt.sdk/HW2_interrupt/Debug/HW2_interrupt.elf' is downloaded to processor 'ps7_cortexa9_0'.
10:26:35 INFO  : 'configparams force-mem-access 0' command is executed.
10:26:35 INFO  : ----------------XSDB Script----------------
connect -url tcp:127.0.0.1:3121
source C:/soc/HW2_interrupt/HW2_interrupt.sdk/design_1_wrapper_hw_platform_0/ps7_init.tcl
targets -set -nocase -filter {name =~"APU*" && jtag_cable_name =~ "Xilinx TUL 1234-tulA"} -index 0
loadhw -hw C:/soc/HW2_interrupt/HW2_interrupt.sdk/design_1_wrapper_hw_platform_0/system.hdf -mem-ranges [list {0x40000000 0xbfffffff}]
configparams force-mem-access 1
targets -set -nocase -filter {name =~"APU*" && jtag_cable_name =~ "Xilinx TUL 1234-tulA"} -index 0
stop
ps7_init
ps7_post_config
targets -set -nocase -filter {name =~ "ARM*#0" && jtag_cable_name =~ "Xilinx TUL 1234-tulA"} -index 0
rst -processor
targets -set -nocase -filter {name =~ "ARM*#0" && jtag_cable_name =~ "Xilinx TUL 1234-tulA"} -index 0
dow C:/soc/HW2_interrupt/HW2_interrupt.sdk/HW2_interrupt/Debug/HW2_interrupt.elf
configparams force-mem-access 0
----------------End of Script----------------

10:26:35 INFO  : Memory regions updated for context APU
10:26:36 INFO  : Context for processor 'ps7_cortexa9_0' is selected.
10:26:36 INFO  : 'con' command is executed.
10:26:36 INFO  : ----------------XSDB Script (After Launch)----------------
targets -set -nocase -filter {name =~ "ARM*#0" && jtag_cable_name =~ "Xilinx TUL 1234-tulA"} -index 0
con
----------------End of Script----------------

10:26:36 INFO  : Launch script is exported to file 'C:\soc\HW2_interrupt\HW2_interrupt.sdk\.sdk\launch_scripts\xilinx_c-c++_application_(system_debugger)\system_debugger_using_debug_hw2_interrupt.elf_on_local.tcl'
10:27:00 INFO  : Disconnected from the channel tcfchan#3.
10:27:01 INFO  : 'targets -set -filter {jtag_cable_name =~ "Xilinx TUL 1234-tulA" && level==0} -index 1' command is executed.
10:27:01 INFO  : 'fpga -state' command is executed.
10:27:01 INFO  : Connected to target on host '127.0.0.1' and port '3121'.
10:27:01 INFO  : Jtag cable 'Xilinx TUL 1234-tulA' is selected.
10:27:01 INFO  : 'jtag frequency' command is executed.
10:27:01 INFO  : Sourcing of 'C:/soc/HW2_interrupt/HW2_interrupt.sdk/design_1_wrapper_hw_platform_0/ps7_init.tcl' is done.
10:27:01 INFO  : Context for 'APU' is selected.
10:27:03 INFO  : Hardware design information is loaded from 'C:/soc/HW2_interrupt/HW2_interrupt.sdk/design_1_wrapper_hw_platform_0/system.hdf'.
10:27:03 INFO  : 'configparams force-mem-access 1' command is executed.
10:27:03 INFO  : Context for 'APU' is selected.
10:27:03 INFO  : 'stop' command is executed.
10:27:03 INFO  : 'ps7_init' command is executed.
10:27:03 INFO  : 'ps7_post_config' command is executed.
10:27:03 INFO  : Context for processor 'ps7_cortexa9_0' is selected.
10:27:03 INFO  : Processor reset is completed for 'ps7_cortexa9_0'.
10:27:03 INFO  : Context for processor 'ps7_cortexa9_0' is selected.
10:27:03 INFO  : The application 'C:/soc/HW2_interrupt/HW2_interrupt.sdk/HW2_interrupt/Debug/HW2_interrupt.elf' is downloaded to processor 'ps7_cortexa9_0'.
10:27:03 INFO  : 'configparams force-mem-access 0' command is executed.
10:27:03 INFO  : ----------------XSDB Script----------------
connect -url tcp:127.0.0.1:3121
source C:/soc/HW2_interrupt/HW2_interrupt.sdk/design_1_wrapper_hw_platform_0/ps7_init.tcl
targets -set -nocase -filter {name =~"APU*" && jtag_cable_name =~ "Xilinx TUL 1234-tulA"} -index 0
loadhw -hw C:/soc/HW2_interrupt/HW2_interrupt.sdk/design_1_wrapper_hw_platform_0/system.hdf -mem-ranges [list {0x40000000 0xbfffffff}]
configparams force-mem-access 1
targets -set -nocase -filter {name =~"APU*" && jtag_cable_name =~ "Xilinx TUL 1234-tulA"} -index 0
stop
ps7_init
ps7_post_config
targets -set -nocase -filter {name =~ "ARM*#0" && jtag_cable_name =~ "Xilinx TUL 1234-tulA"} -index 0
rst -processor
targets -set -nocase -filter {name =~ "ARM*#0" && jtag_cable_name =~ "Xilinx TUL 1234-tulA"} -index 0
dow C:/soc/HW2_interrupt/HW2_interrupt.sdk/HW2_interrupt/Debug/HW2_interrupt.elf
configparams force-mem-access 0
----------------End of Script----------------

10:27:03 INFO  : Memory regions updated for context APU
10:27:04 INFO  : Context for processor 'ps7_cortexa9_0' is selected.
10:27:04 INFO  : 'con' command is executed.
10:27:04 INFO  : ----------------XSDB Script (After Launch)----------------
targets -set -nocase -filter {name =~ "ARM*#0" && jtag_cable_name =~ "Xilinx TUL 1234-tulA"} -index 0
con
----------------End of Script----------------

10:27:04 INFO  : Launch script is exported to file 'C:\soc\HW2_interrupt\HW2_interrupt.sdk\.sdk\launch_scripts\xilinx_c-c++_application_(system_debugger)\system_debugger_using_debug_hw2_interrupt.elf_on_local.tcl'
10:36:12 INFO  : Connected to target on host '127.0.0.1' and port '3121'.
10:36:12 INFO  : 'targets -set -filter {jtag_cable_name =~ "Xilinx TUL 1234-tulA" && level==0} -index 1' command is executed.
10:36:14 INFO  : FPGA configured successfully with bitstream "C:/soc/HW2_interrupt/HW2_interrupt.sdk/design_1_wrapper_hw_platform_0/design_1_wrapper.bit"
10:36:21 INFO  : Disconnected from the channel tcfchan#4.
10:36:22 INFO  : 'targets -set -filter {jtag_cable_name =~ "Xilinx TUL 1234-tulA" && level==0} -index 1' command is executed.
10:36:22 INFO  : 'fpga -state' command is executed.
10:36:22 INFO  : Connected to target on host '127.0.0.1' and port '3121'.
10:36:22 INFO  : Jtag cable 'Xilinx TUL 1234-tulA' is selected.
10:36:22 INFO  : 'jtag frequency' command is executed.
10:36:22 INFO  : Sourcing of 'C:/soc/HW2_interrupt/HW2_interrupt.sdk/design_1_wrapper_hw_platform_0/ps7_init.tcl' is done.
10:36:22 INFO  : Context for 'APU' is selected.
10:36:23 INFO  : Hardware design information is loaded from 'C:/soc/HW2_interrupt/HW2_interrupt.sdk/design_1_wrapper_hw_platform_0/system.hdf'.
10:36:23 INFO  : 'configparams force-mem-access 1' command is executed.
10:36:23 INFO  : Context for 'APU' is selected.
10:36:23 INFO  : 'stop' command is executed.
10:36:24 INFO  : 'ps7_init' command is executed.
10:36:24 INFO  : 'ps7_post_config' command is executed.
10:36:24 INFO  : Context for processor 'ps7_cortexa9_0' is selected.
10:36:24 INFO  : Processor reset is completed for 'ps7_cortexa9_0'.
10:36:24 INFO  : Context for processor 'ps7_cortexa9_0' is selected.
10:36:24 INFO  : The application 'C:/soc/HW2_interrupt/HW2_interrupt.sdk/HW2_interrupt/Debug/HW2_interrupt.elf' is downloaded to processor 'ps7_cortexa9_0'.
10:36:24 INFO  : 'configparams force-mem-access 0' command is executed.
10:36:24 INFO  : ----------------XSDB Script----------------
connect -url tcp:127.0.0.1:3121
source C:/soc/HW2_interrupt/HW2_interrupt.sdk/design_1_wrapper_hw_platform_0/ps7_init.tcl
targets -set -nocase -filter {name =~"APU*" && jtag_cable_name =~ "Xilinx TUL 1234-tulA"} -index 0
loadhw -hw C:/soc/HW2_interrupt/HW2_interrupt.sdk/design_1_wrapper_hw_platform_0/system.hdf -mem-ranges [list {0x40000000 0xbfffffff}]
configparams force-mem-access 1
targets -set -nocase -filter {name =~"APU*" && jtag_cable_name =~ "Xilinx TUL 1234-tulA"} -index 0
stop
ps7_init
ps7_post_config
targets -set -nocase -filter {name =~ "ARM*#0" && jtag_cable_name =~ "Xilinx TUL 1234-tulA"} -index 0
rst -processor
targets -set -nocase -filter {name =~ "ARM*#0" && jtag_cable_name =~ "Xilinx TUL 1234-tulA"} -index 0
dow C:/soc/HW2_interrupt/HW2_interrupt.sdk/HW2_interrupt/Debug/HW2_interrupt.elf
configparams force-mem-access 0
----------------End of Script----------------

10:36:24 INFO  : Memory regions updated for context APU
10:36:24 INFO  : Context for processor 'ps7_cortexa9_0' is selected.
10:36:24 INFO  : 'con' command is executed.
10:36:24 INFO  : ----------------XSDB Script (After Launch)----------------
targets -set -nocase -filter {name =~ "ARM*#0" && jtag_cable_name =~ "Xilinx TUL 1234-tulA"} -index 0
con
----------------End of Script----------------

10:36:24 INFO  : Launch script is exported to file 'C:\soc\HW2_interrupt\HW2_interrupt.sdk\.sdk\launch_scripts\xilinx_c-c++_application_(system_debugger)\system_debugger_using_debug_hw2_interrupt.elf_on_local.tcl'
10:41:09 INFO  : Connected to target on host '127.0.0.1' and port '3121'.
10:41:09 INFO  : 'targets -set -filter {jtag_cable_name =~ "Xilinx TUL 1234-tulA" && level==0} -index 1' command is executed.
10:41:11 INFO  : FPGA configured successfully with bitstream "C:/soc/HW2_interrupt/HW2_interrupt.sdk/design_1_wrapper_hw_platform_0/design_1_wrapper.bit"
10:41:18 INFO  : Disconnected from the channel tcfchan#5.
10:41:19 INFO  : 'targets -set -filter {jtag_cable_name =~ "Xilinx TUL 1234-tulA" && level==0} -index 1' command is executed.
10:41:19 INFO  : 'fpga -state' command is executed.
10:41:19 INFO  : Connected to target on host '127.0.0.1' and port '3121'.
10:41:20 INFO  : Jtag cable 'Xilinx TUL 1234-tulA' is selected.
10:41:20 INFO  : 'jtag frequency' command is executed.
10:41:20 INFO  : Sourcing of 'C:/soc/HW2_interrupt/HW2_interrupt.sdk/design_1_wrapper_hw_platform_0/ps7_init.tcl' is done.
10:41:20 INFO  : Context for 'APU' is selected.
10:41:21 INFO  : Hardware design information is loaded from 'C:/soc/HW2_interrupt/HW2_interrupt.sdk/design_1_wrapper_hw_platform_0/system.hdf'.
10:41:21 INFO  : 'configparams force-mem-access 1' command is executed.
10:41:21 INFO  : Context for 'APU' is selected.
10:41:21 INFO  : 'stop' command is executed.
10:41:21 INFO  : 'ps7_init' command is executed.
10:41:21 INFO  : 'ps7_post_config' command is executed.
10:41:21 INFO  : Context for processor 'ps7_cortexa9_0' is selected.
10:41:21 INFO  : Processor reset is completed for 'ps7_cortexa9_0'.
10:41:21 INFO  : Context for processor 'ps7_cortexa9_0' is selected.
10:41:21 INFO  : The application 'C:/soc/HW2_interrupt/HW2_interrupt.sdk/HW2_interrupt/Debug/HW2_interrupt.elf' is downloaded to processor 'ps7_cortexa9_0'.
10:41:21 INFO  : 'configparams force-mem-access 0' command is executed.
10:41:21 INFO  : ----------------XSDB Script----------------
connect -url tcp:127.0.0.1:3121
source C:/soc/HW2_interrupt/HW2_interrupt.sdk/design_1_wrapper_hw_platform_0/ps7_init.tcl
targets -set -nocase -filter {name =~"APU*" && jtag_cable_name =~ "Xilinx TUL 1234-tulA"} -index 0
loadhw -hw C:/soc/HW2_interrupt/HW2_interrupt.sdk/design_1_wrapper_hw_platform_0/system.hdf -mem-ranges [list {0x40000000 0xbfffffff}]
configparams force-mem-access 1
targets -set -nocase -filter {name =~"APU*" && jtag_cable_name =~ "Xilinx TUL 1234-tulA"} -index 0
stop
ps7_init
ps7_post_config
targets -set -nocase -filter {name =~ "ARM*#0" && jtag_cable_name =~ "Xilinx TUL 1234-tulA"} -index 0
rst -processor
targets -set -nocase -filter {name =~ "ARM*#0" && jtag_cable_name =~ "Xilinx TUL 1234-tulA"} -index 0
dow C:/soc/HW2_interrupt/HW2_interrupt.sdk/HW2_interrupt/Debug/HW2_interrupt.elf
configparams force-mem-access 0
----------------End of Script----------------

10:41:22 INFO  : Memory regions updated for context APU
10:41:22 INFO  : Context for processor 'ps7_cortexa9_0' is selected.
10:41:22 INFO  : 'con' command is executed.
10:41:22 INFO  : ----------------XSDB Script (After Launch)----------------
targets -set -nocase -filter {name =~ "ARM*#0" && jtag_cable_name =~ "Xilinx TUL 1234-tulA"} -index 0
con
----------------End of Script----------------

10:41:22 INFO  : Launch script is exported to file 'C:\soc\HW2_interrupt\HW2_interrupt.sdk\.sdk\launch_scripts\xilinx_c-c++_application_(system_debugger)\system_debugger_using_debug_hw2_interrupt.elf_on_local.tcl'
10:43:36 INFO  : Disconnected from the channel tcfchan#6.
10:43:37 INFO  : 'targets -set -filter {jtag_cable_name =~ "Xilinx TUL 1234-tulA" && level==0} -index 1' command is executed.
10:43:38 INFO  : 'fpga -state' command is executed.
10:43:38 INFO  : Connected to target on host '127.0.0.1' and port '3121'.
10:43:38 INFO  : Jtag cable 'Xilinx TUL 1234-tulA' is selected.
10:43:38 INFO  : 'jtag frequency' command is executed.
10:43:38 INFO  : Sourcing of 'C:/soc/HW2_interrupt/HW2_interrupt.sdk/design_1_wrapper_hw_platform_0/ps7_init.tcl' is done.
10:43:38 INFO  : Context for 'APU' is selected.
10:43:39 INFO  : Hardware design information is loaded from 'C:/soc/HW2_interrupt/HW2_interrupt.sdk/design_1_wrapper_hw_platform_0/system.hdf'.
10:43:39 INFO  : 'configparams force-mem-access 1' command is executed.
10:43:39 INFO  : Context for 'APU' is selected.
10:43:39 INFO  : 'stop' command is executed.
10:43:39 INFO  : 'ps7_init' command is executed.
10:43:39 INFO  : 'ps7_post_config' command is executed.
10:43:39 INFO  : Context for processor 'ps7_cortexa9_0' is selected.
10:43:40 INFO  : Processor reset is completed for 'ps7_cortexa9_0'.
10:43:40 INFO  : Context for processor 'ps7_cortexa9_0' is selected.
10:43:40 INFO  : The application 'C:/soc/HW2_interrupt/HW2_interrupt.sdk/HW2_interrupt/Debug/HW2_interrupt.elf' is downloaded to processor 'ps7_cortexa9_0'.
10:43:40 INFO  : 'configparams force-mem-access 0' command is executed.
10:43:40 INFO  : ----------------XSDB Script----------------
connect -url tcp:127.0.0.1:3121
source C:/soc/HW2_interrupt/HW2_interrupt.sdk/design_1_wrapper_hw_platform_0/ps7_init.tcl
targets -set -nocase -filter {name =~"APU*" && jtag_cable_name =~ "Xilinx TUL 1234-tulA"} -index 0
loadhw -hw C:/soc/HW2_interrupt/HW2_interrupt.sdk/design_1_wrapper_hw_platform_0/system.hdf -mem-ranges [list {0x40000000 0xbfffffff}]
configparams force-mem-access 1
targets -set -nocase -filter {name =~"APU*" && jtag_cable_name =~ "Xilinx TUL 1234-tulA"} -index 0
stop
ps7_init
ps7_post_config
targets -set -nocase -filter {name =~ "ARM*#0" && jtag_cable_name =~ "Xilinx TUL 1234-tulA"} -index 0
rst -processor
targets -set -nocase -filter {name =~ "ARM*#0" && jtag_cable_name =~ "Xilinx TUL 1234-tulA"} -index 0
dow C:/soc/HW2_interrupt/HW2_interrupt.sdk/HW2_interrupt/Debug/HW2_interrupt.elf
configparams force-mem-access 0
----------------End of Script----------------

10:43:40 INFO  : Memory regions updated for context APU
10:43:40 INFO  : Context for processor 'ps7_cortexa9_0' is selected.
10:43:40 INFO  : 'con' command is executed.
10:43:40 INFO  : ----------------XSDB Script (After Launch)----------------
targets -set -nocase -filter {name =~ "ARM*#0" && jtag_cable_name =~ "Xilinx TUL 1234-tulA"} -index 0
con
----------------End of Script----------------

10:43:40 INFO  : Launch script is exported to file 'C:\soc\HW2_interrupt\HW2_interrupt.sdk\.sdk\launch_scripts\xilinx_c-c++_application_(system_debugger)\system_debugger_using_debug_hw2_interrupt.elf_on_local.tcl'
10:45:05 INFO  : Connected to target on host '127.0.0.1' and port '3121'.
10:45:06 INFO  : 'targets -set -filter {jtag_cable_name =~ "Xilinx TUL 1234-tulA" && level==0} -index 1' command is executed.
10:45:08 INFO  : FPGA configured successfully with bitstream "C:/soc/HW2_interrupt/HW2_interrupt.sdk/design_1_wrapper_hw_platform_0/design_1_wrapper.bit"
10:45:14 INFO  : Disconnected from the channel tcfchan#7.
10:45:15 INFO  : 'targets -set -filter {jtag_cable_name =~ "Xilinx TUL 1234-tulA" && level==0} -index 1' command is executed.
10:45:15 INFO  : 'fpga -state' command is executed.
10:45:15 INFO  : Connected to target on host '127.0.0.1' and port '3121'.
10:45:15 INFO  : Jtag cable 'Xilinx TUL 1234-tulA' is selected.
10:45:16 INFO  : 'jtag frequency' command is executed.
10:45:16 INFO  : Sourcing of 'C:/soc/HW2_interrupt/HW2_interrupt.sdk/design_1_wrapper_hw_platform_0/ps7_init.tcl' is done.
10:45:16 INFO  : Context for 'APU' is selected.
10:45:17 INFO  : Hardware design information is loaded from 'C:/soc/HW2_interrupt/HW2_interrupt.sdk/design_1_wrapper_hw_platform_0/system.hdf'.
10:45:17 INFO  : 'configparams force-mem-access 1' command is executed.
10:45:17 INFO  : Context for 'APU' is selected.
10:45:17 INFO  : 'stop' command is executed.
10:45:17 INFO  : 'ps7_init' command is executed.
10:45:17 INFO  : 'ps7_post_config' command is executed.
10:45:17 INFO  : Context for processor 'ps7_cortexa9_0' is selected.
10:45:17 INFO  : Processor reset is completed for 'ps7_cortexa9_0'.
10:45:17 INFO  : Context for processor 'ps7_cortexa9_0' is selected.
10:45:18 INFO  : The application 'C:/soc/HW2_interrupt/HW2_interrupt.sdk/HW2_interrupt/Debug/HW2_interrupt.elf' is downloaded to processor 'ps7_cortexa9_0'.
10:45:18 INFO  : 'configparams force-mem-access 0' command is executed.
10:45:18 INFO  : ----------------XSDB Script----------------
connect -url tcp:127.0.0.1:3121
source C:/soc/HW2_interrupt/HW2_interrupt.sdk/design_1_wrapper_hw_platform_0/ps7_init.tcl
targets -set -nocase -filter {name =~"APU*" && jtag_cable_name =~ "Xilinx TUL 1234-tulA"} -index 0
loadhw -hw C:/soc/HW2_interrupt/HW2_interrupt.sdk/design_1_wrapper_hw_platform_0/system.hdf -mem-ranges [list {0x40000000 0xbfffffff}]
configparams force-mem-access 1
targets -set -nocase -filter {name =~"APU*" && jtag_cable_name =~ "Xilinx TUL 1234-tulA"} -index 0
stop
ps7_init
ps7_post_config
targets -set -nocase -filter {name =~ "ARM*#0" && jtag_cable_name =~ "Xilinx TUL 1234-tulA"} -index 0
rst -processor
targets -set -nocase -filter {name =~ "ARM*#0" && jtag_cable_name =~ "Xilinx TUL 1234-tulA"} -index 0
dow C:/soc/HW2_interrupt/HW2_interrupt.sdk/HW2_interrupt/Debug/HW2_interrupt.elf
configparams force-mem-access 0
----------------End of Script----------------

10:45:18 INFO  : Memory regions updated for context APU
10:45:18 INFO  : Context for processor 'ps7_cortexa9_0' is selected.
10:45:18 INFO  : 'con' command is executed.
10:45:18 INFO  : ----------------XSDB Script (After Launch)----------------
targets -set -nocase -filter {name =~ "ARM*#0" && jtag_cable_name =~ "Xilinx TUL 1234-tulA"} -index 0
con
----------------End of Script----------------

10:45:18 INFO  : Launch script is exported to file 'C:\soc\HW2_interrupt\HW2_interrupt.sdk\.sdk\launch_scripts\xilinx_c-c++_application_(system_debugger)\system_debugger_using_debug_hw2_interrupt.elf_on_local.tcl'
10:51:44 INFO  : Disconnected from the channel tcfchan#8.
10:51:45 INFO  : 'targets -set -filter {jtag_cable_name =~ "Xilinx TUL 1234-tulA" && level==0} -index 1' command is executed.
10:51:45 INFO  : 'fpga -state' command is executed.
10:51:45 INFO  : Connected to target on host '127.0.0.1' and port '3121'.
10:51:45 INFO  : Jtag cable 'Xilinx TUL 1234-tulA' is selected.
10:51:45 INFO  : 'jtag frequency' command is executed.
10:51:45 INFO  : Sourcing of 'C:/soc/HW2_interrupt/HW2_interrupt.sdk/design_1_wrapper_hw_platform_0/ps7_init.tcl' is done.
10:51:45 INFO  : Context for 'APU' is selected.
10:51:46 INFO  : Hardware design information is loaded from 'C:/soc/HW2_interrupt/HW2_interrupt.sdk/design_1_wrapper_hw_platform_0/system.hdf'.
10:51:46 INFO  : 'configparams force-mem-access 1' command is executed.
10:51:46 INFO  : Context for 'APU' is selected.
10:51:46 INFO  : 'stop' command is executed.
10:51:46 INFO  : 'ps7_init' command is executed.
10:51:46 INFO  : 'ps7_post_config' command is executed.
10:51:46 INFO  : Context for processor 'ps7_cortexa9_0' is selected.
10:51:47 INFO  : Processor reset is completed for 'ps7_cortexa9_0'.
10:51:47 INFO  : Context for processor 'ps7_cortexa9_0' is selected.
10:51:47 INFO  : The application 'C:/soc/HW2_interrupt/HW2_interrupt.sdk/HW2_interrupt/Debug/HW2_interrupt.elf' is downloaded to processor 'ps7_cortexa9_0'.
10:51:47 INFO  : 'configparams force-mem-access 0' command is executed.
10:51:47 INFO  : ----------------XSDB Script----------------
connect -url tcp:127.0.0.1:3121
source C:/soc/HW2_interrupt/HW2_interrupt.sdk/design_1_wrapper_hw_platform_0/ps7_init.tcl
targets -set -nocase -filter {name =~"APU*" && jtag_cable_name =~ "Xilinx TUL 1234-tulA"} -index 0
loadhw -hw C:/soc/HW2_interrupt/HW2_interrupt.sdk/design_1_wrapper_hw_platform_0/system.hdf -mem-ranges [list {0x40000000 0xbfffffff}]
configparams force-mem-access 1
targets -set -nocase -filter {name =~"APU*" && jtag_cable_name =~ "Xilinx TUL 1234-tulA"} -index 0
stop
ps7_init
ps7_post_config
targets -set -nocase -filter {name =~ "ARM*#0" && jtag_cable_name =~ "Xilinx TUL 1234-tulA"} -index 0
rst -processor
targets -set -nocase -filter {name =~ "ARM*#0" && jtag_cable_name =~ "Xilinx TUL 1234-tulA"} -index 0
dow C:/soc/HW2_interrupt/HW2_interrupt.sdk/HW2_interrupt/Debug/HW2_interrupt.elf
configparams force-mem-access 0
----------------End of Script----------------

10:51:47 INFO  : Memory regions updated for context APU
10:51:47 INFO  : Context for processor 'ps7_cortexa9_0' is selected.
10:51:47 INFO  : 'con' command is executed.
10:51:47 INFO  : ----------------XSDB Script (After Launch)----------------
targets -set -nocase -filter {name =~ "ARM*#0" && jtag_cable_name =~ "Xilinx TUL 1234-tulA"} -index 0
con
----------------End of Script----------------

10:51:47 INFO  : Launch script is exported to file 'C:\soc\HW2_interrupt\HW2_interrupt.sdk\.sdk\launch_scripts\xilinx_c-c++_application_(system_debugger)\system_debugger_using_debug_hw2_interrupt.elf_on_local.tcl'
10:51:54 INFO  : Connected to target on host '127.0.0.1' and port '3121'.
10:51:54 INFO  : 'targets -set -filter {jtag_cable_name =~ "Xilinx TUL 1234-tulA" && level==0} -index 1' command is executed.
10:51:56 INFO  : FPGA configured successfully with bitstream "C:/soc/HW2_interrupt/HW2_interrupt.sdk/design_1_wrapper_hw_platform_0/design_1_wrapper.bit"
10:52:02 INFO  : Disconnected from the channel tcfchan#9.
10:52:03 INFO  : 'targets -set -filter {jtag_cable_name =~ "Xilinx TUL 1234-tulA" && level==0} -index 1' command is executed.
10:52:03 INFO  : 'fpga -state' command is executed.
10:52:03 INFO  : Connected to target on host '127.0.0.1' and port '3121'.
10:52:03 INFO  : Jtag cable 'Xilinx TUL 1234-tulA' is selected.
10:52:03 INFO  : 'jtag frequency' command is executed.
10:52:03 INFO  : Sourcing of 'C:/soc/HW2_interrupt/HW2_interrupt.sdk/design_1_wrapper_hw_platform_0/ps7_init.tcl' is done.
10:52:03 INFO  : Context for 'APU' is selected.
10:52:05 INFO  : Hardware design information is loaded from 'C:/soc/HW2_interrupt/HW2_interrupt.sdk/design_1_wrapper_hw_platform_0/system.hdf'.
10:52:05 INFO  : 'configparams force-mem-access 1' command is executed.
10:52:05 INFO  : Context for 'APU' is selected.
10:52:05 INFO  : 'stop' command is executed.
10:52:05 INFO  : 'ps7_init' command is executed.
10:52:05 INFO  : 'ps7_post_config' command is executed.
10:52:05 INFO  : Context for processor 'ps7_cortexa9_0' is selected.
10:52:05 INFO  : Processor reset is completed for 'ps7_cortexa9_0'.
10:52:05 INFO  : Context for processor 'ps7_cortexa9_0' is selected.
10:52:05 INFO  : The application 'C:/soc/HW2_interrupt/HW2_interrupt.sdk/HW2_interrupt/Debug/HW2_interrupt.elf' is downloaded to processor 'ps7_cortexa9_0'.
10:52:05 INFO  : 'configparams force-mem-access 0' command is executed.
10:52:05 INFO  : ----------------XSDB Script----------------
connect -url tcp:127.0.0.1:3121
source C:/soc/HW2_interrupt/HW2_interrupt.sdk/design_1_wrapper_hw_platform_0/ps7_init.tcl
targets -set -nocase -filter {name =~"APU*" && jtag_cable_name =~ "Xilinx TUL 1234-tulA"} -index 0
loadhw -hw C:/soc/HW2_interrupt/HW2_interrupt.sdk/design_1_wrapper_hw_platform_0/system.hdf -mem-ranges [list {0x40000000 0xbfffffff}]
configparams force-mem-access 1
targets -set -nocase -filter {name =~"APU*" && jtag_cable_name =~ "Xilinx TUL 1234-tulA"} -index 0
stop
ps7_init
ps7_post_config
targets -set -nocase -filter {name =~ "ARM*#0" && jtag_cable_name =~ "Xilinx TUL 1234-tulA"} -index 0
rst -processor
targets -set -nocase -filter {name =~ "ARM*#0" && jtag_cable_name =~ "Xilinx TUL 1234-tulA"} -index 0
dow C:/soc/HW2_interrupt/HW2_interrupt.sdk/HW2_interrupt/Debug/HW2_interrupt.elf
configparams force-mem-access 0
----------------End of Script----------------

10:52:05 INFO  : Memory regions updated for context APU
10:52:05 INFO  : Context for processor 'ps7_cortexa9_0' is selected.
10:52:05 INFO  : 'con' command is executed.
10:52:05 INFO  : ----------------XSDB Script (After Launch)----------------
targets -set -nocase -filter {name =~ "ARM*#0" && jtag_cable_name =~ "Xilinx TUL 1234-tulA"} -index 0
con
----------------End of Script----------------

10:52:05 INFO  : Launch script is exported to file 'C:\soc\HW2_interrupt\HW2_interrupt.sdk\.sdk\launch_scripts\xilinx_c-c++_application_(system_debugger)\system_debugger_using_debug_hw2_interrupt.elf_on_local.tcl'
11:03:39 INFO  : Connected to target on host '127.0.0.1' and port '3121'.
11:03:39 INFO  : 'targets -set -filter {jtag_cable_name =~ "Xilinx TUL 1234-tulA" && level==0} -index 1' command is executed.
11:03:42 INFO  : FPGA configured successfully with bitstream "C:/soc/HW2_interrupt/HW2_interrupt.sdk/design_1_wrapper_hw_platform_0/design_1_wrapper.bit"
11:03:47 INFO  : Disconnected from the channel tcfchan#10.
11:03:48 INFO  : 'targets -set -filter {jtag_cable_name =~ "Xilinx TUL 1234-tulA" && level==0} -index 1' command is executed.
11:03:48 INFO  : 'fpga -state' command is executed.
11:03:48 INFO  : Connected to target on host '127.0.0.1' and port '3121'.
11:03:48 INFO  : Jtag cable 'Xilinx TUL 1234-tulA' is selected.
11:03:48 INFO  : 'jtag frequency' command is executed.
11:03:48 INFO  : Sourcing of 'C:/soc/HW2_interrupt/HW2_interrupt.sdk/design_1_wrapper_hw_platform_0/ps7_init.tcl' is done.
11:03:48 INFO  : Context for 'APU' is selected.
11:03:49 INFO  : Hardware design information is loaded from 'C:/soc/HW2_interrupt/HW2_interrupt.sdk/design_1_wrapper_hw_platform_0/system.hdf'.
11:03:49 INFO  : 'configparams force-mem-access 1' command is executed.
11:03:49 INFO  : Context for 'APU' is selected.
11:03:49 INFO  : 'stop' command is executed.
11:03:50 INFO  : 'ps7_init' command is executed.
11:03:50 INFO  : 'ps7_post_config' command is executed.
11:03:50 INFO  : Context for processor 'ps7_cortexa9_0' is selected.
11:03:50 INFO  : Processor reset is completed for 'ps7_cortexa9_0'.
11:03:50 INFO  : Context for processor 'ps7_cortexa9_0' is selected.
11:03:50 INFO  : The application 'C:/soc/HW2_interrupt/HW2_interrupt.sdk/HW2_interrupt/Debug/HW2_interrupt.elf' is downloaded to processor 'ps7_cortexa9_0'.
11:03:50 INFO  : 'configparams force-mem-access 0' command is executed.
11:03:50 INFO  : ----------------XSDB Script----------------
connect -url tcp:127.0.0.1:3121
source C:/soc/HW2_interrupt/HW2_interrupt.sdk/design_1_wrapper_hw_platform_0/ps7_init.tcl
targets -set -nocase -filter {name =~"APU*" && jtag_cable_name =~ "Xilinx TUL 1234-tulA"} -index 0
loadhw -hw C:/soc/HW2_interrupt/HW2_interrupt.sdk/design_1_wrapper_hw_platform_0/system.hdf -mem-ranges [list {0x40000000 0xbfffffff}]
configparams force-mem-access 1
targets -set -nocase -filter {name =~"APU*" && jtag_cable_name =~ "Xilinx TUL 1234-tulA"} -index 0
stop
ps7_init
ps7_post_config
targets -set -nocase -filter {name =~ "ARM*#0" && jtag_cable_name =~ "Xilinx TUL 1234-tulA"} -index 0
rst -processor
targets -set -nocase -filter {name =~ "ARM*#0" && jtag_cable_name =~ "Xilinx TUL 1234-tulA"} -index 0
dow C:/soc/HW2_interrupt/HW2_interrupt.sdk/HW2_interrupt/Debug/HW2_interrupt.elf
configparams force-mem-access 0
----------------End of Script----------------

11:03:50 INFO  : Memory regions updated for context APU
11:03:50 INFO  : Context for processor 'ps7_cortexa9_0' is selected.
11:03:50 INFO  : 'con' command is executed.
11:03:50 INFO  : ----------------XSDB Script (After Launch)----------------
targets -set -nocase -filter {name =~ "ARM*#0" && jtag_cable_name =~ "Xilinx TUL 1234-tulA"} -index 0
con
----------------End of Script----------------

11:03:50 INFO  : Launch script is exported to file 'C:\soc\HW2_interrupt\HW2_interrupt.sdk\.sdk\launch_scripts\xilinx_c-c++_application_(system_debugger)\system_debugger_using_debug_hw2_interrupt.elf_on_local.tcl'
11:05:46 INFO  : Connected to target on host '127.0.0.1' and port '3121'.
11:05:46 INFO  : 'targets -set -filter {jtag_cable_name =~ "Xilinx TUL 1234-tulA" && level==0} -index 1' command is executed.
11:05:48 INFO  : FPGA configured successfully with bitstream "C:/soc/HW2_interrupt/HW2_interrupt.sdk/design_1_wrapper_hw_platform_0/design_1_wrapper.bit"
11:06:01 INFO  : Disconnected from the channel tcfchan#11.
11:06:02 INFO  : 'targets -set -filter {jtag_cable_name =~ "Xilinx TUL 1234-tulA" && level==0} -index 1' command is executed.
11:06:02 INFO  : 'fpga -state' command is executed.
11:06:02 INFO  : Connected to target on host '127.0.0.1' and port '3121'.
11:06:02 INFO  : Jtag cable 'Xilinx TUL 1234-tulA' is selected.
11:06:02 INFO  : 'jtag frequency' command is executed.
11:06:02 INFO  : Sourcing of 'C:/soc/HW2_interrupt/HW2_interrupt.sdk/design_1_wrapper_hw_platform_0/ps7_init.tcl' is done.
11:06:02 INFO  : Context for 'APU' is selected.
11:06:04 INFO  : Hardware design information is loaded from 'C:/soc/HW2_interrupt/HW2_interrupt.sdk/design_1_wrapper_hw_platform_0/system.hdf'.
11:06:04 INFO  : 'configparams force-mem-access 1' command is executed.
11:06:04 INFO  : Context for 'APU' is selected.
11:06:04 INFO  : 'stop' command is executed.
11:06:04 INFO  : 'ps7_init' command is executed.
11:06:04 INFO  : 'ps7_post_config' command is executed.
11:06:04 INFO  : Context for processor 'ps7_cortexa9_0' is selected.
11:06:04 INFO  : Processor reset is completed for 'ps7_cortexa9_0'.
11:06:04 INFO  : Context for processor 'ps7_cortexa9_0' is selected.
11:06:04 INFO  : The application 'C:/soc/HW2_interrupt/HW2_interrupt.sdk/HW2_interrupt/Debug/HW2_interrupt.elf' is downloaded to processor 'ps7_cortexa9_0'.
11:06:04 INFO  : 'configparams force-mem-access 0' command is executed.
11:06:04 INFO  : ----------------XSDB Script----------------
connect -url tcp:127.0.0.1:3121
source C:/soc/HW2_interrupt/HW2_interrupt.sdk/design_1_wrapper_hw_platform_0/ps7_init.tcl
targets -set -nocase -filter {name =~"APU*" && jtag_cable_name =~ "Xilinx TUL 1234-tulA"} -index 0
loadhw -hw C:/soc/HW2_interrupt/HW2_interrupt.sdk/design_1_wrapper_hw_platform_0/system.hdf -mem-ranges [list {0x40000000 0xbfffffff}]
configparams force-mem-access 1
targets -set -nocase -filter {name =~"APU*" && jtag_cable_name =~ "Xilinx TUL 1234-tulA"} -index 0
stop
ps7_init
ps7_post_config
targets -set -nocase -filter {name =~ "ARM*#0" && jtag_cable_name =~ "Xilinx TUL 1234-tulA"} -index 0
rst -processor
targets -set -nocase -filter {name =~ "ARM*#0" && jtag_cable_name =~ "Xilinx TUL 1234-tulA"} -index 0
dow C:/soc/HW2_interrupt/HW2_interrupt.sdk/HW2_interrupt/Debug/HW2_interrupt.elf
configparams force-mem-access 0
----------------End of Script----------------

11:06:04 INFO  : Memory regions updated for context APU
11:06:04 INFO  : Context for processor 'ps7_cortexa9_0' is selected.
11:06:04 INFO  : 'con' command is executed.
11:06:04 INFO  : ----------------XSDB Script (After Launch)----------------
targets -set -nocase -filter {name =~ "ARM*#0" && jtag_cable_name =~ "Xilinx TUL 1234-tulA"} -index 0
con
----------------End of Script----------------

11:06:04 INFO  : Launch script is exported to file 'C:\soc\HW2_interrupt\HW2_interrupt.sdk\.sdk\launch_scripts\xilinx_c-c++_application_(system_debugger)\system_debugger_using_debug_hw2_interrupt.elf_on_local.tcl'
11:06:10 INFO  : Connected to target on host '127.0.0.1' and port '3121'.
11:06:10 INFO  : 'targets -set -filter {jtag_cable_name =~ "Xilinx TUL 1234-tulA" && level==0} -index 1' command is executed.
11:06:13 INFO  : FPGA configured successfully with bitstream "C:/soc/HW2_interrupt/HW2_interrupt.sdk/design_1_wrapper_hw_platform_0/design_1_wrapper.bit"
11:06:18 INFO  : Disconnected from the channel tcfchan#12.
11:06:19 INFO  : 'targets -set -filter {jtag_cable_name =~ "Xilinx TUL 1234-tulA" && level==0} -index 1' command is executed.
11:06:19 INFO  : 'fpga -state' command is executed.
11:06:19 INFO  : Connected to target on host '127.0.0.1' and port '3121'.
11:06:19 INFO  : Jtag cable 'Xilinx TUL 1234-tulA' is selected.
11:06:19 INFO  : 'jtag frequency' command is executed.
11:06:19 INFO  : Sourcing of 'C:/soc/HW2_interrupt/HW2_interrupt.sdk/design_1_wrapper_hw_platform_0/ps7_init.tcl' is done.
11:06:19 INFO  : Context for 'APU' is selected.
11:06:20 INFO  : Hardware design information is loaded from 'C:/soc/HW2_interrupt/HW2_interrupt.sdk/design_1_wrapper_hw_platform_0/system.hdf'.
11:06:20 INFO  : 'configparams force-mem-access 1' command is executed.
11:06:20 INFO  : Context for 'APU' is selected.
11:06:20 INFO  : 'stop' command is executed.
11:06:20 INFO  : 'ps7_init' command is executed.
11:06:20 INFO  : 'ps7_post_config' command is executed.
11:06:20 INFO  : Context for processor 'ps7_cortexa9_0' is selected.
11:06:20 INFO  : Processor reset is completed for 'ps7_cortexa9_0'.
11:06:20 INFO  : Context for processor 'ps7_cortexa9_0' is selected.
11:06:21 INFO  : The application 'C:/soc/HW2_interrupt/HW2_interrupt.sdk/HW2_interrupt/Debug/HW2_interrupt.elf' is downloaded to processor 'ps7_cortexa9_0'.
11:06:21 INFO  : 'configparams force-mem-access 0' command is executed.
11:06:21 INFO  : ----------------XSDB Script----------------
connect -url tcp:127.0.0.1:3121
source C:/soc/HW2_interrupt/HW2_interrupt.sdk/design_1_wrapper_hw_platform_0/ps7_init.tcl
targets -set -nocase -filter {name =~"APU*" && jtag_cable_name =~ "Xilinx TUL 1234-tulA"} -index 0
loadhw -hw C:/soc/HW2_interrupt/HW2_interrupt.sdk/design_1_wrapper_hw_platform_0/system.hdf -mem-ranges [list {0x40000000 0xbfffffff}]
configparams force-mem-access 1
targets -set -nocase -filter {name =~"APU*" && jtag_cable_name =~ "Xilinx TUL 1234-tulA"} -index 0
stop
ps7_init
ps7_post_config
targets -set -nocase -filter {name =~ "ARM*#0" && jtag_cable_name =~ "Xilinx TUL 1234-tulA"} -index 0
rst -processor
targets -set -nocase -filter {name =~ "ARM*#0" && jtag_cable_name =~ "Xilinx TUL 1234-tulA"} -index 0
dow C:/soc/HW2_interrupt/HW2_interrupt.sdk/HW2_interrupt/Debug/HW2_interrupt.elf
configparams force-mem-access 0
----------------End of Script----------------

11:06:21 INFO  : Memory regions updated for context APU
11:06:21 INFO  : Context for processor 'ps7_cortexa9_0' is selected.
11:06:21 INFO  : 'con' command is executed.
11:06:21 INFO  : ----------------XSDB Script (After Launch)----------------
targets -set -nocase -filter {name =~ "ARM*#0" && jtag_cable_name =~ "Xilinx TUL 1234-tulA"} -index 0
con
----------------End of Script----------------

11:06:21 INFO  : Launch script is exported to file 'C:\soc\HW2_interrupt\HW2_interrupt.sdk\.sdk\launch_scripts\xilinx_c-c++_application_(system_debugger)\system_debugger_using_debug_hw2_interrupt.elf_on_local.tcl'
11:23:40 INFO  : SDK has detected change in the last modified timestamps for source hardware specification file Source:1747884105821,  Project:1747878703466
11:23:40 INFO  : Project design_1_wrapper_hw_platform_0's source hardware specification located at C:/soc/HW2_interrupt/HW2_interrupt.sdk/design_1_wrapper.hdf is now different from the local copy.
		 The local copy will be replaced with the source specification and your workspace will be updated.
11:23:44 INFO  : Copied contents of C:/soc/HW2_interrupt/HW2_interrupt.sdk/design_1_wrapper.hdf into \design_1_wrapper_hw_platform_0\system.hdf.
11:23:47 INFO  : Synchronizing projects in the workspace with the hardware platform specification changes.
11:23:49 INFO  : 
11:23:50 INFO  : Updating hardware inferred compiler options for HW2_interrupt.
11:23:50 INFO  : Clearing existing target manager status.
11:24:30 INFO  : Connected to target on host '127.0.0.1' and port '3121'.
11:24:30 INFO  : 'targets -set -filter {jtag_cable_name =~ "Xilinx TUL 1234-tulA" && level==0} -index 1' command is executed.
11:24:33 INFO  : FPGA configured successfully with bitstream "C:/soc/HW2_interrupt/HW2_interrupt.sdk/design_1_wrapper_hw_platform_0/design_1_wrapper.bit"
11:25:52 INFO  : Connected to target on host '127.0.0.1' and port '3121'.
11:25:52 INFO  : 'targets -set -filter {jtag_cable_name =~ "Xilinx TUL 1234-tulA" && level==0} -index 1' command is executed.
11:25:54 INFO  : FPGA configured successfully with bitstream "C:/soc/HW2_interrupt/HW2_interrupt.sdk/design_1_wrapper_hw_platform_0/design_1_wrapper.bit"
11:26:08 INFO  : Disconnected from the channel tcfchan#13.
11:26:12 INFO  : 'targets -set -filter {jtag_cable_name =~ "Xilinx TUL 1234-tulA" && level==0} -index 1' command is executed.
11:26:12 INFO  : 'fpga -state' command is executed.
11:26:12 INFO  : Connected to target on host '127.0.0.1' and port '3121'.
11:26:13 INFO  : Jtag cable 'Xilinx TUL 1234-tulA' is selected.
11:26:13 INFO  : 'jtag frequency' command is executed.
11:26:13 INFO  : Sourcing of 'C:/soc/HW2_interrupt/HW2_interrupt.sdk/design_1_wrapper_hw_platform_0/ps7_init.tcl' is done.
11:26:13 INFO  : Context for 'APU' is selected.
11:26:13 INFO  : Hardware design information is loaded from 'C:/soc/HW2_interrupt/HW2_interrupt.sdk/design_1_wrapper_hw_platform_0/system.hdf'.
11:26:13 INFO  : 'configparams force-mem-access 1' command is executed.
11:26:13 INFO  : Context for 'APU' is selected.
11:26:13 INFO  : 'stop' command is executed.
11:26:13 INFO  : 'ps7_init' command is executed.
11:26:13 INFO  : 'ps7_post_config' command is executed.
11:26:13 INFO  : 'configparams force-mem-access 0' command is executed.
11:26:13 INFO  : ----------------XSDB Script----------------
connect -url tcp:127.0.0.1:3121
source C:/soc/HW2_interrupt/HW2_interrupt.sdk/design_1_wrapper_hw_platform_0/ps7_init.tcl
targets -set -nocase -filter {name =~"APU*" && jtag_cable_name =~ "Xilinx TUL 1234-tulA"} -index 0
loadhw -hw C:/soc/HW2_interrupt/HW2_interrupt.sdk/design_1_wrapper_hw_platform_0/system.hdf -mem-ranges [list {0x40000000 0xbfffffff}]
configparams force-mem-access 1
targets -set -nocase -filter {name =~"APU*" && jtag_cable_name =~ "Xilinx TUL 1234-tulA"} -index 0
stop
ps7_init
ps7_post_config
configparams force-mem-access 0
----------------End of Script----------------

11:26:13 INFO  : Memory regions updated for context APU
11:26:13 INFO  : Launch script is exported to file 'C:\soc\HW2_interrupt\HW2_interrupt.sdk\.sdk\launch_scripts\xilinx_c-c++_application_(system_debugger)\system_debugger_using_debug_hw2_interrupt.elf_on_local.tcl'
11:26:24 INFO  : Disconnected from the channel tcfchan#14.
11:26:42 INFO  : Registering command handlers for SDK TCF services
11:26:43 INFO  : Launching XSCT server: xsct.bat -interactive C:\soc\HW2_interrupt\HW2_interrupt.sdk\temp_xsdb_launch_script.tcl
11:26:44 INFO  : XSCT server has started successfully.
11:26:44 INFO  : Successfully done setting XSCT server connection channel  
11:26:44 INFO  : Successfully done setting SDK workspace  
11:26:44 INFO  : Processing command line option -hwspec C:/soc/HW2_interrupt/HW2_interrupt.sdk/design_1_wrapper.hdf.
11:26:44 INFO  : Checking for hwspec changes in the project design_1_wrapper_hw_platform_0.
11:27:31 INFO  : Connected to target on host '127.0.0.1' and port '3121'.
11:27:31 INFO  : 'targets -set -filter {jtag_cable_name =~ "Xilinx TUL 1234-tulA" && level==0} -index 1' command is executed.
11:27:34 INFO  : FPGA configured successfully with bitstream "C:/soc/HW2_interrupt/HW2_interrupt.sdk/design_1_wrapper_hw_platform_0/design_1_wrapper.bit"
11:27:58 INFO  : 'targets -set -filter {jtag_cable_name =~ "Xilinx TUL 1234-tulA" && level==0} -index 1' command is executed.
11:27:58 INFO  : 'fpga -state' command is executed.
11:27:58 INFO  : Connected to target on host '127.0.0.1' and port '3121'.
11:27:58 INFO  : Jtag cable 'Xilinx TUL 1234-tulA' is selected.
11:27:58 INFO  : 'jtag frequency' command is executed.
11:27:58 INFO  : Sourcing of 'C:/soc/HW2_interrupt/HW2_interrupt.sdk/design_1_wrapper_hw_platform_0/ps7_init.tcl' is done.
11:27:58 INFO  : Context for 'APU' is selected.
11:27:58 INFO  : Hardware design information is loaded from 'C:/soc/HW2_interrupt/HW2_interrupt.sdk/design_1_wrapper_hw_platform_0/system.hdf'.
11:27:58 INFO  : 'configparams force-mem-access 1' command is executed.
11:27:58 INFO  : Context for 'APU' is selected.
11:27:58 INFO  : 'stop' command is executed.
11:27:59 INFO  : 'ps7_init' command is executed.
11:27:59 INFO  : 'ps7_post_config' command is executed.
11:27:59 INFO  : 'configparams force-mem-access 0' command is executed.
11:27:59 INFO  : ----------------XSDB Script----------------
connect -url tcp:127.0.0.1:3121
source C:/soc/HW2_interrupt/HW2_interrupt.sdk/design_1_wrapper_hw_platform_0/ps7_init.tcl
targets -set -nocase -filter {name =~"APU*" && jtag_cable_name =~ "Xilinx TUL 1234-tulA"} -index 0
loadhw -hw C:/soc/HW2_interrupt/HW2_interrupt.sdk/design_1_wrapper_hw_platform_0/system.hdf -mem-ranges [list {0x40000000 0xbfffffff}]
configparams force-mem-access 1
targets -set -nocase -filter {name =~"APU*" && jtag_cable_name =~ "Xilinx TUL 1234-tulA"} -index 0
stop
ps7_init
ps7_post_config
configparams force-mem-access 0
----------------End of Script----------------

11:27:59 INFO  : Memory regions updated for context APU
11:27:59 INFO  : Launch script is exported to file 'C:\soc\HW2_interrupt\HW2_interrupt.sdk\.sdk\launch_scripts\xilinx_c-c++_application_(system_debugger)\system_debugger_using_debug_hw2_interrupt.elf_on_local.tcl'
11:28:55 INFO  : Disconnected from the channel tcfchan#1.
11:28:56 INFO  : 'targets -set -filter {jtag_cable_name =~ "Xilinx TUL 1234-tulA" && level==0} -index 1' command is executed.
11:28:56 INFO  : 'fpga -state' command is executed.
11:28:56 INFO  : Connected to target on host '127.0.0.1' and port '3121'.
11:28:56 INFO  : Jtag cable 'Xilinx TUL 1234-tulA' is selected.
11:28:56 INFO  : 'jtag frequency' command is executed.
11:28:56 INFO  : Sourcing of 'C:/soc/HW2_interrupt/HW2_interrupt.sdk/design_1_wrapper_hw_platform_0/ps7_init.tcl' is done.
11:28:56 INFO  : Context for 'APU' is selected.
11:28:58 INFO  : Hardware design information is loaded from 'C:/soc/HW2_interrupt/HW2_interrupt.sdk/design_1_wrapper_hw_platform_0/system.hdf'.
11:28:58 INFO  : 'configparams force-mem-access 1' command is executed.
11:28:58 INFO  : Context for 'APU' is selected.
11:28:58 INFO  : 'stop' command is executed.
11:28:58 INFO  : 'ps7_init' command is executed.
11:28:58 INFO  : 'ps7_post_config' command is executed.
11:28:58 INFO  : Context for processor 'ps7_cortexa9_0' is selected.
11:28:58 INFO  : Processor reset is completed for 'ps7_cortexa9_0'.
11:28:58 INFO  : Context for processor 'ps7_cortexa9_0' is selected.
11:28:58 INFO  : The application 'C:/soc/HW2_interrupt/HW2_interrupt.sdk/HW2_interrupt/Debug/HW2_interrupt.elf' is downloaded to processor 'ps7_cortexa9_0'.
11:28:58 INFO  : 'configparams force-mem-access 0' command is executed.
11:28:58 INFO  : ----------------XSDB Script----------------
connect -url tcp:127.0.0.1:3121
source C:/soc/HW2_interrupt/HW2_interrupt.sdk/design_1_wrapper_hw_platform_0/ps7_init.tcl
targets -set -nocase -filter {name =~"APU*" && jtag_cable_name =~ "Xilinx TUL 1234-tulA"} -index 0
loadhw -hw C:/soc/HW2_interrupt/HW2_interrupt.sdk/design_1_wrapper_hw_platform_0/system.hdf -mem-ranges [list {0x40000000 0xbfffffff}]
configparams force-mem-access 1
targets -set -nocase -filter {name =~"APU*" && jtag_cable_name =~ "Xilinx TUL 1234-tulA"} -index 0
stop
ps7_init
ps7_post_config
targets -set -nocase -filter {name =~ "ARM*#0" && jtag_cable_name =~ "Xilinx TUL 1234-tulA"} -index 0
rst -processor
targets -set -nocase -filter {name =~ "ARM*#0" && jtag_cable_name =~ "Xilinx TUL 1234-tulA"} -index 0
dow C:/soc/HW2_interrupt/HW2_interrupt.sdk/HW2_interrupt/Debug/HW2_interrupt.elf
configparams force-mem-access 0
----------------End of Script----------------

11:28:58 INFO  : Memory regions updated for context APU
11:28:59 INFO  : Context for processor 'ps7_cortexa9_0' is selected.
11:28:59 INFO  : 'con' command is executed.
11:28:59 INFO  : ----------------XSDB Script (After Launch)----------------
targets -set -nocase -filter {name =~ "ARM*#0" && jtag_cable_name =~ "Xilinx TUL 1234-tulA"} -index 0
con
----------------End of Script----------------

11:28:59 INFO  : Launch script is exported to file 'C:\soc\HW2_interrupt\HW2_interrupt.sdk\.sdk\launch_scripts\xilinx_c-c++_application_(system_debugger)\system_debugger_using_debug_hw2_interrupt.elf_on_local.tcl'
11:47:44 INFO  : Connected to target on host '127.0.0.1' and port '3121'.
11:47:44 INFO  : 'targets -set -filter {jtag_cable_name =~ "Xilinx TUL 1234-tulA" && level==0} -index 1' command is executed.
11:47:47 INFO  : FPGA configured successfully with bitstream "C:/soc/HW2_interrupt/HW2_interrupt.sdk/design_1_wrapper_hw_platform_0/design_1_wrapper.bit"
11:47:52 INFO  : Disconnected from the channel tcfchan#2.
11:47:54 INFO  : 'targets -set -filter {jtag_cable_name =~ "Xilinx TUL 1234-tulA" && level==0} -index 1' command is executed.
11:47:54 INFO  : 'fpga -state' command is executed.
11:47:54 INFO  : Connected to target on host '127.0.0.1' and port '3121'.
11:47:54 INFO  : Jtag cable 'Xilinx TUL 1234-tulA' is selected.
11:47:54 INFO  : 'jtag frequency' command is executed.
11:47:54 INFO  : Sourcing of 'C:/soc/HW2_interrupt/HW2_interrupt.sdk/design_1_wrapper_hw_platform_0/ps7_init.tcl' is done.
11:47:54 INFO  : Context for 'APU' is selected.
11:47:55 INFO  : Hardware design information is loaded from 'C:/soc/HW2_interrupt/HW2_interrupt.sdk/design_1_wrapper_hw_platform_0/system.hdf'.
11:47:55 INFO  : 'configparams force-mem-access 1' command is executed.
11:47:55 INFO  : Context for 'APU' is selected.
11:47:55 INFO  : 'stop' command is executed.
11:47:56 INFO  : 'ps7_init' command is executed.
11:47:56 INFO  : 'ps7_post_config' command is executed.
11:47:56 INFO  : Context for processor 'ps7_cortexa9_0' is selected.
11:47:56 INFO  : Processor reset is completed for 'ps7_cortexa9_0'.
11:47:56 INFO  : Context for processor 'ps7_cortexa9_0' is selected.
11:47:56 INFO  : The application 'C:/soc/HW2_interrupt/HW2_interrupt.sdk/HW2_interrupt/Debug/HW2_interrupt.elf' is downloaded to processor 'ps7_cortexa9_0'.
11:47:56 INFO  : 'configparams force-mem-access 0' command is executed.
11:47:56 INFO  : ----------------XSDB Script----------------
connect -url tcp:127.0.0.1:3121
source C:/soc/HW2_interrupt/HW2_interrupt.sdk/design_1_wrapper_hw_platform_0/ps7_init.tcl
targets -set -nocase -filter {name =~"APU*" && jtag_cable_name =~ "Xilinx TUL 1234-tulA"} -index 0
loadhw -hw C:/soc/HW2_interrupt/HW2_interrupt.sdk/design_1_wrapper_hw_platform_0/system.hdf -mem-ranges [list {0x40000000 0xbfffffff}]
configparams force-mem-access 1
targets -set -nocase -filter {name =~"APU*" && jtag_cable_name =~ "Xilinx TUL 1234-tulA"} -index 0
stop
ps7_init
ps7_post_config
targets -set -nocase -filter {name =~ "ARM*#0" && jtag_cable_name =~ "Xilinx TUL 1234-tulA"} -index 0
rst -processor
targets -set -nocase -filter {name =~ "ARM*#0" && jtag_cable_name =~ "Xilinx TUL 1234-tulA"} -index 0
dow C:/soc/HW2_interrupt/HW2_interrupt.sdk/HW2_interrupt/Debug/HW2_interrupt.elf
configparams force-mem-access 0
----------------End of Script----------------

11:47:56 INFO  : Memory regions updated for context APU
11:47:56 INFO  : Context for processor 'ps7_cortexa9_0' is selected.
11:47:56 INFO  : 'con' command is executed.
11:47:56 INFO  : ----------------XSDB Script (After Launch)----------------
targets -set -nocase -filter {name =~ "ARM*#0" && jtag_cable_name =~ "Xilinx TUL 1234-tulA"} -index 0
con
----------------End of Script----------------

11:47:56 INFO  : Launch script is exported to file 'C:\soc\HW2_interrupt\HW2_interrupt.sdk\.sdk\launch_scripts\xilinx_c-c++_application_(system_debugger)\system_debugger_using_debug_hw2_interrupt.elf_on_local.tcl'
11:55:41 INFO  : Connected to target on host '127.0.0.1' and port '3121'.
11:55:41 INFO  : 'targets -set -filter {jtag_cable_name =~ "Xilinx TUL 1234-tulA" && level==0} -index 1' command is executed.
11:55:43 INFO  : FPGA configured successfully with bitstream "C:/soc/HW2_interrupt/HW2_interrupt.sdk/design_1_wrapper_hw_platform_0/design_1_wrapper.bit"
11:55:52 INFO  : Disconnected from the channel tcfchan#3.
11:55:53 INFO  : 'targets -set -filter {jtag_cable_name =~ "Xilinx TUL 1234-tulA" && level==0} -index 1' command is executed.
11:55:53 INFO  : 'fpga -state' command is executed.
11:55:53 INFO  : Connected to target on host '127.0.0.1' and port '3121'.
11:55:53 INFO  : Jtag cable 'Xilinx TUL 1234-tulA' is selected.
11:55:53 INFO  : 'jtag frequency' command is executed.
11:55:53 INFO  : Sourcing of 'C:/soc/HW2_interrupt/HW2_interrupt.sdk/design_1_wrapper_hw_platform_0/ps7_init.tcl' is done.
11:55:53 INFO  : Context for 'APU' is selected.
11:55:54 INFO  : Hardware design information is loaded from 'C:/soc/HW2_interrupt/HW2_interrupt.sdk/design_1_wrapper_hw_platform_0/system.hdf'.
11:55:54 INFO  : 'configparams force-mem-access 1' command is executed.
11:55:54 INFO  : Context for 'APU' is selected.
11:55:54 INFO  : 'stop' command is executed.
11:55:55 INFO  : 'ps7_init' command is executed.
11:55:55 INFO  : 'ps7_post_config' command is executed.
11:55:55 INFO  : Context for processor 'ps7_cortexa9_0' is selected.
11:55:55 INFO  : Processor reset is completed for 'ps7_cortexa9_0'.
11:55:55 INFO  : Context for processor 'ps7_cortexa9_0' is selected.
11:55:55 INFO  : The application 'C:/soc/HW2_interrupt/HW2_interrupt.sdk/HW2_interrupt/Debug/HW2_interrupt.elf' is downloaded to processor 'ps7_cortexa9_0'.
11:55:55 INFO  : 'configparams force-mem-access 0' command is executed.
11:55:55 INFO  : ----------------XSDB Script----------------
connect -url tcp:127.0.0.1:3121
source C:/soc/HW2_interrupt/HW2_interrupt.sdk/design_1_wrapper_hw_platform_0/ps7_init.tcl
targets -set -nocase -filter {name =~"APU*" && jtag_cable_name =~ "Xilinx TUL 1234-tulA"} -index 0
loadhw -hw C:/soc/HW2_interrupt/HW2_interrupt.sdk/design_1_wrapper_hw_platform_0/system.hdf -mem-ranges [list {0x40000000 0xbfffffff}]
configparams force-mem-access 1
targets -set -nocase -filter {name =~"APU*" && jtag_cable_name =~ "Xilinx TUL 1234-tulA"} -index 0
stop
ps7_init
ps7_post_config
targets -set -nocase -filter {name =~ "ARM*#0" && jtag_cable_name =~ "Xilinx TUL 1234-tulA"} -index 0
rst -processor
targets -set -nocase -filter {name =~ "ARM*#0" && jtag_cable_name =~ "Xilinx TUL 1234-tulA"} -index 0
dow C:/soc/HW2_interrupt/HW2_interrupt.sdk/HW2_interrupt/Debug/HW2_interrupt.elf
configparams force-mem-access 0
----------------End of Script----------------

11:55:55 INFO  : Memory regions updated for context APU
11:55:55 INFO  : Context for processor 'ps7_cortexa9_0' is selected.
11:55:55 INFO  : 'con' command is executed.
11:55:55 INFO  : ----------------XSDB Script (After Launch)----------------
targets -set -nocase -filter {name =~ "ARM*#0" && jtag_cable_name =~ "Xilinx TUL 1234-tulA"} -index 0
con
----------------End of Script----------------

11:55:55 INFO  : Launch script is exported to file 'C:\soc\HW2_interrupt\HW2_interrupt.sdk\.sdk\launch_scripts\xilinx_c-c++_application_(system_debugger)\system_debugger_using_debug_hw2_interrupt.elf_on_local.tcl'
12:06:03 INFO  : Disconnected from the channel tcfchan#4.
12:06:04 INFO  : 'targets -set -filter {jtag_cable_name =~ "Xilinx TUL 1234-tulA" && level==0} -index 1' command is executed.
12:06:04 INFO  : 'fpga -state' command is executed.
12:06:04 INFO  : Connected to target on host '127.0.0.1' and port '3121'.
12:06:04 INFO  : Jtag cable 'Xilinx TUL 1234-tulA' is selected.
12:06:04 INFO  : 'jtag frequency' command is executed.
12:06:04 INFO  : Sourcing of 'C:/soc/HW2_interrupt/HW2_interrupt.sdk/design_1_wrapper_hw_platform_0/ps7_init.tcl' is done.
12:06:04 INFO  : Context for 'APU' is selected.
12:06:06 INFO  : Hardware design information is loaded from 'C:/soc/HW2_interrupt/HW2_interrupt.sdk/design_1_wrapper_hw_platform_0/system.hdf'.
12:06:06 INFO  : 'configparams force-mem-access 1' command is executed.
12:06:06 INFO  : Context for 'APU' is selected.
12:06:06 INFO  : 'stop' command is executed.
12:06:06 INFO  : 'ps7_init' command is executed.
12:06:06 INFO  : 'ps7_post_config' command is executed.
12:06:06 INFO  : Context for processor 'ps7_cortexa9_0' is selected.
12:06:06 INFO  : Processor reset is completed for 'ps7_cortexa9_0'.
12:06:06 INFO  : Context for processor 'ps7_cortexa9_0' is selected.
12:06:06 INFO  : The application 'C:/soc/HW2_interrupt/HW2_interrupt.sdk/HW2_interrupt/Debug/HW2_interrupt.elf' is downloaded to processor 'ps7_cortexa9_0'.
12:06:06 INFO  : 'configparams force-mem-access 0' command is executed.
12:06:06 INFO  : ----------------XSDB Script----------------
connect -url tcp:127.0.0.1:3121
source C:/soc/HW2_interrupt/HW2_interrupt.sdk/design_1_wrapper_hw_platform_0/ps7_init.tcl
targets -set -nocase -filter {name =~"APU*" && jtag_cable_name =~ "Xilinx TUL 1234-tulA"} -index 0
loadhw -hw C:/soc/HW2_interrupt/HW2_interrupt.sdk/design_1_wrapper_hw_platform_0/system.hdf -mem-ranges [list {0x40000000 0xbfffffff}]
configparams force-mem-access 1
targets -set -nocase -filter {name =~"APU*" && jtag_cable_name =~ "Xilinx TUL 1234-tulA"} -index 0
stop
ps7_init
ps7_post_config
targets -set -nocase -filter {name =~ "ARM*#0" && jtag_cable_name =~ "Xilinx TUL 1234-tulA"} -index 0
rst -processor
targets -set -nocase -filter {name =~ "ARM*#0" && jtag_cable_name =~ "Xilinx TUL 1234-tulA"} -index 0
dow C:/soc/HW2_interrupt/HW2_interrupt.sdk/HW2_interrupt/Debug/HW2_interrupt.elf
configparams force-mem-access 0
----------------End of Script----------------

12:06:06 INFO  : Memory regions updated for context APU
12:06:06 INFO  : Context for processor 'ps7_cortexa9_0' is selected.
12:06:06 INFO  : 'con' command is executed.
12:06:06 INFO  : ----------------XSDB Script (After Launch)----------------
targets -set -nocase -filter {name =~ "ARM*#0" && jtag_cable_name =~ "Xilinx TUL 1234-tulA"} -index 0
con
----------------End of Script----------------

12:06:06 INFO  : Launch script is exported to file 'C:\soc\HW2_interrupt\HW2_interrupt.sdk\.sdk\launch_scripts\xilinx_c-c++_application_(system_debugger)\system_debugger_using_debug_hw2_interrupt.elf_on_local.tcl'
12:08:04 INFO  : Disconnected from the channel tcfchan#5.
12:08:05 INFO  : 'targets -set -filter {jtag_cable_name =~ "Xilinx TUL 1234-tulA" && level==0} -index 1' command is executed.
12:08:05 INFO  : 'fpga -state' command is executed.
12:08:05 INFO  : Connected to target on host '127.0.0.1' and port '3121'.
12:08:05 INFO  : Jtag cable 'Xilinx TUL 1234-tulA' is selected.
12:08:05 INFO  : 'jtag frequency' command is executed.
12:08:05 INFO  : Sourcing of 'C:/soc/HW2_interrupt/HW2_interrupt.sdk/design_1_wrapper_hw_platform_0/ps7_init.tcl' is done.
12:08:05 INFO  : Context for 'APU' is selected.
12:08:06 INFO  : Hardware design information is loaded from 'C:/soc/HW2_interrupt/HW2_interrupt.sdk/design_1_wrapper_hw_platform_0/system.hdf'.
12:08:06 INFO  : 'configparams force-mem-access 1' command is executed.
12:08:06 INFO  : Context for 'APU' is selected.
12:08:06 INFO  : 'stop' command is executed.
12:08:07 INFO  : 'ps7_init' command is executed.
12:08:07 INFO  : 'ps7_post_config' command is executed.
12:08:07 INFO  : Context for processor 'ps7_cortexa9_0' is selected.
12:08:07 INFO  : Processor reset is completed for 'ps7_cortexa9_0'.
12:08:07 INFO  : Context for processor 'ps7_cortexa9_0' is selected.
12:08:07 INFO  : The application 'C:/soc/HW2_interrupt/HW2_interrupt.sdk/HW2_interrupt/Debug/HW2_interrupt.elf' is downloaded to processor 'ps7_cortexa9_0'.
12:08:07 INFO  : 'configparams force-mem-access 0' command is executed.
12:08:07 INFO  : ----------------XSDB Script----------------
connect -url tcp:127.0.0.1:3121
source C:/soc/HW2_interrupt/HW2_interrupt.sdk/design_1_wrapper_hw_platform_0/ps7_init.tcl
targets -set -nocase -filter {name =~"APU*" && jtag_cable_name =~ "Xilinx TUL 1234-tulA"} -index 0
loadhw -hw C:/soc/HW2_interrupt/HW2_interrupt.sdk/design_1_wrapper_hw_platform_0/system.hdf -mem-ranges [list {0x40000000 0xbfffffff}]
configparams force-mem-access 1
targets -set -nocase -filter {name =~"APU*" && jtag_cable_name =~ "Xilinx TUL 1234-tulA"} -index 0
stop
ps7_init
ps7_post_config
targets -set -nocase -filter {name =~ "ARM*#0" && jtag_cable_name =~ "Xilinx TUL 1234-tulA"} -index 0
rst -processor
targets -set -nocase -filter {name =~ "ARM*#0" && jtag_cable_name =~ "Xilinx TUL 1234-tulA"} -index 0
dow C:/soc/HW2_interrupt/HW2_interrupt.sdk/HW2_interrupt/Debug/HW2_interrupt.elf
configparams force-mem-access 0
----------------End of Script----------------

12:08:07 INFO  : Memory regions updated for context APU
12:08:07 INFO  : Context for processor 'ps7_cortexa9_0' is selected.
12:08:07 INFO  : 'con' command is executed.
12:08:07 INFO  : ----------------XSDB Script (After Launch)----------------
targets -set -nocase -filter {name =~ "ARM*#0" && jtag_cable_name =~ "Xilinx TUL 1234-tulA"} -index 0
con
----------------End of Script----------------

12:08:07 INFO  : Launch script is exported to file 'C:\soc\HW2_interrupt\HW2_interrupt.sdk\.sdk\launch_scripts\xilinx_c-c++_application_(system_debugger)\system_debugger_using_debug_hw2_interrupt.elf_on_local.tcl'
12:08:26 INFO  : Connected to target on host '127.0.0.1' and port '3121'.
12:08:26 INFO  : 'targets -set -filter {jtag_cable_name =~ "Xilinx TUL 1234-tulA" && level==0} -index 1' command is executed.
12:08:28 INFO  : FPGA configured successfully with bitstream "C:/soc/HW2_interrupt/HW2_interrupt.sdk/design_1_wrapper_hw_platform_0/design_1_wrapper.bit"
12:27:28 INFO  : SDK has detected change in the last modified timestamps for source hardware specification file Source:1747887736455,  Project:1747884105821
12:27:28 INFO  : Project design_1_wrapper_hw_platform_0's source hardware specification located at C:/soc/HW2_interrupt/HW2_interrupt.sdk/design_1_wrapper.hdf is now different from the local copy.
		 The local copy will be replaced with the source specification and your workspace will be updated.
12:27:33 INFO  : Copied contents of C:/soc/HW2_interrupt/HW2_interrupt.sdk/design_1_wrapper.hdf into \design_1_wrapper_hw_platform_0\system.hdf.
12:27:37 INFO  : Synchronizing projects in the workspace with the hardware platform specification changes.
12:27:41 INFO  : 
12:27:41 INFO  : Updating hardware inferred compiler options for HW2_interrupt.
12:27:41 INFO  : Clearing existing target manager status.
12:28:18 INFO  : Connected to target on host '127.0.0.1' and port '3121'.
12:28:18 INFO  : 'targets -set -filter {jtag_cable_name =~ "Xilinx TUL 1234-tulA" && level==0} -index 1' command is executed.
12:28:20 INFO  : FPGA configured successfully with bitstream "C:/soc/HW2_interrupt/HW2_interrupt.sdk/design_1_wrapper_hw_platform_0/design_1_wrapper.bit"
12:28:30 INFO  : Disconnected from the channel tcfchan#6.
12:28:31 INFO  : 'targets -set -filter {jtag_cable_name =~ "Xilinx TUL 1234-tulA" && level==0} -index 1' command is executed.
12:28:31 INFO  : 'fpga -state' command is executed.
12:28:31 INFO  : Connected to target on host '127.0.0.1' and port '3121'.
12:28:32 INFO  : Jtag cable 'Xilinx TUL 1234-tulA' is selected.
12:28:32 INFO  : 'jtag frequency' command is executed.
12:28:32 INFO  : Sourcing of 'C:/soc/HW2_interrupt/HW2_interrupt.sdk/design_1_wrapper_hw_platform_0/ps7_init.tcl' is done.
12:28:32 INFO  : Context for 'APU' is selected.
12:28:32 INFO  : Hardware design information is loaded from 'C:/soc/HW2_interrupt/HW2_interrupt.sdk/design_1_wrapper_hw_platform_0/system.hdf'.
12:28:32 INFO  : 'configparams force-mem-access 1' command is executed.
12:28:32 INFO  : Context for 'APU' is selected.
12:28:32 INFO  : 'stop' command is executed.
12:28:32 INFO  : 'ps7_init' command is executed.
12:28:32 INFO  : 'ps7_post_config' command is executed.
12:28:32 INFO  : Context for processor 'ps7_cortexa9_0' is selected.
12:28:32 INFO  : Processor reset is completed for 'ps7_cortexa9_0'.
12:28:32 INFO  : Context for processor 'ps7_cortexa9_0' is selected.
12:28:32 INFO  : The application 'C:/soc/HW2_interrupt/HW2_interrupt.sdk/HW2_interrupt/Debug/HW2_interrupt.elf' is downloaded to processor 'ps7_cortexa9_0'.
12:28:32 INFO  : 'configparams force-mem-access 0' command is executed.
12:28:32 INFO  : ----------------XSDB Script----------------
connect -url tcp:127.0.0.1:3121
source C:/soc/HW2_interrupt/HW2_interrupt.sdk/design_1_wrapper_hw_platform_0/ps7_init.tcl
targets -set -nocase -filter {name =~"APU*" && jtag_cable_name =~ "Xilinx TUL 1234-tulA"} -index 0
loadhw -hw C:/soc/HW2_interrupt/HW2_interrupt.sdk/design_1_wrapper_hw_platform_0/system.hdf -mem-ranges [list {0x40000000 0xbfffffff}]
configparams force-mem-access 1
targets -set -nocase -filter {name =~"APU*" && jtag_cable_name =~ "Xilinx TUL 1234-tulA"} -index 0
stop
ps7_init
ps7_post_config
targets -set -nocase -filter {name =~ "ARM*#0" && jtag_cable_name =~ "Xilinx TUL 1234-tulA"} -index 0
rst -processor
targets -set -nocase -filter {name =~ "ARM*#0" && jtag_cable_name =~ "Xilinx TUL 1234-tulA"} -index 0
dow C:/soc/HW2_interrupt/HW2_interrupt.sdk/HW2_interrupt/Debug/HW2_interrupt.elf
configparams force-mem-access 0
----------------End of Script----------------

12:28:32 INFO  : Memory regions updated for context APU
12:28:32 INFO  : Context for processor 'ps7_cortexa9_0' is selected.
12:28:33 INFO  : 'con' command is executed.
12:28:33 INFO  : ----------------XSDB Script (After Launch)----------------
targets -set -nocase -filter {name =~ "ARM*#0" && jtag_cable_name =~ "Xilinx TUL 1234-tulA"} -index 0
con
----------------End of Script----------------

12:28:33 INFO  : Launch script is exported to file 'C:\soc\HW2_interrupt\HW2_interrupt.sdk\.sdk\launch_scripts\xilinx_c-c++_application_(system_debugger)\system_debugger_using_debug_hw2_interrupt.elf_on_local.tcl'
12:30:12 INFO  : Disconnected from the channel tcfchan#7.
12:30:43 INFO  : Registering command handlers for SDK TCF services
12:30:44 INFO  : Launching XSCT server: xsct.bat -interactive C:\soc\HW2_interrupt\HW2_interrupt.sdk\temp_xsdb_launch_script.tcl
12:30:47 INFO  : XSCT server has started successfully.
12:30:53 INFO  : Successfully done setting XSCT server connection channel  
12:30:53 INFO  : Successfully done setting SDK workspace  
12:30:53 INFO  : Processing command line option -hwspec C:/soc/HW2_interrupt/HW2_interrupt.sdk/design_1_wrapper.hdf.
12:30:53 INFO  : Checking for hwspec changes in the project design_1_wrapper_hw_platform_0.
12:31:40 INFO  : Connected to target on host '127.0.0.1' and port '3121'.
12:31:40 INFO  : 'targets -set -filter {jtag_cable_name =~ "Xilinx TUL 1234-tulA" && level==0} -index 1' command is executed.
12:31:42 INFO  : FPGA configured successfully with bitstream "C:/soc/HW2_interrupt/HW2_interrupt.sdk/design_1_wrapper_hw_platform_0/design_1_wrapper.bit"
12:31:48 INFO  : 'targets -set -filter {jtag_cable_name =~ "Xilinx TUL 1234-tulA" && level==0} -index 1' command is executed.
12:31:48 INFO  : 'fpga -state' command is executed.
12:31:48 INFO  : Connected to target on host '127.0.0.1' and port '3121'.
12:31:49 INFO  : Jtag cable 'Xilinx TUL 1234-tulA' is selected.
12:31:49 INFO  : 'jtag frequency' command is executed.
12:31:49 INFO  : Sourcing of 'C:/soc/HW2_interrupt/HW2_interrupt.sdk/design_1_wrapper_hw_platform_0/ps7_init.tcl' is done.
12:31:49 INFO  : Context for 'APU' is selected.
12:31:49 INFO  : Hardware design information is loaded from 'C:/soc/HW2_interrupt/HW2_interrupt.sdk/design_1_wrapper_hw_platform_0/system.hdf'.
12:31:49 INFO  : 'configparams force-mem-access 1' command is executed.
12:31:49 INFO  : Context for 'APU' is selected.
12:31:49 INFO  : 'stop' command is executed.
12:31:49 INFO  : 'ps7_init' command is executed.
12:31:49 INFO  : 'ps7_post_config' command is executed.
12:31:49 INFO  : Context for processor 'ps7_cortexa9_0' is selected.
12:31:49 INFO  : Processor reset is completed for 'ps7_cortexa9_0'.
12:31:49 INFO  : Context for processor 'ps7_cortexa9_0' is selected.
12:31:50 INFO  : The application 'C:/soc/HW2_interrupt/HW2_interrupt.sdk/HW2_interrupt/Debug/HW2_interrupt.elf' is downloaded to processor 'ps7_cortexa9_0'.
12:31:50 INFO  : 'configparams force-mem-access 0' command is executed.
12:31:50 INFO  : ----------------XSDB Script----------------
connect -url tcp:127.0.0.1:3121
source C:/soc/HW2_interrupt/HW2_interrupt.sdk/design_1_wrapper_hw_platform_0/ps7_init.tcl
targets -set -nocase -filter {name =~"APU*" && jtag_cable_name =~ "Xilinx TUL 1234-tulA"} -index 0
loadhw -hw C:/soc/HW2_interrupt/HW2_interrupt.sdk/design_1_wrapper_hw_platform_0/system.hdf -mem-ranges [list {0x40000000 0xbfffffff}]
configparams force-mem-access 1
targets -set -nocase -filter {name =~"APU*" && jtag_cable_name =~ "Xilinx TUL 1234-tulA"} -index 0
stop
ps7_init
ps7_post_config
targets -set -nocase -filter {name =~ "ARM*#0" && jtag_cable_name =~ "Xilinx TUL 1234-tulA"} -index 0
rst -processor
targets -set -nocase -filter {name =~ "ARM*#0" && jtag_cable_name =~ "Xilinx TUL 1234-tulA"} -index 0
dow C:/soc/HW2_interrupt/HW2_interrupt.sdk/HW2_interrupt/Debug/HW2_interrupt.elf
configparams force-mem-access 0
----------------End of Script----------------

12:31:50 INFO  : Memory regions updated for context APU
12:31:50 INFO  : Context for processor 'ps7_cortexa9_0' is selected.
12:31:50 INFO  : 'con' command is executed.
12:31:50 INFO  : ----------------XSDB Script (After Launch)----------------
targets -set -nocase -filter {name =~ "ARM*#0" && jtag_cable_name =~ "Xilinx TUL 1234-tulA"} -index 0
con
----------------End of Script----------------

12:31:50 INFO  : Launch script is exported to file 'C:\soc\HW2_interrupt\HW2_interrupt.sdk\.sdk\launch_scripts\xilinx_c-c++_application_(system_debugger)\system_debugger_using_debug_hw2_interrupt.elf_on_local.tcl'
18:56:44 INFO  : Connected to target on host '127.0.0.1' and port '3121'.
18:56:45 INFO  : 'targets -set -filter {jtag_cable_name =~ "Xilinx TUL 1234-tulA" && level==0} -index 1' command is executed.
18:56:47 INFO  : FPGA configured successfully with bitstream "C:/soc/HW2_interrupt/HW2_interrupt.sdk/design_1_wrapper_hw_platform_0/design_1_wrapper.bit"
18:57:05 INFO  : Disconnected from the channel tcfchan#1.
18:57:06 INFO  : 'targets -set -filter {jtag_cable_name =~ "Xilinx TUL 1234-tulA" && level==0} -index 1' command is executed.
18:57:06 INFO  : 'fpga -state' command is executed.
18:57:06 INFO  : Connected to target on host '127.0.0.1' and port '3121'.
18:57:06 INFO  : Jtag cable 'Xilinx TUL 1234-tulA' is selected.
18:57:06 INFO  : 'jtag frequency' command is executed.
18:57:06 INFO  : Sourcing of 'C:/soc/HW2_interrupt/HW2_interrupt.sdk/design_1_wrapper_hw_platform_0/ps7_init.tcl' is done.
18:57:07 INFO  : Context for 'APU' is selected.
18:57:08 INFO  : Hardware design information is loaded from 'C:/soc/HW2_interrupt/HW2_interrupt.sdk/design_1_wrapper_hw_platform_0/system.hdf'.
18:57:08 INFO  : 'configparams force-mem-access 1' command is executed.
18:57:08 INFO  : Context for 'APU' is selected.
18:57:09 INFO  : 'stop' command is executed.
18:57:09 INFO  : 'ps7_init' command is executed.
18:57:09 INFO  : 'ps7_post_config' command is executed.
18:57:09 INFO  : Context for processor 'ps7_cortexa9_0' is selected.
18:57:10 INFO  : Processor reset is completed for 'ps7_cortexa9_0'.
18:57:10 INFO  : Context for processor 'ps7_cortexa9_0' is selected.
18:57:10 INFO  : The application 'C:/soc/HW2_interrupt/HW2_interrupt.sdk/HW2_interrupt/Debug/HW2_interrupt.elf' is downloaded to processor 'ps7_cortexa9_0'.
18:57:10 INFO  : 'configparams force-mem-access 0' command is executed.
18:57:10 INFO  : ----------------XSDB Script----------------
connect -url tcp:127.0.0.1:3121
source C:/soc/HW2_interrupt/HW2_interrupt.sdk/design_1_wrapper_hw_platform_0/ps7_init.tcl
targets -set -nocase -filter {name =~"APU*" && jtag_cable_name =~ "Xilinx TUL 1234-tulA"} -index 0
loadhw -hw C:/soc/HW2_interrupt/HW2_interrupt.sdk/design_1_wrapper_hw_platform_0/system.hdf -mem-ranges [list {0x40000000 0xbfffffff}]
configparams force-mem-access 1
targets -set -nocase -filter {name =~"APU*" && jtag_cable_name =~ "Xilinx TUL 1234-tulA"} -index 0
stop
ps7_init
ps7_post_config
targets -set -nocase -filter {name =~ "ARM*#0" && jtag_cable_name =~ "Xilinx TUL 1234-tulA"} -index 0
rst -processor
targets -set -nocase -filter {name =~ "ARM*#0" && jtag_cable_name =~ "Xilinx TUL 1234-tulA"} -index 0
dow C:/soc/HW2_interrupt/HW2_interrupt.sdk/HW2_interrupt/Debug/HW2_interrupt.elf
configparams force-mem-access 0
----------------End of Script----------------

18:57:10 INFO  : Memory regions updated for context APU
18:57:10 INFO  : Context for processor 'ps7_cortexa9_0' is selected.
18:57:10 INFO  : 'con' command is executed.
18:57:10 INFO  : ----------------XSDB Script (After Launch)----------------
targets -set -nocase -filter {name =~ "ARM*#0" && jtag_cable_name =~ "Xilinx TUL 1234-tulA"} -index 0
con
----------------End of Script----------------

18:57:10 INFO  : Launch script is exported to file 'C:\soc\HW2_interrupt\HW2_interrupt.sdk\.sdk\launch_scripts\xilinx_c-c++_application_(system_debugger)\system_debugger_using_debug_hw2_interrupt.elf_on_local.tcl'
19:10:44 INFO  : SDK has detected change in the last modified timestamps for source hardware specification file Source:1747912216392,  Project:1747887736455
19:10:44 INFO  : Project design_1_wrapper_hw_platform_0's source hardware specification located at C:/soc/HW2_interrupt/HW2_interrupt.sdk/design_1_wrapper.hdf is now different from the local copy.
		 The local copy will be replaced with the source specification and your workspace will be updated.
19:10:53 INFO  : Copied contents of C:/soc/HW2_interrupt/HW2_interrupt.sdk/design_1_wrapper.hdf into \design_1_wrapper_hw_platform_0\system.hdf.
19:10:57 INFO  : Synchronizing projects in the workspace with the hardware platform specification changes.
19:11:00 INFO  : 
19:11:01 INFO  : Updating hardware inferred compiler options for HW2_interrupt.
19:11:01 INFO  : Clearing existing target manager status.
19:11:23 INFO  : Connected to target on host '127.0.0.1' and port '3121'.
19:11:23 INFO  : 'targets -set -filter {jtag_cable_name =~ "Xilinx TUL 1234-tulA" && level==0} -index 1' command is executed.
19:11:26 INFO  : FPGA configured successfully with bitstream "C:/soc/HW2_interrupt/HW2_interrupt.sdk/design_1_wrapper_hw_platform_0/design_1_wrapper.bit"
19:12:17 INFO  : Disconnected from the channel tcfchan#2.
19:12:34 INFO  : Registering command handlers for SDK TCF services
19:12:35 INFO  : Launching XSCT server: xsct.bat -interactive C:\soc\HW2_interrupt\HW2_interrupt.sdk\temp_xsdb_launch_script.tcl
19:12:37 INFO  : XSCT server has started successfully.
19:12:37 INFO  : Successfully done setting XSCT server connection channel  
19:12:37 INFO  : Successfully done setting SDK workspace  
19:12:37 INFO  : Processing command line option -hwspec C:/soc/HW2_interrupt/HW2_interrupt.sdk/design_1_wrapper.hdf.
19:12:37 INFO  : Checking for hwspec changes in the project design_1_wrapper_hw_platform_0.
19:13:17 INFO  : Connected to target on host '127.0.0.1' and port '3121'.
19:13:17 INFO  : 'targets -set -filter {jtag_cable_name =~ "Xilinx TUL 1234-tulA" && level==0} -index 1' command is executed.
19:13:20 INFO  : FPGA configured successfully with bitstream "C:/soc/HW2_interrupt/HW2_interrupt.sdk/design_1_wrapper_hw_platform_0/design_1_wrapper.bit"
19:21:19 INFO  : Registering command handlers for SDK TCF services
19:21:19 INFO  : Launching XSCT server: xsct.bat -interactive C:\soc\HW2_interrupt\HW2_interrupt.sdk\temp_xsdb_launch_script.tcl
19:21:22 INFO  : XSCT server has started successfully.
19:21:22 INFO  : Successfully done setting XSCT server connection channel  
19:21:22 INFO  : Successfully done setting SDK workspace  
19:21:22 INFO  : Processing command line option -hwspec C:/soc/HW2_interrupt/HW2_interrupt.sdk/design_1_wrapper.hdf.
19:21:22 INFO  : Checking for hwspec changes in the project design_1_wrapper_hw_platform_0.
19:21:25 INFO  : SDK has detected change in the last modified timestamps for source hardware specification file Source:1747912846195,  Project:1747912216392
19:21:25 INFO  : The hardware specification for project 'design_1_wrapper_hw_platform_0' is different from C:/soc/HW2_interrupt/HW2_interrupt.sdk/design_1_wrapper.hdf.
19:21:25 INFO  : Copied contents of C:/soc/HW2_interrupt/HW2_interrupt.sdk/design_1_wrapper.hdf into \design_1_wrapper_hw_platform_0\system.hdf.
19:21:27 INFO  : Synchronizing projects in the workspace with the hardware platform specification changes.
19:21:30 INFO  : 
19:21:30 INFO  : Updating hardware inferred compiler options for HW2_interrupt.
19:21:30 INFO  : Clearing existing target manager status.
19:21:58 INFO  : Connected to target on host '127.0.0.1' and port '3121'.
19:21:59 INFO  : 'targets -set -filter {jtag_cable_name =~ "Xilinx TUL 1234-tulA" && level==0} -index 1' command is executed.
19:22:01 INFO  : FPGA configured successfully with bitstream "C:/soc/HW2_interrupt/HW2_interrupt.sdk/design_1_wrapper_hw_platform_0/design_1_wrapper.bit"
19:29:53 INFO  : Registering command handlers for SDK TCF services
19:29:54 INFO  : Launching XSCT server: xsct.bat -interactive C:\soc\HW2_interrupt\HW2_interrupt.sdk\temp_xsdb_launch_script.tcl
19:29:56 INFO  : XSCT server has started successfully.
19:29:56 INFO  : Successfully done setting XSCT server connection channel  
19:29:56 INFO  : Successfully done setting SDK workspace  
19:29:56 INFO  : Processing command line option -hwspec C:/soc/HW2_interrupt/HW2_interrupt.sdk/design_1_wrapper.hdf.
19:29:56 INFO  : Checking for hwspec changes in the project design_1_wrapper_hw_platform_0.
19:29:59 INFO  : SDK has detected change in the last modified timestamps for source hardware specification file Source:1747913258543,  Project:1747912846195
19:29:59 INFO  : The hardware specification for project 'design_1_wrapper_hw_platform_0' is different from C:/soc/HW2_interrupt/HW2_interrupt.sdk/design_1_wrapper.hdf.
19:29:59 INFO  : Copied contents of C:/soc/HW2_interrupt/HW2_interrupt.sdk/design_1_wrapper.hdf into \design_1_wrapper_hw_platform_0\system.hdf.
19:30:25 INFO  : Synchronizing projects in the workspace with the hardware platform specification changes.
19:30:28 INFO  : 
19:30:28 INFO  : Updating hardware inferred compiler options for HW2_interrupt.
19:30:29 INFO  : Clearing existing target manager status.
19:30:58 INFO  : Connected to target on host '127.0.0.1' and port '3121'.
19:30:59 INFO  : 'targets -set -filter {jtag_cable_name =~ "Xilinx TUL 1234-tulA" && level==0} -index 1' command is executed.
19:31:01 INFO  : FPGA configured successfully with bitstream "C:/soc/HW2_interrupt/HW2_interrupt.sdk/design_1_wrapper_hw_platform_0/design_1_wrapper.bit"
19:31:09 INFO  : 'targets -set -filter {jtag_cable_name =~ "Xilinx TUL 1234-tulA" && level==0} -index 1' command is executed.
19:31:10 INFO  : 'fpga -state' command is executed.
19:31:10 INFO  : Connected to target on host '127.0.0.1' and port '3121'.
19:31:10 INFO  : Jtag cable 'Xilinx TUL 1234-tulA' is selected.
19:31:10 INFO  : 'jtag frequency' command is executed.
19:31:10 INFO  : Sourcing of 'C:/soc/HW2_interrupt/HW2_interrupt.sdk/design_1_wrapper_hw_platform_0/ps7_init.tcl' is done.
19:31:10 INFO  : Context for 'APU' is selected.
19:31:10 INFO  : Hardware design information is loaded from 'C:/soc/HW2_interrupt/HW2_interrupt.sdk/design_1_wrapper_hw_platform_0/system.hdf'.
19:31:10 INFO  : 'configparams force-mem-access 1' command is executed.
19:31:10 INFO  : Context for 'APU' is selected.
19:31:10 INFO  : 'stop' command is executed.
19:31:11 INFO  : 'ps7_init' command is executed.
19:31:11 INFO  : 'ps7_post_config' command is executed.
19:31:11 INFO  : Context for processor 'ps7_cortexa9_0' is selected.
19:31:11 INFO  : Processor reset is completed for 'ps7_cortexa9_0'.
19:31:11 INFO  : Context for processor 'ps7_cortexa9_0' is selected.
19:31:12 INFO  : The application 'C:/soc/HW2_interrupt/HW2_interrupt.sdk/HW2_interrupt/Debug/HW2_interrupt.elf' is downloaded to processor 'ps7_cortexa9_0'.
19:31:12 INFO  : 'configparams force-mem-access 0' command is executed.
19:31:12 INFO  : ----------------XSDB Script----------------
connect -url tcp:127.0.0.1:3121
source C:/soc/HW2_interrupt/HW2_interrupt.sdk/design_1_wrapper_hw_platform_0/ps7_init.tcl
targets -set -nocase -filter {name =~"APU*" && jtag_cable_name =~ "Xilinx TUL 1234-tulA"} -index 0
loadhw -hw C:/soc/HW2_interrupt/HW2_interrupt.sdk/design_1_wrapper_hw_platform_0/system.hdf -mem-ranges [list {0x40000000 0xbfffffff}]
configparams force-mem-access 1
targets -set -nocase -filter {name =~"APU*" && jtag_cable_name =~ "Xilinx TUL 1234-tulA"} -index 0
stop
ps7_init
ps7_post_config
targets -set -nocase -filter {name =~ "ARM*#0" && jtag_cable_name =~ "Xilinx TUL 1234-tulA"} -index 0
rst -processor
targets -set -nocase -filter {name =~ "ARM*#0" && jtag_cable_name =~ "Xilinx TUL 1234-tulA"} -index 0
dow C:/soc/HW2_interrupt/HW2_interrupt.sdk/HW2_interrupt/Debug/HW2_interrupt.elf
configparams force-mem-access 0
----------------End of Script----------------

19:31:12 INFO  : Memory regions updated for context APU
19:31:12 INFO  : Context for processor 'ps7_cortexa9_0' is selected.
19:31:12 INFO  : 'con' command is executed.
19:31:12 INFO  : ----------------XSDB Script (After Launch)----------------
targets -set -nocase -filter {name =~ "ARM*#0" && jtag_cable_name =~ "Xilinx TUL 1234-tulA"} -index 0
con
----------------End of Script----------------

19:31:12 INFO  : Launch script is exported to file 'C:\soc\HW2_interrupt\HW2_interrupt.sdk\.sdk\launch_scripts\xilinx_c-c++_application_(system_debugger)\system_debugger_using_debug_hw2_interrupt.elf_on_local.tcl'
19:32:14 INFO  : Disconnected from the channel tcfchan#1.
19:32:29 INFO  : Registering command handlers for SDK TCF services
19:32:29 INFO  : Launching XSCT server: xsct.bat -interactive C:\soc\HW2_interrupt\HW2_interrupt.sdk\temp_xsdb_launch_script.tcl
19:32:31 INFO  : XSCT server has started successfully.
19:32:32 INFO  : Successfully done setting XSCT server connection channel  
19:32:32 INFO  : Successfully done setting SDK workspace  
19:32:32 INFO  : Processing command line option -hwspec C:/soc/HW2_interrupt/HW2_interrupt.sdk/design_1_wrapper.hdf.
19:32:32 INFO  : Checking for hwspec changes in the project design_1_wrapper_hw_platform_0.
19:33:23 INFO  : Connected to target on host '127.0.0.1' and port '3121'.
19:33:24 INFO  : 'targets -set -filter {jtag_cable_name =~ "Xilinx TUL 1234-tulA" && level==0} -index 1' command is executed.
19:33:26 INFO  : FPGA configured successfully with bitstream "C:/soc/HW2_interrupt/HW2_interrupt.sdk/design_1_wrapper_hw_platform_0/design_1_wrapper.bit"
19:33:43 INFO  : 'targets -set -filter {jtag_cable_name =~ "Xilinx TUL 1234-tulA" && level==0} -index 1' command is executed.
19:33:43 INFO  : 'fpga -state' command is executed.
19:33:43 INFO  : Connected to target on host '127.0.0.1' and port '3121'.
19:33:43 INFO  : Jtag cable 'Xilinx TUL 1234-tulA' is selected.
19:33:43 INFO  : 'jtag frequency' command is executed.
19:33:43 INFO  : Sourcing of 'C:/soc/HW2_interrupt/HW2_interrupt.sdk/design_1_wrapper_hw_platform_0/ps7_init.tcl' is done.
19:33:43 INFO  : Context for 'APU' is selected.
19:33:43 INFO  : Hardware design information is loaded from 'C:/soc/HW2_interrupt/HW2_interrupt.sdk/design_1_wrapper_hw_platform_0/system.hdf'.
19:33:43 INFO  : 'configparams force-mem-access 1' command is executed.
19:33:43 INFO  : Context for 'APU' is selected.
19:33:43 INFO  : 'stop' command is executed.
19:33:44 INFO  : 'ps7_init' command is executed.
19:33:44 INFO  : 'ps7_post_config' command is executed.
19:33:44 INFO  : Context for processor 'ps7_cortexa9_0' is selected.
19:33:44 INFO  : Processor reset is completed for 'ps7_cortexa9_0'.
19:33:44 INFO  : Context for processor 'ps7_cortexa9_0' is selected.
19:33:44 INFO  : The application 'C:/soc/HW2_interrupt/HW2_interrupt.sdk/HW2_interrupt/Debug/HW2_interrupt.elf' is downloaded to processor 'ps7_cortexa9_0'.
19:33:44 INFO  : 'configparams force-mem-access 0' command is executed.
19:33:44 INFO  : ----------------XSDB Script----------------
connect -url tcp:127.0.0.1:3121
source C:/soc/HW2_interrupt/HW2_interrupt.sdk/design_1_wrapper_hw_platform_0/ps7_init.tcl
targets -set -nocase -filter {name =~"APU*" && jtag_cable_name =~ "Xilinx TUL 1234-tulA"} -index 0
loadhw -hw C:/soc/HW2_interrupt/HW2_interrupt.sdk/design_1_wrapper_hw_platform_0/system.hdf -mem-ranges [list {0x40000000 0xbfffffff}]
configparams force-mem-access 1
targets -set -nocase -filter {name =~"APU*" && jtag_cable_name =~ "Xilinx TUL 1234-tulA"} -index 0
stop
ps7_init
ps7_post_config
targets -set -nocase -filter {name =~ "ARM*#0" && jtag_cable_name =~ "Xilinx TUL 1234-tulA"} -index 0
rst -processor
targets -set -nocase -filter {name =~ "ARM*#0" && jtag_cable_name =~ "Xilinx TUL 1234-tulA"} -index 0
dow C:/soc/HW2_interrupt/HW2_interrupt.sdk/HW2_interrupt/Debug/HW2_interrupt.elf
configparams force-mem-access 0
----------------End of Script----------------

19:33:44 INFO  : Memory regions updated for context APU
19:33:44 INFO  : Context for processor 'ps7_cortexa9_0' is selected.
19:33:44 INFO  : 'con' command is executed.
19:33:44 INFO  : ----------------XSDB Script (After Launch)----------------
targets -set -nocase -filter {name =~ "ARM*#0" && jtag_cable_name =~ "Xilinx TUL 1234-tulA"} -index 0
con
----------------End of Script----------------

19:33:44 INFO  : Launch script is exported to file 'C:\soc\HW2_interrupt\HW2_interrupt.sdk\.sdk\launch_scripts\xilinx_c-c++_application_(system_debugger)\system_debugger_using_debug_hw2_interrupt.elf_on_local.tcl'
19:39:13 INFO  : Disconnected from the channel tcfchan#1.
19:39:14 INFO  : 'targets -set -filter {jtag_cable_name =~ "Xilinx TUL 1234-tulA" && level==0} -index 1' command is executed.
19:39:14 INFO  : 'fpga -state' command is executed.
19:39:14 INFO  : Connected to target on host '127.0.0.1' and port '3121'.
19:39:14 INFO  : Jtag cable 'Xilinx TUL 1234-tulA' is selected.
19:39:14 INFO  : 'jtag frequency' command is executed.
19:39:14 INFO  : Sourcing of 'C:/soc/HW2_interrupt/HW2_interrupt.sdk/design_1_wrapper_hw_platform_0/ps7_init.tcl' is done.
19:39:14 INFO  : Context for 'APU' is selected.
19:39:15 INFO  : Hardware design information is loaded from 'C:/soc/HW2_interrupt/HW2_interrupt.sdk/design_1_wrapper_hw_platform_0/system.hdf'.
19:39:15 INFO  : 'configparams force-mem-access 1' command is executed.
19:39:15 INFO  : Context for 'APU' is selected.
19:39:15 INFO  : 'stop' command is executed.
19:39:16 INFO  : 'ps7_init' command is executed.
19:39:16 INFO  : 'ps7_post_config' command is executed.
19:39:16 INFO  : Context for processor 'ps7_cortexa9_0' is selected.
19:39:16 INFO  : Processor reset is completed for 'ps7_cortexa9_0'.
19:39:16 INFO  : Context for processor 'ps7_cortexa9_0' is selected.
19:39:16 INFO  : The application 'C:/soc/HW2_interrupt/HW2_interrupt.sdk/HW2_interrupt/Debug/HW2_interrupt.elf' is downloaded to processor 'ps7_cortexa9_0'.
19:39:16 INFO  : 'configparams force-mem-access 0' command is executed.
19:39:16 INFO  : ----------------XSDB Script----------------
connect -url tcp:127.0.0.1:3121
source C:/soc/HW2_interrupt/HW2_interrupt.sdk/design_1_wrapper_hw_platform_0/ps7_init.tcl
targets -set -nocase -filter {name =~"APU*" && jtag_cable_name =~ "Xilinx TUL 1234-tulA"} -index 0
loadhw -hw C:/soc/HW2_interrupt/HW2_interrupt.sdk/design_1_wrapper_hw_platform_0/system.hdf -mem-ranges [list {0x40000000 0xbfffffff}]
configparams force-mem-access 1
targets -set -nocase -filter {name =~"APU*" && jtag_cable_name =~ "Xilinx TUL 1234-tulA"} -index 0
stop
ps7_init
ps7_post_config
targets -set -nocase -filter {name =~ "ARM*#0" && jtag_cable_name =~ "Xilinx TUL 1234-tulA"} -index 0
rst -processor
targets -set -nocase -filter {name =~ "ARM*#0" && jtag_cable_name =~ "Xilinx TUL 1234-tulA"} -index 0
dow C:/soc/HW2_interrupt/HW2_interrupt.sdk/HW2_interrupt/Debug/HW2_interrupt.elf
configparams force-mem-access 0
----------------End of Script----------------

19:39:16 INFO  : Memory regions updated for context APU
19:39:16 INFO  : Context for processor 'ps7_cortexa9_0' is selected.
19:39:16 INFO  : 'con' command is executed.
19:39:16 INFO  : ----------------XSDB Script (After Launch)----------------
targets -set -nocase -filter {name =~ "ARM*#0" && jtag_cable_name =~ "Xilinx TUL 1234-tulA"} -index 0
con
----------------End of Script----------------

19:39:16 INFO  : Launch script is exported to file 'C:\soc\HW2_interrupt\HW2_interrupt.sdk\.sdk\launch_scripts\xilinx_c-c++_application_(system_debugger)\system_debugger_using_debug_hw2_interrupt.elf_on_local.tcl'
19:39:33 INFO  : Connected to target on host '127.0.0.1' and port '3121'.
19:39:33 INFO  : 'targets -set -filter {jtag_cable_name =~ "Xilinx TUL 1234-tulA" && level==0} -index 1' command is executed.
19:39:36 INFO  : FPGA configured successfully with bitstream "C:/soc/HW2_interrupt/HW2_interrupt.sdk/design_1_wrapper_hw_platform_0/design_1_wrapper.bit"
19:40:00 INFO  : Disconnected from the channel tcfchan#2.
19:40:02 INFO  : 'targets -set -filter {jtag_cable_name =~ "Xilinx TUL 1234-tulA" && level==0} -index 1' command is executed.
19:40:02 INFO  : 'fpga -state' command is executed.
19:40:02 INFO  : Connected to target on host '127.0.0.1' and port '3121'.
19:40:02 INFO  : Jtag cable 'Xilinx TUL 1234-tulA' is selected.
19:40:02 INFO  : 'jtag frequency' command is executed.
19:40:02 INFO  : Sourcing of 'C:/soc/HW2_interrupt/HW2_interrupt.sdk/design_1_wrapper_hw_platform_0/ps7_init.tcl' is done.
19:40:02 INFO  : Context for 'APU' is selected.
19:40:03 INFO  : Hardware design information is loaded from 'C:/soc/HW2_interrupt/HW2_interrupt.sdk/design_1_wrapper_hw_platform_0/system.hdf'.
19:40:03 INFO  : 'configparams force-mem-access 1' command is executed.
19:40:03 INFO  : Context for 'APU' is selected.
19:40:03 INFO  : 'stop' command is executed.
19:40:03 INFO  : 'ps7_init' command is executed.
19:40:03 INFO  : 'ps7_post_config' command is executed.
19:40:03 INFO  : Context for processor 'ps7_cortexa9_0' is selected.
19:40:04 INFO  : Processor reset is completed for 'ps7_cortexa9_0'.
19:40:04 INFO  : Context for processor 'ps7_cortexa9_0' is selected.
19:40:04 INFO  : The application 'C:/soc/HW2_interrupt/HW2_interrupt.sdk/HW2_interrupt/Debug/HW2_interrupt.elf' is downloaded to processor 'ps7_cortexa9_0'.
19:40:04 INFO  : 'configparams force-mem-access 0' command is executed.
19:40:04 INFO  : ----------------XSDB Script----------------
connect -url tcp:127.0.0.1:3121
source C:/soc/HW2_interrupt/HW2_interrupt.sdk/design_1_wrapper_hw_platform_0/ps7_init.tcl
targets -set -nocase -filter {name =~"APU*" && jtag_cable_name =~ "Xilinx TUL 1234-tulA"} -index 0
loadhw -hw C:/soc/HW2_interrupt/HW2_interrupt.sdk/design_1_wrapper_hw_platform_0/system.hdf -mem-ranges [list {0x40000000 0xbfffffff}]
configparams force-mem-access 1
targets -set -nocase -filter {name =~"APU*" && jtag_cable_name =~ "Xilinx TUL 1234-tulA"} -index 0
stop
ps7_init
ps7_post_config
targets -set -nocase -filter {name =~ "ARM*#0" && jtag_cable_name =~ "Xilinx TUL 1234-tulA"} -index 0
rst -processor
targets -set -nocase -filter {name =~ "ARM*#0" && jtag_cable_name =~ "Xilinx TUL 1234-tulA"} -index 0
dow C:/soc/HW2_interrupt/HW2_interrupt.sdk/HW2_interrupt/Debug/HW2_interrupt.elf
configparams force-mem-access 0
----------------End of Script----------------

19:40:04 INFO  : Memory regions updated for context APU
19:40:04 INFO  : Context for processor 'ps7_cortexa9_0' is selected.
19:40:04 INFO  : 'con' command is executed.
19:40:04 INFO  : ----------------XSDB Script (After Launch)----------------
targets -set -nocase -filter {name =~ "ARM*#0" && jtag_cable_name =~ "Xilinx TUL 1234-tulA"} -index 0
con
----------------End of Script----------------

19:40:04 INFO  : Launch script is exported to file 'C:\soc\HW2_interrupt\HW2_interrupt.sdk\.sdk\launch_scripts\xilinx_c-c++_application_(system_debugger)\system_debugger_using_debug_hw2_interrupt.elf_on_local.tcl'
19:40:41 INFO  : Connected to target on host '127.0.0.1' and port '3121'.
19:40:41 INFO  : 'targets -set -filter {jtag_cable_name =~ "Xilinx TUL 1234-tulA" && level==0} -index 1' command is executed.
19:40:43 INFO  : FPGA configured successfully with bitstream "C:/soc/HW2_interrupt/HW2_interrupt.sdk/design_1_wrapper_hw_platform_0/design_1_wrapper.bit"
19:40:53 INFO  : Disconnected from the channel tcfchan#3.
19:40:54 INFO  : 'targets -set -filter {jtag_cable_name =~ "Xilinx TUL 1234-tulA" && level==0} -index 1' command is executed.
19:40:54 INFO  : 'fpga -state' command is executed.
19:40:54 INFO  : Connected to target on host '127.0.0.1' and port '3121'.
19:40:54 INFO  : Jtag cable 'Xilinx TUL 1234-tulA' is selected.
19:40:54 INFO  : 'jtag frequency' command is executed.
19:40:54 INFO  : Sourcing of 'C:/soc/HW2_interrupt/HW2_interrupt.sdk/design_1_wrapper_hw_platform_0/ps7_init.tcl' is done.
19:40:54 INFO  : Context for 'APU' is selected.
19:40:55 INFO  : Hardware design information is loaded from 'C:/soc/HW2_interrupt/HW2_interrupt.sdk/design_1_wrapper_hw_platform_0/system.hdf'.
19:40:55 INFO  : 'configparams force-mem-access 1' command is executed.
19:40:55 INFO  : Context for 'APU' is selected.
19:40:55 INFO  : 'stop' command is executed.
19:40:55 INFO  : 'ps7_init' command is executed.
19:40:55 INFO  : 'ps7_post_config' command is executed.
19:40:55 INFO  : Context for processor 'ps7_cortexa9_0' is selected.
19:40:56 INFO  : Processor reset is completed for 'ps7_cortexa9_0'.
19:40:56 INFO  : Context for processor 'ps7_cortexa9_0' is selected.
19:40:56 INFO  : The application 'C:/soc/HW2_interrupt/HW2_interrupt.sdk/HW2_interrupt/Debug/HW2_interrupt.elf' is downloaded to processor 'ps7_cortexa9_0'.
19:40:56 INFO  : 'configparams force-mem-access 0' command is executed.
19:40:56 INFO  : ----------------XSDB Script----------------
connect -url tcp:127.0.0.1:3121
source C:/soc/HW2_interrupt/HW2_interrupt.sdk/design_1_wrapper_hw_platform_0/ps7_init.tcl
targets -set -nocase -filter {name =~"APU*" && jtag_cable_name =~ "Xilinx TUL 1234-tulA"} -index 0
loadhw -hw C:/soc/HW2_interrupt/HW2_interrupt.sdk/design_1_wrapper_hw_platform_0/system.hdf -mem-ranges [list {0x40000000 0xbfffffff}]
configparams force-mem-access 1
targets -set -nocase -filter {name =~"APU*" && jtag_cable_name =~ "Xilinx TUL 1234-tulA"} -index 0
stop
ps7_init
ps7_post_config
targets -set -nocase -filter {name =~ "ARM*#0" && jtag_cable_name =~ "Xilinx TUL 1234-tulA"} -index 0
rst -processor
targets -set -nocase -filter {name =~ "ARM*#0" && jtag_cable_name =~ "Xilinx TUL 1234-tulA"} -index 0
dow C:/soc/HW2_interrupt/HW2_interrupt.sdk/HW2_interrupt/Debug/HW2_interrupt.elf
configparams force-mem-access 0
----------------End of Script----------------

19:40:56 INFO  : Memory regions updated for context APU
19:40:56 INFO  : Context for processor 'ps7_cortexa9_0' is selected.
19:40:56 INFO  : 'con' command is executed.
19:40:56 INFO  : ----------------XSDB Script (After Launch)----------------
targets -set -nocase -filter {name =~ "ARM*#0" && jtag_cable_name =~ "Xilinx TUL 1234-tulA"} -index 0
con
----------------End of Script----------------

19:40:56 INFO  : Launch script is exported to file 'C:\soc\HW2_interrupt\HW2_interrupt.sdk\.sdk\launch_scripts\xilinx_c-c++_application_(system_debugger)\system_debugger_using_debug_hw2_interrupt.elf_on_local.tcl'
19:42:12 INFO  : Disconnected from the channel tcfchan#4.
19:42:13 INFO  : 'targets -set -filter {jtag_cable_name =~ "Xilinx TUL 1234-tulA" && level==0} -index 1' command is executed.
19:42:13 INFO  : 'fpga -state' command is executed.
19:42:13 INFO  : Connected to target on host '127.0.0.1' and port '3121'.
19:42:13 INFO  : Jtag cable 'Xilinx TUL 1234-tulA' is selected.
19:42:13 INFO  : 'jtag frequency' command is executed.
19:42:13 INFO  : Sourcing of 'C:/soc/HW2_interrupt/HW2_interrupt.sdk/design_1_wrapper_hw_platform_0/ps7_init.tcl' is done.
19:42:13 INFO  : Context for 'APU' is selected.
19:42:15 INFO  : Hardware design information is loaded from 'C:/soc/HW2_interrupt/HW2_interrupt.sdk/design_1_wrapper_hw_platform_0/system.hdf'.
19:42:15 INFO  : 'configparams force-mem-access 1' command is executed.
19:42:15 INFO  : Context for 'APU' is selected.
19:42:15 INFO  : 'stop' command is executed.
19:42:15 INFO  : 'ps7_init' command is executed.
19:42:15 INFO  : 'ps7_post_config' command is executed.
19:42:15 INFO  : Context for processor 'ps7_cortexa9_0' is selected.
19:42:15 INFO  : Processor reset is completed for 'ps7_cortexa9_0'.
19:42:15 INFO  : Context for processor 'ps7_cortexa9_0' is selected.
19:42:15 INFO  : The application 'C:/soc/HW2_interrupt/HW2_interrupt.sdk/HW2_interrupt/Debug/HW2_interrupt.elf' is downloaded to processor 'ps7_cortexa9_0'.
19:42:15 INFO  : 'configparams force-mem-access 0' command is executed.
19:42:15 INFO  : ----------------XSDB Script----------------
connect -url tcp:127.0.0.1:3121
source C:/soc/HW2_interrupt/HW2_interrupt.sdk/design_1_wrapper_hw_platform_0/ps7_init.tcl
targets -set -nocase -filter {name =~"APU*" && jtag_cable_name =~ "Xilinx TUL 1234-tulA"} -index 0
loadhw -hw C:/soc/HW2_interrupt/HW2_interrupt.sdk/design_1_wrapper_hw_platform_0/system.hdf -mem-ranges [list {0x40000000 0xbfffffff}]
configparams force-mem-access 1
targets -set -nocase -filter {name =~"APU*" && jtag_cable_name =~ "Xilinx TUL 1234-tulA"} -index 0
stop
ps7_init
ps7_post_config
targets -set -nocase -filter {name =~ "ARM*#0" && jtag_cable_name =~ "Xilinx TUL 1234-tulA"} -index 0
rst -processor
targets -set -nocase -filter {name =~ "ARM*#0" && jtag_cable_name =~ "Xilinx TUL 1234-tulA"} -index 0
dow C:/soc/HW2_interrupt/HW2_interrupt.sdk/HW2_interrupt/Debug/HW2_interrupt.elf
configparams force-mem-access 0
----------------End of Script----------------

19:42:15 INFO  : Memory regions updated for context APU
19:42:16 INFO  : Context for processor 'ps7_cortexa9_0' is selected.
19:42:16 INFO  : 'con' command is executed.
19:42:16 INFO  : ----------------XSDB Script (After Launch)----------------
targets -set -nocase -filter {name =~ "ARM*#0" && jtag_cable_name =~ "Xilinx TUL 1234-tulA"} -index 0
con
----------------End of Script----------------

19:42:16 INFO  : Launch script is exported to file 'C:\soc\HW2_interrupt\HW2_interrupt.sdk\.sdk\launch_scripts\xilinx_c-c++_application_(system_debugger)\system_debugger_using_debug_hw2_interrupt.elf_on_local.tcl'
19:51:32 INFO  : Connected to target on host '127.0.0.1' and port '3121'.
19:51:32 INFO  : 'targets -set -filter {jtag_cable_name =~ "Xilinx TUL 1234-tulA" && level==0} -index 1' command is executed.
19:51:34 INFO  : FPGA configured successfully with bitstream "C:/soc/HW2_interrupt/HW2_interrupt.sdk/design_1_wrapper_hw_platform_0/design_1_wrapper.bit"
19:51:46 INFO  : Disconnected from the channel tcfchan#5.
19:51:47 INFO  : 'targets -set -filter {jtag_cable_name =~ "Xilinx TUL 1234-tulA" && level==0} -index 1' command is executed.
19:51:47 INFO  : 'fpga -state' command is executed.
19:51:47 INFO  : Connected to target on host '127.0.0.1' and port '3121'.
19:51:47 INFO  : Jtag cable 'Xilinx TUL 1234-tulA' is selected.
19:51:47 INFO  : 'jtag frequency' command is executed.
19:51:47 INFO  : Sourcing of 'C:/soc/HW2_interrupt/HW2_interrupt.sdk/design_1_wrapper_hw_platform_0/ps7_init.tcl' is done.
19:51:47 INFO  : Context for 'APU' is selected.
19:51:48 INFO  : Hardware design information is loaded from 'C:/soc/HW2_interrupt/HW2_interrupt.sdk/design_1_wrapper_hw_platform_0/system.hdf'.
19:51:48 INFO  : 'configparams force-mem-access 1' command is executed.
19:51:48 INFO  : Context for 'APU' is selected.
19:51:48 INFO  : 'stop' command is executed.
19:51:49 INFO  : 'ps7_init' command is executed.
19:51:49 INFO  : 'ps7_post_config' command is executed.
19:51:49 INFO  : Context for processor 'ps7_cortexa9_0' is selected.
19:51:49 INFO  : Processor reset is completed for 'ps7_cortexa9_0'.
19:51:49 INFO  : Context for processor 'ps7_cortexa9_0' is selected.
19:51:49 INFO  : The application 'C:/soc/HW2_interrupt/HW2_interrupt.sdk/HW2_interrupt/Debug/HW2_interrupt.elf' is downloaded to processor 'ps7_cortexa9_0'.
19:51:49 INFO  : 'configparams force-mem-access 0' command is executed.
19:51:49 INFO  : ----------------XSDB Script----------------
connect -url tcp:127.0.0.1:3121
source C:/soc/HW2_interrupt/HW2_interrupt.sdk/design_1_wrapper_hw_platform_0/ps7_init.tcl
targets -set -nocase -filter {name =~"APU*" && jtag_cable_name =~ "Xilinx TUL 1234-tulA"} -index 0
loadhw -hw C:/soc/HW2_interrupt/HW2_interrupt.sdk/design_1_wrapper_hw_platform_0/system.hdf -mem-ranges [list {0x40000000 0xbfffffff}]
configparams force-mem-access 1
targets -set -nocase -filter {name =~"APU*" && jtag_cable_name =~ "Xilinx TUL 1234-tulA"} -index 0
stop
ps7_init
ps7_post_config
targets -set -nocase -filter {name =~ "ARM*#0" && jtag_cable_name =~ "Xilinx TUL 1234-tulA"} -index 0
rst -processor
targets -set -nocase -filter {name =~ "ARM*#0" && jtag_cable_name =~ "Xilinx TUL 1234-tulA"} -index 0
dow C:/soc/HW2_interrupt/HW2_interrupt.sdk/HW2_interrupt/Debug/HW2_interrupt.elf
configparams force-mem-access 0
----------------End of Script----------------

19:51:49 INFO  : Memory regions updated for context APU
19:51:49 INFO  : Context for processor 'ps7_cortexa9_0' is selected.
19:51:49 INFO  : 'con' command is executed.
19:51:49 INFO  : ----------------XSDB Script (After Launch)----------------
targets -set -nocase -filter {name =~ "ARM*#0" && jtag_cable_name =~ "Xilinx TUL 1234-tulA"} -index 0
con
----------------End of Script----------------

19:51:49 INFO  : Launch script is exported to file 'C:\soc\HW2_interrupt\HW2_interrupt.sdk\.sdk\launch_scripts\xilinx_c-c++_application_(system_debugger)\system_debugger_using_debug_hw2_interrupt.elf_on_local.tcl'
19:55:15 INFO  : Connected to target on host '127.0.0.1' and port '3121'.
19:55:15 INFO  : 'targets -set -filter {jtag_cable_name =~ "Xilinx TUL 1234-tulA" && level==0} -index 1' command is executed.
19:55:18 INFO  : FPGA configured successfully with bitstream "C:/soc/HW2_interrupt/HW2_interrupt.sdk/design_1_wrapper_hw_platform_0/design_1_wrapper.bit"
19:55:29 INFO  : Disconnected from the channel tcfchan#6.
19:55:30 INFO  : 'targets -set -filter {jtag_cable_name =~ "Xilinx TUL 1234-tulA" && level==0} -index 1' command is executed.
19:55:30 INFO  : 'fpga -state' command is executed.
19:55:30 INFO  : Connected to target on host '127.0.0.1' and port '3121'.
19:55:30 INFO  : Jtag cable 'Xilinx TUL 1234-tulA' is selected.
19:55:30 INFO  : 'jtag frequency' command is executed.
19:55:30 INFO  : Sourcing of 'C:/soc/HW2_interrupt/HW2_interrupt.sdk/design_1_wrapper_hw_platform_0/ps7_init.tcl' is done.
19:55:30 INFO  : Context for 'APU' is selected.
19:55:31 INFO  : Hardware design information is loaded from 'C:/soc/HW2_interrupt/HW2_interrupt.sdk/design_1_wrapper_hw_platform_0/system.hdf'.
19:55:31 INFO  : 'configparams force-mem-access 1' command is executed.
19:55:31 INFO  : Context for 'APU' is selected.
19:55:31 INFO  : 'stop' command is executed.
19:55:32 INFO  : 'ps7_init' command is executed.
19:55:32 INFO  : 'ps7_post_config' command is executed.
19:55:32 INFO  : Context for processor 'ps7_cortexa9_0' is selected.
19:55:32 INFO  : Processor reset is completed for 'ps7_cortexa9_0'.
19:55:32 INFO  : Context for processor 'ps7_cortexa9_0' is selected.
19:55:32 INFO  : The application 'C:/soc/HW2_interrupt/HW2_interrupt.sdk/HW2_interrupt/Debug/HW2_interrupt.elf' is downloaded to processor 'ps7_cortexa9_0'.
19:55:32 INFO  : 'configparams force-mem-access 0' command is executed.
19:55:32 INFO  : ----------------XSDB Script----------------
connect -url tcp:127.0.0.1:3121
source C:/soc/HW2_interrupt/HW2_interrupt.sdk/design_1_wrapper_hw_platform_0/ps7_init.tcl
targets -set -nocase -filter {name =~"APU*" && jtag_cable_name =~ "Xilinx TUL 1234-tulA"} -index 0
loadhw -hw C:/soc/HW2_interrupt/HW2_interrupt.sdk/design_1_wrapper_hw_platform_0/system.hdf -mem-ranges [list {0x40000000 0xbfffffff}]
configparams force-mem-access 1
targets -set -nocase -filter {name =~"APU*" && jtag_cable_name =~ "Xilinx TUL 1234-tulA"} -index 0
stop
ps7_init
ps7_post_config
targets -set -nocase -filter {name =~ "ARM*#0" && jtag_cable_name =~ "Xilinx TUL 1234-tulA"} -index 0
rst -processor
targets -set -nocase -filter {name =~ "ARM*#0" && jtag_cable_name =~ "Xilinx TUL 1234-tulA"} -index 0
dow C:/soc/HW2_interrupt/HW2_interrupt.sdk/HW2_interrupt/Debug/HW2_interrupt.elf
configparams force-mem-access 0
----------------End of Script----------------

19:55:32 INFO  : Memory regions updated for context APU
19:55:32 INFO  : Context for processor 'ps7_cortexa9_0' is selected.
19:55:32 INFO  : 'con' command is executed.
19:55:32 INFO  : ----------------XSDB Script (After Launch)----------------
targets -set -nocase -filter {name =~ "ARM*#0" && jtag_cable_name =~ "Xilinx TUL 1234-tulA"} -index 0
con
----------------End of Script----------------

19:55:32 INFO  : Launch script is exported to file 'C:\soc\HW2_interrupt\HW2_interrupt.sdk\.sdk\launch_scripts\xilinx_c-c++_application_(system_debugger)\system_debugger_using_debug_hw2_interrupt.elf_on_local.tcl'
19:58:49 INFO  : Connected to target on host '127.0.0.1' and port '3121'.
19:58:49 INFO  : 'targets -set -filter {jtag_cable_name =~ "Xilinx TUL 1234-tulA" && level==0} -index 1' command is executed.
19:58:51 INFO  : FPGA configured successfully with bitstream "C:/soc/HW2_interrupt/HW2_interrupt.sdk/design_1_wrapper_hw_platform_0/design_1_wrapper.bit"
19:59:00 INFO  : Disconnected from the channel tcfchan#7.
19:59:01 INFO  : 'targets -set -filter {jtag_cable_name =~ "Xilinx TUL 1234-tulA" && level==0} -index 1' command is executed.
19:59:01 INFO  : 'fpga -state' command is executed.
19:59:01 INFO  : Connected to target on host '127.0.0.1' and port '3121'.
19:59:01 INFO  : Jtag cable 'Xilinx TUL 1234-tulA' is selected.
19:59:01 INFO  : 'jtag frequency' command is executed.
19:59:01 INFO  : Sourcing of 'C:/soc/HW2_interrupt/HW2_interrupt.sdk/design_1_wrapper_hw_platform_0/ps7_init.tcl' is done.
19:59:01 INFO  : Context for 'APU' is selected.
19:59:02 INFO  : Hardware design information is loaded from 'C:/soc/HW2_interrupt/HW2_interrupt.sdk/design_1_wrapper_hw_platform_0/system.hdf'.
19:59:02 INFO  : 'configparams force-mem-access 1' command is executed.
19:59:02 INFO  : Context for 'APU' is selected.
19:59:02 INFO  : 'stop' command is executed.
19:59:02 INFO  : 'ps7_init' command is executed.
19:59:02 INFO  : 'ps7_post_config' command is executed.
19:59:02 INFO  : Context for processor 'ps7_cortexa9_0' is selected.
19:59:02 INFO  : Processor reset is completed for 'ps7_cortexa9_0'.
19:59:02 INFO  : Context for processor 'ps7_cortexa9_0' is selected.
19:59:03 INFO  : The application 'C:/soc/HW2_interrupt/HW2_interrupt.sdk/HW2_interrupt/Debug/HW2_interrupt.elf' is downloaded to processor 'ps7_cortexa9_0'.
19:59:03 INFO  : 'configparams force-mem-access 0' command is executed.
19:59:03 INFO  : ----------------XSDB Script----------------
connect -url tcp:127.0.0.1:3121
source C:/soc/HW2_interrupt/HW2_interrupt.sdk/design_1_wrapper_hw_platform_0/ps7_init.tcl
targets -set -nocase -filter {name =~"APU*" && jtag_cable_name =~ "Xilinx TUL 1234-tulA"} -index 0
loadhw -hw C:/soc/HW2_interrupt/HW2_interrupt.sdk/design_1_wrapper_hw_platform_0/system.hdf -mem-ranges [list {0x40000000 0xbfffffff}]
configparams force-mem-access 1
targets -set -nocase -filter {name =~"APU*" && jtag_cable_name =~ "Xilinx TUL 1234-tulA"} -index 0
stop
ps7_init
ps7_post_config
targets -set -nocase -filter {name =~ "ARM*#0" && jtag_cable_name =~ "Xilinx TUL 1234-tulA"} -index 0
rst -processor
targets -set -nocase -filter {name =~ "ARM*#0" && jtag_cable_name =~ "Xilinx TUL 1234-tulA"} -index 0
dow C:/soc/HW2_interrupt/HW2_interrupt.sdk/HW2_interrupt/Debug/HW2_interrupt.elf
configparams force-mem-access 0
----------------End of Script----------------

19:59:03 INFO  : Memory regions updated for context APU
19:59:03 INFO  : Context for processor 'ps7_cortexa9_0' is selected.
19:59:03 INFO  : 'con' command is executed.
19:59:03 INFO  : ----------------XSDB Script (After Launch)----------------
targets -set -nocase -filter {name =~ "ARM*#0" && jtag_cable_name =~ "Xilinx TUL 1234-tulA"} -index 0
con
----------------End of Script----------------

19:59:03 INFO  : Launch script is exported to file 'C:\soc\HW2_interrupt\HW2_interrupt.sdk\.sdk\launch_scripts\xilinx_c-c++_application_(system_debugger)\system_debugger_using_debug_hw2_interrupt.elf_on_local.tcl'
20:20:10 INFO  : Disconnected from the channel tcfchan#8.
20:20:27 INFO  : Registering command handlers for SDK TCF services
20:20:27 INFO  : Launching XSCT server: xsct.bat -interactive C:\soc\HW2_interrupt\HW2_interrupt.sdk\temp_xsdb_launch_script.tcl
20:20:29 INFO  : XSCT server has started successfully.
20:20:29 INFO  : Successfully done setting XSCT server connection channel  
20:20:30 INFO  : Successfully done setting SDK workspace  
20:20:30 INFO  : Processing command line option -hwspec C:/soc/HW2_interrupt/HW2_interrupt.sdk/design_1_wrapper.hdf.
20:20:30 INFO  : Checking for hwspec changes in the project design_1_wrapper_hw_platform_0.
20:20:32 INFO  : SDK has detected change in the last modified timestamps for source hardware specification file Source:1747916393430,  Project:1747913258543
20:20:32 INFO  : The hardware specification for project 'design_1_wrapper_hw_platform_0' is different from C:/soc/HW2_interrupt/HW2_interrupt.sdk/design_1_wrapper.hdf.
20:20:32 INFO  : Copied contents of C:/soc/HW2_interrupt/HW2_interrupt.sdk/design_1_wrapper.hdf into \design_1_wrapper_hw_platform_0\system.hdf.
20:20:34 INFO  : Synchronizing projects in the workspace with the hardware platform specification changes.
20:20:37 INFO  : 
20:20:37 INFO  : Updating hardware inferred compiler options for HW2_interrupt.
20:20:37 INFO  : Clearing existing target manager status.
20:21:16 INFO  : Registering command handlers for SDK TCF services
20:21:17 INFO  : Launching XSCT server: xsct.bat -interactive C:\soc\HW2_interrupt\HW2_interrupt.sdk\temp_xsdb_launch_script.tcl
20:21:19 INFO  : XSCT server has started successfully.
20:21:19 INFO  : Successfully done setting XSCT server connection channel  
20:21:19 INFO  : Successfully done setting SDK workspace  
20:21:19 INFO  : Processing command line option -hwspec C:/soc/HW2_interrupt/HW2_interrupt.sdk/design_1_wrapper.hdf.
20:21:19 INFO  : Checking for hwspec changes in the project design_1_wrapper_hw_platform_0.
20:22:08 INFO  : Connected to target on host '127.0.0.1' and port '3121'.
20:22:08 INFO  : 'targets -set -filter {jtag_cable_name =~ "Xilinx TUL 1234-tulA" && level==0} -index 1' command is executed.
20:22:10 INFO  : FPGA configured successfully with bitstream "C:/soc/HW2_interrupt/HW2_interrupt.sdk/design_1_wrapper_hw_platform_0/design_1_wrapper.bit"
20:22:19 INFO  : 'targets -set -filter {jtag_cable_name =~ "Xilinx TUL 1234-tulA" && level==0} -index 1' command is executed.
20:22:19 INFO  : 'fpga -state' command is executed.
20:22:19 INFO  : Connected to target on host '127.0.0.1' and port '3121'.
20:22:19 INFO  : Jtag cable 'Xilinx TUL 1234-tulA' is selected.
20:22:19 INFO  : 'jtag frequency' command is executed.
20:22:19 INFO  : Sourcing of 'C:/soc/HW2_interrupt/HW2_interrupt.sdk/design_1_wrapper_hw_platform_0/ps7_init.tcl' is done.
20:22:19 INFO  : Context for 'APU' is selected.
20:22:19 INFO  : Hardware design information is loaded from 'C:/soc/HW2_interrupt/HW2_interrupt.sdk/design_1_wrapper_hw_platform_0/system.hdf'.
20:22:19 INFO  : 'configparams force-mem-access 1' command is executed.
20:22:19 INFO  : Context for 'APU' is selected.
20:22:19 INFO  : 'stop' command is executed.
20:22:19 INFO  : 'ps7_init' command is executed.
20:22:19 INFO  : 'ps7_post_config' command is executed.
20:22:19 INFO  : Context for processor 'ps7_cortexa9_0' is selected.
20:22:19 INFO  : Processor reset is completed for 'ps7_cortexa9_0'.
20:22:19 INFO  : Context for processor 'ps7_cortexa9_0' is selected.
20:22:19 INFO  : The application 'C:/soc/HW2_interrupt/HW2_interrupt.sdk/HW2_interrupt/Debug/HW2_interrupt.elf' is downloaded to processor 'ps7_cortexa9_0'.
20:22:19 INFO  : 'configparams force-mem-access 0' command is executed.
20:22:19 INFO  : ----------------XSDB Script----------------
connect -url tcp:127.0.0.1:3121
source C:/soc/HW2_interrupt/HW2_interrupt.sdk/design_1_wrapper_hw_platform_0/ps7_init.tcl
targets -set -nocase -filter {name =~"APU*" && jtag_cable_name =~ "Xilinx TUL 1234-tulA"} -index 0
loadhw -hw C:/soc/HW2_interrupt/HW2_interrupt.sdk/design_1_wrapper_hw_platform_0/system.hdf -mem-ranges [list {0x40000000 0xbfffffff}]
configparams force-mem-access 1
targets -set -nocase -filter {name =~"APU*" && jtag_cable_name =~ "Xilinx TUL 1234-tulA"} -index 0
stop
ps7_init
ps7_post_config
targets -set -nocase -filter {name =~ "ARM*#0" && jtag_cable_name =~ "Xilinx TUL 1234-tulA"} -index 0
rst -processor
targets -set -nocase -filter {name =~ "ARM*#0" && jtag_cable_name =~ "Xilinx TUL 1234-tulA"} -index 0
dow C:/soc/HW2_interrupt/HW2_interrupt.sdk/HW2_interrupt/Debug/HW2_interrupt.elf
configparams force-mem-access 0
----------------End of Script----------------

20:22:20 INFO  : Memory regions updated for context APU
20:22:20 INFO  : Context for processor 'ps7_cortexa9_0' is selected.
20:22:20 INFO  : 'con' command is executed.
20:22:20 INFO  : ----------------XSDB Script (After Launch)----------------
targets -set -nocase -filter {name =~ "ARM*#0" && jtag_cable_name =~ "Xilinx TUL 1234-tulA"} -index 0
con
----------------End of Script----------------

20:22:20 INFO  : Launch script is exported to file 'C:\soc\HW2_interrupt\HW2_interrupt.sdk\.sdk\launch_scripts\xilinx_c-c++_application_(system_debugger)\system_debugger_using_debug_hw2_interrupt.elf_on_local.tcl'
20:28:59 INFO  : Connected to target on host '127.0.0.1' and port '3121'.
20:28:59 INFO  : 'targets -set -filter {jtag_cable_name =~ "Xilinx TUL 1234-tulA" && level==0} -index 1' command is executed.
20:29:02 INFO  : FPGA configured successfully with bitstream "C:/soc/HW2_interrupt/HW2_interrupt.sdk/design_1_wrapper_hw_platform_0/design_1_wrapper.bit"
20:29:09 INFO  : Disconnected from the channel tcfchan#1.
20:29:10 INFO  : 'targets -set -filter {jtag_cable_name =~ "Xilinx TUL 1234-tulA" && level==0} -index 1' command is executed.
20:29:10 INFO  : 'fpga -state' command is executed.
20:29:10 INFO  : Connected to target on host '127.0.0.1' and port '3121'.
20:29:10 INFO  : Jtag cable 'Xilinx TUL 1234-tulA' is selected.
20:29:10 INFO  : 'jtag frequency' command is executed.
20:29:10 INFO  : Sourcing of 'C:/soc/HW2_interrupt/HW2_interrupt.sdk/design_1_wrapper_hw_platform_0/ps7_init.tcl' is done.
20:29:10 INFO  : Context for 'APU' is selected.
20:29:11 INFO  : Hardware design information is loaded from 'C:/soc/HW2_interrupt/HW2_interrupt.sdk/design_1_wrapper_hw_platform_0/system.hdf'.
20:29:11 INFO  : 'configparams force-mem-access 1' command is executed.
20:29:11 INFO  : Context for 'APU' is selected.
20:29:11 INFO  : 'stop' command is executed.
20:29:12 INFO  : 'ps7_init' command is executed.
20:29:12 INFO  : 'ps7_post_config' command is executed.
20:29:12 INFO  : Context for processor 'ps7_cortexa9_0' is selected.
20:29:12 INFO  : Processor reset is completed for 'ps7_cortexa9_0'.
20:29:12 INFO  : Context for processor 'ps7_cortexa9_0' is selected.
20:29:12 INFO  : The application 'C:/soc/HW2_interrupt/HW2_interrupt.sdk/HW2_interrupt/Debug/HW2_interrupt.elf' is downloaded to processor 'ps7_cortexa9_0'.
20:29:12 INFO  : 'configparams force-mem-access 0' command is executed.
20:29:12 INFO  : ----------------XSDB Script----------------
connect -url tcp:127.0.0.1:3121
source C:/soc/HW2_interrupt/HW2_interrupt.sdk/design_1_wrapper_hw_platform_0/ps7_init.tcl
targets -set -nocase -filter {name =~"APU*" && jtag_cable_name =~ "Xilinx TUL 1234-tulA"} -index 0
loadhw -hw C:/soc/HW2_interrupt/HW2_interrupt.sdk/design_1_wrapper_hw_platform_0/system.hdf -mem-ranges [list {0x40000000 0xbfffffff}]
configparams force-mem-access 1
targets -set -nocase -filter {name =~"APU*" && jtag_cable_name =~ "Xilinx TUL 1234-tulA"} -index 0
stop
ps7_init
ps7_post_config
targets -set -nocase -filter {name =~ "ARM*#0" && jtag_cable_name =~ "Xilinx TUL 1234-tulA"} -index 0
rst -processor
targets -set -nocase -filter {name =~ "ARM*#0" && jtag_cable_name =~ "Xilinx TUL 1234-tulA"} -index 0
dow C:/soc/HW2_interrupt/HW2_interrupt.sdk/HW2_interrupt/Debug/HW2_interrupt.elf
configparams force-mem-access 0
----------------End of Script----------------

20:29:12 INFO  : Memory regions updated for context APU
20:29:12 INFO  : Context for processor 'ps7_cortexa9_0' is selected.
20:29:12 INFO  : 'con' command is executed.
20:29:12 INFO  : ----------------XSDB Script (After Launch)----------------
targets -set -nocase -filter {name =~ "ARM*#0" && jtag_cable_name =~ "Xilinx TUL 1234-tulA"} -index 0
con
----------------End of Script----------------

20:29:12 INFO  : Launch script is exported to file 'C:\soc\HW2_interrupt\HW2_interrupt.sdk\.sdk\launch_scripts\xilinx_c-c++_application_(system_debugger)\system_debugger_using_debug_hw2_interrupt.elf_on_local.tcl'
20:30:27 INFO  : Disconnected from the channel tcfchan#2.
20:30:28 INFO  : 'targets -set -filter {jtag_cable_name =~ "Xilinx TUL 1234-tulA" && level==0} -index 1' command is executed.
20:30:28 INFO  : 'fpga -state' command is executed.
20:30:28 INFO  : Connected to target on host '127.0.0.1' and port '3121'.
20:30:28 INFO  : Jtag cable 'Xilinx TUL 1234-tulA' is selected.
20:30:28 INFO  : 'jtag frequency' command is executed.
20:30:28 INFO  : Sourcing of 'C:/soc/HW2_interrupt/HW2_interrupt.sdk/design_1_wrapper_hw_platform_0/ps7_init.tcl' is done.
20:30:28 INFO  : Context for 'APU' is selected.
20:30:29 INFO  : Hardware design information is loaded from 'C:/soc/HW2_interrupt/HW2_interrupt.sdk/design_1_wrapper_hw_platform_0/system.hdf'.
20:30:29 INFO  : 'configparams force-mem-access 1' command is executed.
20:30:29 INFO  : Context for 'APU' is selected.
20:30:29 INFO  : 'stop' command is executed.
20:30:30 INFO  : 'ps7_init' command is executed.
20:30:30 INFO  : 'ps7_post_config' command is executed.
20:30:30 INFO  : Context for processor 'ps7_cortexa9_0' is selected.
20:30:30 INFO  : Processor reset is completed for 'ps7_cortexa9_0'.
20:30:30 INFO  : Context for processor 'ps7_cortexa9_0' is selected.
20:30:30 INFO  : The application 'C:/soc/HW2_interrupt/HW2_interrupt.sdk/HW2_interrupt/Debug/HW2_interrupt.elf' is downloaded to processor 'ps7_cortexa9_0'.
20:30:30 INFO  : 'configparams force-mem-access 0' command is executed.
20:30:30 INFO  : ----------------XSDB Script----------------
connect -url tcp:127.0.0.1:3121
source C:/soc/HW2_interrupt/HW2_interrupt.sdk/design_1_wrapper_hw_platform_0/ps7_init.tcl
targets -set -nocase -filter {name =~"APU*" && jtag_cable_name =~ "Xilinx TUL 1234-tulA"} -index 0
loadhw -hw C:/soc/HW2_interrupt/HW2_interrupt.sdk/design_1_wrapper_hw_platform_0/system.hdf -mem-ranges [list {0x40000000 0xbfffffff}]
configparams force-mem-access 1
targets -set -nocase -filter {name =~"APU*" && jtag_cable_name =~ "Xilinx TUL 1234-tulA"} -index 0
stop
ps7_init
ps7_post_config
targets -set -nocase -filter {name =~ "ARM*#0" && jtag_cable_name =~ "Xilinx TUL 1234-tulA"} -index 0
rst -processor
targets -set -nocase -filter {name =~ "ARM*#0" && jtag_cable_name =~ "Xilinx TUL 1234-tulA"} -index 0
dow C:/soc/HW2_interrupt/HW2_interrupt.sdk/HW2_interrupt/Debug/HW2_interrupt.elf
configparams force-mem-access 0
----------------End of Script----------------

20:30:30 INFO  : Memory regions updated for context APU
20:30:30 INFO  : Context for processor 'ps7_cortexa9_0' is selected.
20:30:30 INFO  : 'con' command is executed.
20:30:30 INFO  : ----------------XSDB Script (After Launch)----------------
targets -set -nocase -filter {name =~ "ARM*#0" && jtag_cable_name =~ "Xilinx TUL 1234-tulA"} -index 0
con
----------------End of Script----------------

20:30:30 INFO  : Launch script is exported to file 'C:\soc\HW2_interrupt\HW2_interrupt.sdk\.sdk\launch_scripts\xilinx_c-c++_application_(system_debugger)\system_debugger_using_debug_hw2_interrupt.elf_on_local.tcl'
20:30:51 INFO  : Disconnected from the channel tcfchan#3.
20:30:53 INFO  : 'targets -set -filter {jtag_cable_name =~ "Xilinx TUL 1234-tulA" && level==0} -index 1' command is executed.
20:30:53 INFO  : 'fpga -state' command is executed.
20:30:53 INFO  : Connected to target on host '127.0.0.1' and port '3121'.
20:30:53 INFO  : Jtag cable 'Xilinx TUL 1234-tulA' is selected.
20:30:53 INFO  : 'jtag frequency' command is executed.
20:30:53 INFO  : Sourcing of 'C:/soc/HW2_interrupt/HW2_interrupt.sdk/design_1_wrapper_hw_platform_0/ps7_init.tcl' is done.
20:30:53 INFO  : Context for 'APU' is selected.
20:30:54 INFO  : Hardware design information is loaded from 'C:/soc/HW2_interrupt/HW2_interrupt.sdk/design_1_wrapper_hw_platform_0/system.hdf'.
20:30:54 INFO  : 'configparams force-mem-access 1' command is executed.
20:30:54 INFO  : Context for 'APU' is selected.
20:30:54 INFO  : 'stop' command is executed.
20:30:54 INFO  : 'ps7_init' command is executed.
20:30:54 INFO  : 'ps7_post_config' command is executed.
20:30:54 INFO  : Context for processor 'ps7_cortexa9_0' is selected.
20:30:54 INFO  : Processor reset is completed for 'ps7_cortexa9_0'.
20:30:54 INFO  : Context for processor 'ps7_cortexa9_0' is selected.
20:30:55 INFO  : The application 'C:/soc/HW2_interrupt/HW2_interrupt.sdk/HW2_interrupt/Debug/HW2_interrupt.elf' is downloaded to processor 'ps7_cortexa9_0'.
20:30:55 INFO  : 'configparams force-mem-access 0' command is executed.
20:30:55 INFO  : ----------------XSDB Script----------------
connect -url tcp:127.0.0.1:3121
source C:/soc/HW2_interrupt/HW2_interrupt.sdk/design_1_wrapper_hw_platform_0/ps7_init.tcl
targets -set -nocase -filter {name =~"APU*" && jtag_cable_name =~ "Xilinx TUL 1234-tulA"} -index 0
loadhw -hw C:/soc/HW2_interrupt/HW2_interrupt.sdk/design_1_wrapper_hw_platform_0/system.hdf -mem-ranges [list {0x40000000 0xbfffffff}]
configparams force-mem-access 1
targets -set -nocase -filter {name =~"APU*" && jtag_cable_name =~ "Xilinx TUL 1234-tulA"} -index 0
stop
ps7_init
ps7_post_config
targets -set -nocase -filter {name =~ "ARM*#0" && jtag_cable_name =~ "Xilinx TUL 1234-tulA"} -index 0
rst -processor
targets -set -nocase -filter {name =~ "ARM*#0" && jtag_cable_name =~ "Xilinx TUL 1234-tulA"} -index 0
dow C:/soc/HW2_interrupt/HW2_interrupt.sdk/HW2_interrupt/Debug/HW2_interrupt.elf
configparams force-mem-access 0
----------------End of Script----------------

20:30:55 INFO  : Memory regions updated for context APU
20:30:55 INFO  : Context for processor 'ps7_cortexa9_0' is selected.
20:30:55 INFO  : 'con' command is executed.
20:30:55 INFO  : ----------------XSDB Script (After Launch)----------------
targets -set -nocase -filter {name =~ "ARM*#0" && jtag_cable_name =~ "Xilinx TUL 1234-tulA"} -index 0
con
----------------End of Script----------------

20:30:55 INFO  : Launch script is exported to file 'C:\soc\HW2_interrupt\HW2_interrupt.sdk\.sdk\launch_scripts\xilinx_c-c++_application_(system_debugger)\system_debugger_using_debug_hw2_interrupt.elf_on_local.tcl'
20:31:13 INFO  : Disconnected from the channel tcfchan#4.
20:31:14 INFO  : 'targets -set -filter {jtag_cable_name =~ "Xilinx TUL 1234-tulA" && level==0} -index 1' command is executed.
20:31:14 INFO  : 'fpga -state' command is executed.
20:31:14 INFO  : Connected to target on host '127.0.0.1' and port '3121'.
20:31:14 INFO  : Jtag cable 'Xilinx TUL 1234-tulA' is selected.
20:31:14 INFO  : 'jtag frequency' command is executed.
20:31:14 INFO  : Sourcing of 'C:/soc/HW2_interrupt/HW2_interrupt.sdk/design_1_wrapper_hw_platform_0/ps7_init.tcl' is done.
20:31:14 INFO  : Context for 'APU' is selected.
20:31:15 INFO  : Hardware design information is loaded from 'C:/soc/HW2_interrupt/HW2_interrupt.sdk/design_1_wrapper_hw_platform_0/system.hdf'.
20:31:16 INFO  : 'configparams force-mem-access 1' command is executed.
20:31:16 INFO  : Context for 'APU' is selected.
20:31:16 INFO  : 'stop' command is executed.
20:31:16 INFO  : 'ps7_init' command is executed.
20:31:16 INFO  : 'ps7_post_config' command is executed.
20:31:16 INFO  : Context for processor 'ps7_cortexa9_0' is selected.
20:31:16 INFO  : Processor reset is completed for 'ps7_cortexa9_0'.
20:31:16 INFO  : Context for processor 'ps7_cortexa9_0' is selected.
20:31:16 INFO  : The application 'C:/soc/HW2_interrupt/HW2_interrupt.sdk/HW2_interrupt/Debug/HW2_interrupt.elf' is downloaded to processor 'ps7_cortexa9_0'.
20:31:16 INFO  : 'configparams force-mem-access 0' command is executed.
20:31:16 INFO  : ----------------XSDB Script----------------
connect -url tcp:127.0.0.1:3121
source C:/soc/HW2_interrupt/HW2_interrupt.sdk/design_1_wrapper_hw_platform_0/ps7_init.tcl
targets -set -nocase -filter {name =~"APU*" && jtag_cable_name =~ "Xilinx TUL 1234-tulA"} -index 0
loadhw -hw C:/soc/HW2_interrupt/HW2_interrupt.sdk/design_1_wrapper_hw_platform_0/system.hdf -mem-ranges [list {0x40000000 0xbfffffff}]
configparams force-mem-access 1
targets -set -nocase -filter {name =~"APU*" && jtag_cable_name =~ "Xilinx TUL 1234-tulA"} -index 0
stop
ps7_init
ps7_post_config
targets -set -nocase -filter {name =~ "ARM*#0" && jtag_cable_name =~ "Xilinx TUL 1234-tulA"} -index 0
rst -processor
targets -set -nocase -filter {name =~ "ARM*#0" && jtag_cable_name =~ "Xilinx TUL 1234-tulA"} -index 0
dow C:/soc/HW2_interrupt/HW2_interrupt.sdk/HW2_interrupt/Debug/HW2_interrupt.elf
configparams force-mem-access 0
----------------End of Script----------------

20:31:16 INFO  : Memory regions updated for context APU
20:31:16 INFO  : Context for processor 'ps7_cortexa9_0' is selected.
20:31:16 INFO  : 'con' command is executed.
20:31:16 INFO  : ----------------XSDB Script (After Launch)----------------
targets -set -nocase -filter {name =~ "ARM*#0" && jtag_cable_name =~ "Xilinx TUL 1234-tulA"} -index 0
con
----------------End of Script----------------

20:31:16 INFO  : Launch script is exported to file 'C:\soc\HW2_interrupt\HW2_interrupt.sdk\.sdk\launch_scripts\xilinx_c-c++_application_(system_debugger)\system_debugger_using_debug_hw2_interrupt.elf_on_local.tcl'
20:33:11 INFO  : Disconnected from the channel tcfchan#5.
20:33:12 INFO  : 'targets -set -filter {jtag_cable_name =~ "Xilinx TUL 1234-tulA" && level==0} -index 1' command is executed.
20:33:12 INFO  : 'fpga -state' command is executed.
20:33:12 INFO  : Connected to target on host '127.0.0.1' and port '3121'.
20:33:13 INFO  : Jtag cable 'Xilinx TUL 1234-tulA' is selected.
20:33:13 INFO  : 'jtag frequency' command is executed.
20:33:13 INFO  : Sourcing of 'C:/soc/HW2_interrupt/HW2_interrupt.sdk/design_1_wrapper_hw_platform_0/ps7_init.tcl' is done.
20:33:13 INFO  : Context for 'APU' is selected.
20:33:14 INFO  : Hardware design information is loaded from 'C:/soc/HW2_interrupt/HW2_interrupt.sdk/design_1_wrapper_hw_platform_0/system.hdf'.
20:33:14 INFO  : 'configparams force-mem-access 1' command is executed.
20:33:14 INFO  : Context for 'APU' is selected.
20:33:14 INFO  : 'stop' command is executed.
20:33:14 INFO  : 'ps7_init' command is executed.
20:33:14 INFO  : 'ps7_post_config' command is executed.
20:33:14 INFO  : Context for processor 'ps7_cortexa9_0' is selected.
20:33:14 INFO  : Processor reset is completed for 'ps7_cortexa9_0'.
20:33:14 INFO  : Context for processor 'ps7_cortexa9_0' is selected.
20:33:15 INFO  : The application 'C:/soc/HW2_interrupt/HW2_interrupt.sdk/HW2_interrupt/Debug/HW2_interrupt.elf' is downloaded to processor 'ps7_cortexa9_0'.
20:33:15 INFO  : 'configparams force-mem-access 0' command is executed.
20:33:15 INFO  : ----------------XSDB Script----------------
connect -url tcp:127.0.0.1:3121
source C:/soc/HW2_interrupt/HW2_interrupt.sdk/design_1_wrapper_hw_platform_0/ps7_init.tcl
targets -set -nocase -filter {name =~"APU*" && jtag_cable_name =~ "Xilinx TUL 1234-tulA"} -index 0
loadhw -hw C:/soc/HW2_interrupt/HW2_interrupt.sdk/design_1_wrapper_hw_platform_0/system.hdf -mem-ranges [list {0x40000000 0xbfffffff}]
configparams force-mem-access 1
targets -set -nocase -filter {name =~"APU*" && jtag_cable_name =~ "Xilinx TUL 1234-tulA"} -index 0
stop
ps7_init
ps7_post_config
targets -set -nocase -filter {name =~ "ARM*#0" && jtag_cable_name =~ "Xilinx TUL 1234-tulA"} -index 0
rst -processor
targets -set -nocase -filter {name =~ "ARM*#0" && jtag_cable_name =~ "Xilinx TUL 1234-tulA"} -index 0
dow C:/soc/HW2_interrupt/HW2_interrupt.sdk/HW2_interrupt/Debug/HW2_interrupt.elf
configparams force-mem-access 0
----------------End of Script----------------

20:33:15 INFO  : Memory regions updated for context APU
20:33:15 INFO  : Context for processor 'ps7_cortexa9_0' is selected.
20:33:15 INFO  : 'con' command is executed.
20:33:15 INFO  : ----------------XSDB Script (After Launch)----------------
targets -set -nocase -filter {name =~ "ARM*#0" && jtag_cable_name =~ "Xilinx TUL 1234-tulA"} -index 0
con
----------------End of Script----------------

20:33:15 INFO  : Launch script is exported to file 'C:\soc\HW2_interrupt\HW2_interrupt.sdk\.sdk\launch_scripts\xilinx_c-c++_application_(system_debugger)\system_debugger_using_debug_hw2_interrupt.elf_on_local.tcl'
20:33:23 INFO  : Disconnected from the channel tcfchan#6.
20:33:25 INFO  : 'targets -set -filter {jtag_cable_name =~ "Xilinx TUL 1234-tulA" && level==0} -index 1' command is executed.
20:33:25 INFO  : 'fpga -state' command is executed.
20:33:25 INFO  : Connected to target on host '127.0.0.1' and port '3121'.
20:33:25 INFO  : Jtag cable 'Xilinx TUL 1234-tulA' is selected.
20:33:25 INFO  : 'jtag frequency' command is executed.
20:33:25 INFO  : Sourcing of 'C:/soc/HW2_interrupt/HW2_interrupt.sdk/design_1_wrapper_hw_platform_0/ps7_init.tcl' is done.
20:33:25 INFO  : Context for 'APU' is selected.
20:33:26 INFO  : Hardware design information is loaded from 'C:/soc/HW2_interrupt/HW2_interrupt.sdk/design_1_wrapper_hw_platform_0/system.hdf'.
20:33:26 INFO  : 'configparams force-mem-access 1' command is executed.
20:33:26 INFO  : Context for 'APU' is selected.
20:33:26 INFO  : 'stop' command is executed.
20:33:26 INFO  : 'ps7_init' command is executed.
20:33:26 INFO  : 'ps7_post_config' command is executed.
20:33:26 INFO  : Context for processor 'ps7_cortexa9_0' is selected.
20:33:26 INFO  : Processor reset is completed for 'ps7_cortexa9_0'.
20:33:26 INFO  : Context for processor 'ps7_cortexa9_0' is selected.
20:33:27 INFO  : The application 'C:/soc/HW2_interrupt/HW2_interrupt.sdk/HW2_interrupt/Debug/HW2_interrupt.elf' is downloaded to processor 'ps7_cortexa9_0'.
20:33:27 INFO  : 'configparams force-mem-access 0' command is executed.
20:33:27 INFO  : ----------------XSDB Script----------------
connect -url tcp:127.0.0.1:3121
source C:/soc/HW2_interrupt/HW2_interrupt.sdk/design_1_wrapper_hw_platform_0/ps7_init.tcl
targets -set -nocase -filter {name =~"APU*" && jtag_cable_name =~ "Xilinx TUL 1234-tulA"} -index 0
loadhw -hw C:/soc/HW2_interrupt/HW2_interrupt.sdk/design_1_wrapper_hw_platform_0/system.hdf -mem-ranges [list {0x40000000 0xbfffffff}]
configparams force-mem-access 1
targets -set -nocase -filter {name =~"APU*" && jtag_cable_name =~ "Xilinx TUL 1234-tulA"} -index 0
stop
ps7_init
ps7_post_config
targets -set -nocase -filter {name =~ "ARM*#0" && jtag_cable_name =~ "Xilinx TUL 1234-tulA"} -index 0
rst -processor
targets -set -nocase -filter {name =~ "ARM*#0" && jtag_cable_name =~ "Xilinx TUL 1234-tulA"} -index 0
dow C:/soc/HW2_interrupt/HW2_interrupt.sdk/HW2_interrupt/Debug/HW2_interrupt.elf
configparams force-mem-access 0
----------------End of Script----------------

20:33:27 INFO  : Memory regions updated for context APU
20:33:27 INFO  : Context for processor 'ps7_cortexa9_0' is selected.
20:33:27 INFO  : 'con' command is executed.
20:33:27 INFO  : ----------------XSDB Script (After Launch)----------------
targets -set -nocase -filter {name =~ "ARM*#0" && jtag_cable_name =~ "Xilinx TUL 1234-tulA"} -index 0
con
----------------End of Script----------------

20:33:27 INFO  : Launch script is exported to file 'C:\soc\HW2_interrupt\HW2_interrupt.sdk\.sdk\launch_scripts\xilinx_c-c++_application_(system_debugger)\system_debugger_using_debug_hw2_interrupt.elf_on_local.tcl'
20:39:23 INFO  : Disconnected from the channel tcfchan#7.
20:39:25 INFO  : 'targets -set -filter {jtag_cable_name =~ "Xilinx TUL 1234-tulA" && level==0} -index 1' command is executed.
20:39:25 INFO  : 'fpga -state' command is executed.
20:39:25 INFO  : Connected to target on host '127.0.0.1' and port '3121'.
20:39:25 INFO  : Jtag cable 'Xilinx TUL 1234-tulA' is selected.
20:39:25 INFO  : 'jtag frequency' command is executed.
20:39:25 INFO  : Sourcing of 'C:/soc/HW2_interrupt/HW2_interrupt.sdk/design_1_wrapper_hw_platform_0/ps7_init.tcl' is done.
20:39:25 INFO  : Context for 'APU' is selected.
20:39:26 INFO  : Hardware design information is loaded from 'C:/soc/HW2_interrupt/HW2_interrupt.sdk/design_1_wrapper_hw_platform_0/system.hdf'.
20:39:26 INFO  : 'configparams force-mem-access 1' command is executed.
20:39:26 INFO  : Context for 'APU' is selected.
20:39:26 INFO  : 'stop' command is executed.
20:39:26 INFO  : 'ps7_init' command is executed.
20:39:26 INFO  : 'ps7_post_config' command is executed.
20:39:26 INFO  : Context for processor 'ps7_cortexa9_0' is selected.
20:39:26 INFO  : Processor reset is completed for 'ps7_cortexa9_0'.
20:39:26 INFO  : Context for processor 'ps7_cortexa9_0' is selected.
20:39:27 INFO  : The application 'C:/soc/HW2_interrupt/HW2_interrupt.sdk/HW2_interrupt/Debug/HW2_interrupt.elf' is downloaded to processor 'ps7_cortexa9_0'.
20:39:27 INFO  : 'configparams force-mem-access 0' command is executed.
20:39:27 INFO  : ----------------XSDB Script----------------
connect -url tcp:127.0.0.1:3121
source C:/soc/HW2_interrupt/HW2_interrupt.sdk/design_1_wrapper_hw_platform_0/ps7_init.tcl
targets -set -nocase -filter {name =~"APU*" && jtag_cable_name =~ "Xilinx TUL 1234-tulA"} -index 0
loadhw -hw C:/soc/HW2_interrupt/HW2_interrupt.sdk/design_1_wrapper_hw_platform_0/system.hdf -mem-ranges [list {0x40000000 0xbfffffff}]
configparams force-mem-access 1
targets -set -nocase -filter {name =~"APU*" && jtag_cable_name =~ "Xilinx TUL 1234-tulA"} -index 0
stop
ps7_init
ps7_post_config
targets -set -nocase -filter {name =~ "ARM*#0" && jtag_cable_name =~ "Xilinx TUL 1234-tulA"} -index 0
rst -processor
targets -set -nocase -filter {name =~ "ARM*#0" && jtag_cable_name =~ "Xilinx TUL 1234-tulA"} -index 0
dow C:/soc/HW2_interrupt/HW2_interrupt.sdk/HW2_interrupt/Debug/HW2_interrupt.elf
configparams force-mem-access 0
----------------End of Script----------------

20:39:27 INFO  : Memory regions updated for context APU
20:39:27 INFO  : Context for processor 'ps7_cortexa9_0' is selected.
20:39:27 INFO  : 'con' command is executed.
20:39:27 INFO  : ----------------XSDB Script (After Launch)----------------
targets -set -nocase -filter {name =~ "ARM*#0" && jtag_cable_name =~ "Xilinx TUL 1234-tulA"} -index 0
con
----------------End of Script----------------

20:39:27 INFO  : Launch script is exported to file 'C:\soc\HW2_interrupt\HW2_interrupt.sdk\.sdk\launch_scripts\xilinx_c-c++_application_(system_debugger)\system_debugger_using_debug_hw2_interrupt.elf_on_local.tcl'
20:42:58 INFO  : Disconnected from the channel tcfchan#8.
20:43:14 INFO  : Connected to target on host '127.0.0.1' and port '3121'.
20:43:14 INFO  : 'targets -set -filter {jtag_cable_name =~ "Xilinx TUL 1234-tulA" && level==0} -index 1' command is executed.
20:43:17 INFO  : FPGA configured successfully with bitstream "C:/soc/HW2_interrupt/HW2_interrupt.sdk/design_1_wrapper_hw_platform_0/design_1_wrapper.bit"
20:43:24 INFO  : 'targets -set -filter {jtag_cable_name =~ "Xilinx TUL 1234-tulA" && level==0} -index 1' command is executed.
20:43:24 INFO  : 'fpga -state' command is executed.
20:43:24 INFO  : Connected to target on host '127.0.0.1' and port '3121'.
20:43:24 INFO  : Jtag cable 'Xilinx TUL 1234-tulA' is selected.
20:43:24 INFO  : 'jtag frequency' command is executed.
20:43:24 INFO  : Sourcing of 'C:/soc/HW2_interrupt/HW2_interrupt.sdk/design_1_wrapper_hw_platform_0/ps7_init.tcl' is done.
20:43:24 INFO  : Context for 'APU' is selected.
20:43:24 INFO  : Hardware design information is loaded from 'C:/soc/HW2_interrupt/HW2_interrupt.sdk/design_1_wrapper_hw_platform_0/system.hdf'.
20:43:24 INFO  : 'configparams force-mem-access 1' command is executed.
20:43:24 INFO  : Context for 'APU' is selected.
20:43:24 INFO  : 'stop' command is executed.
20:43:24 INFO  : 'ps7_init' command is executed.
20:43:24 INFO  : 'ps7_post_config' command is executed.
20:43:24 INFO  : Context for processor 'ps7_cortexa9_0' is selected.
20:43:24 INFO  : Processor reset is completed for 'ps7_cortexa9_0'.
20:43:24 INFO  : Context for processor 'ps7_cortexa9_0' is selected.
20:43:25 INFO  : The application 'C:/soc/HW2_interrupt/HW2_interrupt.sdk/HW2_interrupt/Debug/HW2_interrupt.elf' is downloaded to processor 'ps7_cortexa9_0'.
20:43:25 INFO  : 'configparams force-mem-access 0' command is executed.
20:43:25 INFO  : ----------------XSDB Script----------------
connect -url tcp:127.0.0.1:3121
source C:/soc/HW2_interrupt/HW2_interrupt.sdk/design_1_wrapper_hw_platform_0/ps7_init.tcl
targets -set -nocase -filter {name =~"APU*" && jtag_cable_name =~ "Xilinx TUL 1234-tulA"} -index 0
loadhw -hw C:/soc/HW2_interrupt/HW2_interrupt.sdk/design_1_wrapper_hw_platform_0/system.hdf -mem-ranges [list {0x40000000 0xbfffffff}]
configparams force-mem-access 1
targets -set -nocase -filter {name =~"APU*" && jtag_cable_name =~ "Xilinx TUL 1234-tulA"} -index 0
stop
ps7_init
ps7_post_config
targets -set -nocase -filter {name =~ "ARM*#0" && jtag_cable_name =~ "Xilinx TUL 1234-tulA"} -index 0
rst -processor
targets -set -nocase -filter {name =~ "ARM*#0" && jtag_cable_name =~ "Xilinx TUL 1234-tulA"} -index 0
dow C:/soc/HW2_interrupt/HW2_interrupt.sdk/HW2_interrupt/Debug/HW2_interrupt.elf
configparams force-mem-access 0
----------------End of Script----------------

20:43:25 INFO  : Memory regions updated for context APU
20:43:25 INFO  : Context for processor 'ps7_cortexa9_0' is selected.
20:43:25 INFO  : 'con' command is executed.
20:43:25 INFO  : ----------------XSDB Script (After Launch)----------------
targets -set -nocase -filter {name =~ "ARM*#0" && jtag_cable_name =~ "Xilinx TUL 1234-tulA"} -index 0
con
----------------End of Script----------------

20:43:25 INFO  : Launch script is exported to file 'C:\soc\HW2_interrupt\HW2_interrupt.sdk\.sdk\launch_scripts\xilinx_c-c++_application_(system_debugger)\system_debugger_using_debug_hw2_interrupt.elf_on_local.tcl'
20:44:51 INFO  : Disconnected from the channel tcfchan#9.
20:44:52 INFO  : 'targets -set -filter {jtag_cable_name =~ "Xilinx TUL 1234-tulA" && level==0} -index 1' command is executed.
20:44:52 INFO  : 'fpga -state' command is executed.
20:44:52 INFO  : Connected to target on host '127.0.0.1' and port '3121'.
20:44:52 INFO  : Jtag cable 'Xilinx TUL 1234-tulA' is selected.
20:44:52 INFO  : 'jtag frequency' command is executed.
20:44:52 INFO  : Sourcing of 'C:/soc/HW2_interrupt/HW2_interrupt.sdk/design_1_wrapper_hw_platform_0/ps7_init.tcl' is done.
20:44:52 INFO  : Context for 'APU' is selected.
20:44:54 INFO  : Hardware design information is loaded from 'C:/soc/HW2_interrupt/HW2_interrupt.sdk/design_1_wrapper_hw_platform_0/system.hdf'.
20:44:54 INFO  : 'configparams force-mem-access 1' command is executed.
20:44:54 INFO  : Context for 'APU' is selected.
20:44:54 INFO  : 'stop' command is executed.
20:44:54 INFO  : 'ps7_init' command is executed.
20:44:54 INFO  : 'ps7_post_config' command is executed.
20:44:54 INFO  : Context for processor 'ps7_cortexa9_0' is selected.
20:44:54 INFO  : Processor reset is completed for 'ps7_cortexa9_0'.
20:44:54 INFO  : Context for processor 'ps7_cortexa9_0' is selected.
20:44:54 INFO  : The application 'C:/soc/HW2_interrupt/HW2_interrupt.sdk/HW2_interrupt/Debug/HW2_interrupt.elf' is downloaded to processor 'ps7_cortexa9_0'.
20:44:54 INFO  : 'configparams force-mem-access 0' command is executed.
20:44:54 INFO  : ----------------XSDB Script----------------
connect -url tcp:127.0.0.1:3121
source C:/soc/HW2_interrupt/HW2_interrupt.sdk/design_1_wrapper_hw_platform_0/ps7_init.tcl
targets -set -nocase -filter {name =~"APU*" && jtag_cable_name =~ "Xilinx TUL 1234-tulA"} -index 0
loadhw -hw C:/soc/HW2_interrupt/HW2_interrupt.sdk/design_1_wrapper_hw_platform_0/system.hdf -mem-ranges [list {0x40000000 0xbfffffff}]
configparams force-mem-access 1
targets -set -nocase -filter {name =~"APU*" && jtag_cable_name =~ "Xilinx TUL 1234-tulA"} -index 0
stop
ps7_init
ps7_post_config
targets -set -nocase -filter {name =~ "ARM*#0" && jtag_cable_name =~ "Xilinx TUL 1234-tulA"} -index 0
rst -processor
targets -set -nocase -filter {name =~ "ARM*#0" && jtag_cable_name =~ "Xilinx TUL 1234-tulA"} -index 0
dow C:/soc/HW2_interrupt/HW2_interrupt.sdk/HW2_interrupt/Debug/HW2_interrupt.elf
configparams force-mem-access 0
----------------End of Script----------------

20:44:54 INFO  : Memory regions updated for context APU
20:44:54 INFO  : Context for processor 'ps7_cortexa9_0' is selected.
20:44:54 INFO  : 'con' command is executed.
20:44:54 INFO  : ----------------XSDB Script (After Launch)----------------
targets -set -nocase -filter {name =~ "ARM*#0" && jtag_cable_name =~ "Xilinx TUL 1234-tulA"} -index 0
con
----------------End of Script----------------

20:44:54 INFO  : Launch script is exported to file 'C:\soc\HW2_interrupt\HW2_interrupt.sdk\.sdk\launch_scripts\xilinx_c-c++_application_(system_debugger)\system_debugger_using_debug_hw2_interrupt.elf_on_local.tcl'
20:45:50 INFO  : Disconnected from the channel tcfchan#10.
20:45:51 INFO  : 'targets -set -filter {jtag_cable_name =~ "Xilinx TUL 1234-tulA" && level==0} -index 1' command is executed.
20:45:51 INFO  : 'fpga -state' command is executed.
20:45:51 INFO  : Connected to target on host '127.0.0.1' and port '3121'.
20:45:52 INFO  : Jtag cable 'Xilinx TUL 1234-tulA' is selected.
20:45:52 INFO  : 'jtag frequency' command is executed.
20:45:52 INFO  : Sourcing of 'C:/soc/HW2_interrupt/HW2_interrupt.sdk/design_1_wrapper_hw_platform_0/ps7_init.tcl' is done.
20:45:52 INFO  : Context for 'APU' is selected.
20:45:53 INFO  : Hardware design information is loaded from 'C:/soc/HW2_interrupt/HW2_interrupt.sdk/design_1_wrapper_hw_platform_0/system.hdf'.
20:45:53 INFO  : 'configparams force-mem-access 1' command is executed.
20:45:53 INFO  : Context for 'APU' is selected.
20:45:53 INFO  : 'stop' command is executed.
20:45:53 INFO  : 'ps7_init' command is executed.
20:45:53 INFO  : 'ps7_post_config' command is executed.
20:45:53 INFO  : Context for processor 'ps7_cortexa9_0' is selected.
20:45:53 INFO  : Processor reset is completed for 'ps7_cortexa9_0'.
20:45:53 INFO  : Context for processor 'ps7_cortexa9_0' is selected.
20:45:53 INFO  : The application 'C:/soc/HW2_interrupt/HW2_interrupt.sdk/HW2_interrupt/Debug/HW2_interrupt.elf' is downloaded to processor 'ps7_cortexa9_0'.
20:45:53 INFO  : 'configparams force-mem-access 0' command is executed.
20:45:53 INFO  : ----------------XSDB Script----------------
connect -url tcp:127.0.0.1:3121
source C:/soc/HW2_interrupt/HW2_interrupt.sdk/design_1_wrapper_hw_platform_0/ps7_init.tcl
targets -set -nocase -filter {name =~"APU*" && jtag_cable_name =~ "Xilinx TUL 1234-tulA"} -index 0
loadhw -hw C:/soc/HW2_interrupt/HW2_interrupt.sdk/design_1_wrapper_hw_platform_0/system.hdf -mem-ranges [list {0x40000000 0xbfffffff}]
configparams force-mem-access 1
targets -set -nocase -filter {name =~"APU*" && jtag_cable_name =~ "Xilinx TUL 1234-tulA"} -index 0
stop
ps7_init
ps7_post_config
targets -set -nocase -filter {name =~ "ARM*#0" && jtag_cable_name =~ "Xilinx TUL 1234-tulA"} -index 0
rst -processor
targets -set -nocase -filter {name =~ "ARM*#0" && jtag_cable_name =~ "Xilinx TUL 1234-tulA"} -index 0
dow C:/soc/HW2_interrupt/HW2_interrupt.sdk/HW2_interrupt/Debug/HW2_interrupt.elf
configparams force-mem-access 0
----------------End of Script----------------

20:45:53 INFO  : Memory regions updated for context APU
20:45:54 INFO  : Context for processor 'ps7_cortexa9_0' is selected.
20:45:54 INFO  : 'con' command is executed.
20:45:54 INFO  : ----------------XSDB Script (After Launch)----------------
targets -set -nocase -filter {name =~ "ARM*#0" && jtag_cable_name =~ "Xilinx TUL 1234-tulA"} -index 0
con
----------------End of Script----------------

20:45:54 INFO  : Launch script is exported to file 'C:\soc\HW2_interrupt\HW2_interrupt.sdk\.sdk\launch_scripts\xilinx_c-c++_application_(system_debugger)\system_debugger_using_debug_hw2_interrupt.elf_on_local.tcl'
20:56:36 INFO  : Disconnected from the channel tcfchan#11.
20:56:37 INFO  : 'targets -set -filter {jtag_cable_name =~ "Xilinx TUL 1234-tulA" && level==0} -index 1' command is executed.
20:56:37 INFO  : 'fpga -state' command is executed.
20:56:37 INFO  : Connected to target on host '127.0.0.1' and port '3121'.
20:56:37 INFO  : Jtag cable 'Xilinx TUL 1234-tulA' is selected.
20:56:37 INFO  : 'jtag frequency' command is executed.
20:56:37 INFO  : Sourcing of 'C:/soc/HW2_interrupt/HW2_interrupt.sdk/design_1_wrapper_hw_platform_0/ps7_init.tcl' is done.
20:56:37 INFO  : Context for 'APU' is selected.
20:56:39 INFO  : Hardware design information is loaded from 'C:/soc/HW2_interrupt/HW2_interrupt.sdk/design_1_wrapper_hw_platform_0/system.hdf'.
20:56:39 INFO  : 'configparams force-mem-access 1' command is executed.
20:56:39 INFO  : Context for 'APU' is selected.
20:56:39 INFO  : 'stop' command is executed.
20:56:39 INFO  : 'ps7_init' command is executed.
20:56:39 INFO  : 'ps7_post_config' command is executed.
20:56:39 INFO  : Context for processor 'ps7_cortexa9_0' is selected.
20:56:39 INFO  : Processor reset is completed for 'ps7_cortexa9_0'.
20:56:39 INFO  : Context for processor 'ps7_cortexa9_0' is selected.
20:56:39 INFO  : The application 'C:/soc/HW2_interrupt/HW2_interrupt.sdk/HW2_interrupt/Debug/HW2_interrupt.elf' is downloaded to processor 'ps7_cortexa9_0'.
20:56:39 INFO  : 'configparams force-mem-access 0' command is executed.
20:56:39 INFO  : ----------------XSDB Script----------------
connect -url tcp:127.0.0.1:3121
source C:/soc/HW2_interrupt/HW2_interrupt.sdk/design_1_wrapper_hw_platform_0/ps7_init.tcl
targets -set -nocase -filter {name =~"APU*" && jtag_cable_name =~ "Xilinx TUL 1234-tulA"} -index 0
loadhw -hw C:/soc/HW2_interrupt/HW2_interrupt.sdk/design_1_wrapper_hw_platform_0/system.hdf -mem-ranges [list {0x40000000 0xbfffffff}]
configparams force-mem-access 1
targets -set -nocase -filter {name =~"APU*" && jtag_cable_name =~ "Xilinx TUL 1234-tulA"} -index 0
stop
ps7_init
ps7_post_config
targets -set -nocase -filter {name =~ "ARM*#0" && jtag_cable_name =~ "Xilinx TUL 1234-tulA"} -index 0
rst -processor
targets -set -nocase -filter {name =~ "ARM*#0" && jtag_cable_name =~ "Xilinx TUL 1234-tulA"} -index 0
dow C:/soc/HW2_interrupt/HW2_interrupt.sdk/HW2_interrupt/Debug/HW2_interrupt.elf
configparams force-mem-access 0
----------------End of Script----------------

20:56:39 INFO  : Memory regions updated for context APU
20:56:40 INFO  : Context for processor 'ps7_cortexa9_0' is selected.
20:56:40 INFO  : 'con' command is executed.
20:56:40 INFO  : ----------------XSDB Script (After Launch)----------------
targets -set -nocase -filter {name =~ "ARM*#0" && jtag_cable_name =~ "Xilinx TUL 1234-tulA"} -index 0
con
----------------End of Script----------------

20:56:40 INFO  : Launch script is exported to file 'C:\soc\HW2_interrupt\HW2_interrupt.sdk\.sdk\launch_scripts\xilinx_c-c++_application_(system_debugger)\system_debugger_using_debug_hw2_interrupt.elf_on_local.tcl'
20:59:28 INFO  : Disconnected from the channel tcfchan#12.
20:59:29 INFO  : 'targets -set -filter {jtag_cable_name =~ "Xilinx TUL 1234-tulA" && level==0} -index 1' command is executed.
20:59:29 INFO  : 'fpga -state' command is executed.
20:59:29 INFO  : Connected to target on host '127.0.0.1' and port '3121'.
20:59:29 INFO  : Jtag cable 'Xilinx TUL 1234-tulA' is selected.
20:59:29 INFO  : 'jtag frequency' command is executed.
20:59:29 INFO  : Sourcing of 'C:/soc/HW2_interrupt/HW2_interrupt.sdk/design_1_wrapper_hw_platform_0/ps7_init.tcl' is done.
20:59:29 INFO  : Context for 'APU' is selected.
20:59:31 INFO  : Hardware design information is loaded from 'C:/soc/HW2_interrupt/HW2_interrupt.sdk/design_1_wrapper_hw_platform_0/system.hdf'.
20:59:31 INFO  : 'configparams force-mem-access 1' command is executed.
20:59:31 INFO  : Context for 'APU' is selected.
20:59:31 INFO  : 'stop' command is executed.
20:59:31 INFO  : 'ps7_init' command is executed.
20:59:31 INFO  : 'ps7_post_config' command is executed.
20:59:31 INFO  : Context for processor 'ps7_cortexa9_0' is selected.
20:59:31 INFO  : Processor reset is completed for 'ps7_cortexa9_0'.
20:59:31 INFO  : Context for processor 'ps7_cortexa9_0' is selected.
20:59:31 INFO  : The application 'C:/soc/HW2_interrupt/HW2_interrupt.sdk/HW2_interrupt/Debug/HW2_interrupt.elf' is downloaded to processor 'ps7_cortexa9_0'.
20:59:31 INFO  : 'configparams force-mem-access 0' command is executed.
20:59:31 INFO  : ----------------XSDB Script----------------
connect -url tcp:127.0.0.1:3121
source C:/soc/HW2_interrupt/HW2_interrupt.sdk/design_1_wrapper_hw_platform_0/ps7_init.tcl
targets -set -nocase -filter {name =~"APU*" && jtag_cable_name =~ "Xilinx TUL 1234-tulA"} -index 0
loadhw -hw C:/soc/HW2_interrupt/HW2_interrupt.sdk/design_1_wrapper_hw_platform_0/system.hdf -mem-ranges [list {0x40000000 0xbfffffff}]
configparams force-mem-access 1
targets -set -nocase -filter {name =~"APU*" && jtag_cable_name =~ "Xilinx TUL 1234-tulA"} -index 0
stop
ps7_init
ps7_post_config
targets -set -nocase -filter {name =~ "ARM*#0" && jtag_cable_name =~ "Xilinx TUL 1234-tulA"} -index 0
rst -processor
targets -set -nocase -filter {name =~ "ARM*#0" && jtag_cable_name =~ "Xilinx TUL 1234-tulA"} -index 0
dow C:/soc/HW2_interrupt/HW2_interrupt.sdk/HW2_interrupt/Debug/HW2_interrupt.elf
configparams force-mem-access 0
----------------End of Script----------------

20:59:31 INFO  : Memory regions updated for context APU
20:59:31 INFO  : Context for processor 'ps7_cortexa9_0' is selected.
20:59:31 INFO  : 'con' command is executed.
20:59:31 INFO  : ----------------XSDB Script (After Launch)----------------
targets -set -nocase -filter {name =~ "ARM*#0" && jtag_cable_name =~ "Xilinx TUL 1234-tulA"} -index 0
con
----------------End of Script----------------

20:59:31 INFO  : Launch script is exported to file 'C:\soc\HW2_interrupt\HW2_interrupt.sdk\.sdk\launch_scripts\xilinx_c-c++_application_(system_debugger)\system_debugger_using_debug_hw2_interrupt.elf_on_local.tcl'
20:59:43 INFO  : Connected to target on host '127.0.0.1' and port '3121'.
20:59:43 INFO  : 'targets -set -filter {jtag_cable_name =~ "Xilinx TUL 1234-tulA" && level==0} -index 1' command is executed.
20:59:45 INFO  : FPGA configured successfully with bitstream "C:/soc/HW2_interrupt/HW2_interrupt.sdk/design_1_wrapper_hw_platform_0/design_1_wrapper.bit"
20:59:52 INFO  : Disconnected from the channel tcfchan#13.
20:59:53 INFO  : 'targets -set -filter {jtag_cable_name =~ "Xilinx TUL 1234-tulA" && level==0} -index 1' command is executed.
20:59:53 INFO  : 'fpga -state' command is executed.
20:59:53 INFO  : Connected to target on host '127.0.0.1' and port '3121'.
20:59:54 INFO  : Jtag cable 'Xilinx TUL 1234-tulA' is selected.
20:59:54 INFO  : 'jtag frequency' command is executed.
20:59:54 INFO  : Sourcing of 'C:/soc/HW2_interrupt/HW2_interrupt.sdk/design_1_wrapper_hw_platform_0/ps7_init.tcl' is done.
20:59:54 INFO  : Context for 'APU' is selected.
20:59:55 INFO  : Hardware design information is loaded from 'C:/soc/HW2_interrupt/HW2_interrupt.sdk/design_1_wrapper_hw_platform_0/system.hdf'.
20:59:55 INFO  : 'configparams force-mem-access 1' command is executed.
20:59:55 INFO  : Context for 'APU' is selected.
20:59:55 INFO  : 'stop' command is executed.
20:59:55 INFO  : 'ps7_init' command is executed.
20:59:55 INFO  : 'ps7_post_config' command is executed.
20:59:55 INFO  : Context for processor 'ps7_cortexa9_0' is selected.
20:59:55 INFO  : Processor reset is completed for 'ps7_cortexa9_0'.
20:59:55 INFO  : Context for processor 'ps7_cortexa9_0' is selected.
20:59:55 INFO  : The application 'C:/soc/HW2_interrupt/HW2_interrupt.sdk/HW2_interrupt/Debug/HW2_interrupt.elf' is downloaded to processor 'ps7_cortexa9_0'.
20:59:55 INFO  : 'configparams force-mem-access 0' command is executed.
20:59:55 INFO  : ----------------XSDB Script----------------
connect -url tcp:127.0.0.1:3121
source C:/soc/HW2_interrupt/HW2_interrupt.sdk/design_1_wrapper_hw_platform_0/ps7_init.tcl
targets -set -nocase -filter {name =~"APU*" && jtag_cable_name =~ "Xilinx TUL 1234-tulA"} -index 0
loadhw -hw C:/soc/HW2_interrupt/HW2_interrupt.sdk/design_1_wrapper_hw_platform_0/system.hdf -mem-ranges [list {0x40000000 0xbfffffff}]
configparams force-mem-access 1
targets -set -nocase -filter {name =~"APU*" && jtag_cable_name =~ "Xilinx TUL 1234-tulA"} -index 0
stop
ps7_init
ps7_post_config
targets -set -nocase -filter {name =~ "ARM*#0" && jtag_cable_name =~ "Xilinx TUL 1234-tulA"} -index 0
rst -processor
targets -set -nocase -filter {name =~ "ARM*#0" && jtag_cable_name =~ "Xilinx TUL 1234-tulA"} -index 0
dow C:/soc/HW2_interrupt/HW2_interrupt.sdk/HW2_interrupt/Debug/HW2_interrupt.elf
configparams force-mem-access 0
----------------End of Script----------------

20:59:56 INFO  : Memory regions updated for context APU
20:59:56 INFO  : Context for processor 'ps7_cortexa9_0' is selected.
20:59:56 INFO  : 'con' command is executed.
20:59:56 INFO  : ----------------XSDB Script (After Launch)----------------
targets -set -nocase -filter {name =~ "ARM*#0" && jtag_cable_name =~ "Xilinx TUL 1234-tulA"} -index 0
con
----------------End of Script----------------

20:59:56 INFO  : Launch script is exported to file 'C:\soc\HW2_interrupt\HW2_interrupt.sdk\.sdk\launch_scripts\xilinx_c-c++_application_(system_debugger)\system_debugger_using_debug_hw2_interrupt.elf_on_local.tcl'
21:01:51 INFO  : Disconnected from the channel tcfchan#14.
21:01:52 INFO  : 'targets -set -filter {jtag_cable_name =~ "Xilinx TUL 1234-tulA" && level==0} -index 1' command is executed.
21:01:52 INFO  : 'fpga -state' command is executed.
21:01:52 INFO  : Connected to target on host '127.0.0.1' and port '3121'.
21:01:52 INFO  : Jtag cable 'Xilinx TUL 1234-tulA' is selected.
21:01:52 INFO  : 'jtag frequency' command is executed.
21:01:52 INFO  : Sourcing of 'C:/soc/HW2_interrupt/HW2_interrupt.sdk/design_1_wrapper_hw_platform_0/ps7_init.tcl' is done.
21:01:52 INFO  : Context for 'APU' is selected.
21:01:53 INFO  : Hardware design information is loaded from 'C:/soc/HW2_interrupt/HW2_interrupt.sdk/design_1_wrapper_hw_platform_0/system.hdf'.
21:01:53 INFO  : 'configparams force-mem-access 1' command is executed.
21:01:53 INFO  : Context for 'APU' is selected.
21:01:53 INFO  : 'stop' command is executed.
21:01:54 INFO  : 'ps7_init' command is executed.
21:01:54 INFO  : 'ps7_post_config' command is executed.
21:01:54 INFO  : Context for processor 'ps7_cortexa9_0' is selected.
21:01:54 INFO  : Processor reset is completed for 'ps7_cortexa9_0'.
21:01:54 INFO  : Context for processor 'ps7_cortexa9_0' is selected.
21:01:54 INFO  : The application 'C:/soc/HW2_interrupt/HW2_interrupt.sdk/HW2_interrupt/Debug/HW2_interrupt.elf' is downloaded to processor 'ps7_cortexa9_0'.
21:01:54 INFO  : 'configparams force-mem-access 0' command is executed.
21:01:54 INFO  : ----------------XSDB Script----------------
connect -url tcp:127.0.0.1:3121
source C:/soc/HW2_interrupt/HW2_interrupt.sdk/design_1_wrapper_hw_platform_0/ps7_init.tcl
targets -set -nocase -filter {name =~"APU*" && jtag_cable_name =~ "Xilinx TUL 1234-tulA"} -index 0
loadhw -hw C:/soc/HW2_interrupt/HW2_interrupt.sdk/design_1_wrapper_hw_platform_0/system.hdf -mem-ranges [list {0x40000000 0xbfffffff}]
configparams force-mem-access 1
targets -set -nocase -filter {name =~"APU*" && jtag_cable_name =~ "Xilinx TUL 1234-tulA"} -index 0
stop
ps7_init
ps7_post_config
targets -set -nocase -filter {name =~ "ARM*#0" && jtag_cable_name =~ "Xilinx TUL 1234-tulA"} -index 0
rst -processor
targets -set -nocase -filter {name =~ "ARM*#0" && jtag_cable_name =~ "Xilinx TUL 1234-tulA"} -index 0
dow C:/soc/HW2_interrupt/HW2_interrupt.sdk/HW2_interrupt/Debug/HW2_interrupt.elf
configparams force-mem-access 0
----------------End of Script----------------

21:01:54 INFO  : Memory regions updated for context APU
21:01:54 INFO  : Context for processor 'ps7_cortexa9_0' is selected.
21:01:54 INFO  : 'con' command is executed.
21:01:54 INFO  : ----------------XSDB Script (After Launch)----------------
targets -set -nocase -filter {name =~ "ARM*#0" && jtag_cable_name =~ "Xilinx TUL 1234-tulA"} -index 0
con
----------------End of Script----------------

21:01:54 INFO  : Launch script is exported to file 'C:\soc\HW2_interrupt\HW2_interrupt.sdk\.sdk\launch_scripts\xilinx_c-c++_application_(system_debugger)\system_debugger_using_debug_hw2_interrupt.elf_on_local.tcl'
21:03:05 INFO  : Disconnected from the channel tcfchan#15.
21:03:06 INFO  : 'targets -set -filter {jtag_cable_name =~ "Xilinx TUL 1234-tulA" && level==0} -index 1' command is executed.
21:03:06 INFO  : 'fpga -state' command is executed.
21:03:06 INFO  : Connected to target on host '127.0.0.1' and port '3121'.
21:03:06 INFO  : Jtag cable 'Xilinx TUL 1234-tulA' is selected.
21:03:06 INFO  : 'jtag frequency' command is executed.
21:03:06 INFO  : Sourcing of 'C:/soc/HW2_interrupt/HW2_interrupt.sdk/design_1_wrapper_hw_platform_0/ps7_init.tcl' is done.
21:03:06 INFO  : Context for 'APU' is selected.
21:03:08 INFO  : Hardware design information is loaded from 'C:/soc/HW2_interrupt/HW2_interrupt.sdk/design_1_wrapper_hw_platform_0/system.hdf'.
21:03:08 INFO  : 'configparams force-mem-access 1' command is executed.
21:03:08 INFO  : Context for 'APU' is selected.
21:03:08 INFO  : 'stop' command is executed.
21:03:08 INFO  : 'ps7_init' command is executed.
21:03:08 INFO  : 'ps7_post_config' command is executed.
21:03:08 INFO  : Context for processor 'ps7_cortexa9_0' is selected.
21:03:08 INFO  : Processor reset is completed for 'ps7_cortexa9_0'.
21:03:08 INFO  : Context for processor 'ps7_cortexa9_0' is selected.
21:03:09 INFO  : The application 'C:/soc/HW2_interrupt/HW2_interrupt.sdk/HW2_interrupt/Debug/HW2_interrupt.elf' is downloaded to processor 'ps7_cortexa9_0'.
21:03:09 INFO  : 'configparams force-mem-access 0' command is executed.
21:03:09 INFO  : ----------------XSDB Script----------------
connect -url tcp:127.0.0.1:3121
source C:/soc/HW2_interrupt/HW2_interrupt.sdk/design_1_wrapper_hw_platform_0/ps7_init.tcl
targets -set -nocase -filter {name =~"APU*" && jtag_cable_name =~ "Xilinx TUL 1234-tulA"} -index 0
loadhw -hw C:/soc/HW2_interrupt/HW2_interrupt.sdk/design_1_wrapper_hw_platform_0/system.hdf -mem-ranges [list {0x40000000 0xbfffffff}]
configparams force-mem-access 1
targets -set -nocase -filter {name =~"APU*" && jtag_cable_name =~ "Xilinx TUL 1234-tulA"} -index 0
stop
ps7_init
ps7_post_config
targets -set -nocase -filter {name =~ "ARM*#0" && jtag_cable_name =~ "Xilinx TUL 1234-tulA"} -index 0
rst -processor
targets -set -nocase -filter {name =~ "ARM*#0" && jtag_cable_name =~ "Xilinx TUL 1234-tulA"} -index 0
dow C:/soc/HW2_interrupt/HW2_interrupt.sdk/HW2_interrupt/Debug/HW2_interrupt.elf
configparams force-mem-access 0
----------------End of Script----------------

21:03:09 INFO  : Memory regions updated for context APU
21:03:09 INFO  : Context for processor 'ps7_cortexa9_0' is selected.
21:03:09 INFO  : 'con' command is executed.
21:03:09 INFO  : ----------------XSDB Script (After Launch)----------------
targets -set -nocase -filter {name =~ "ARM*#0" && jtag_cable_name =~ "Xilinx TUL 1234-tulA"} -index 0
con
----------------End of Script----------------

21:03:09 INFO  : Launch script is exported to file 'C:\soc\HW2_interrupt\HW2_interrupt.sdk\.sdk\launch_scripts\xilinx_c-c++_application_(system_debugger)\system_debugger_using_debug_hw2_interrupt.elf_on_local.tcl'
21:05:06 INFO  : Connected to target on host '127.0.0.1' and port '3121'.
21:05:19 INFO  : Connected to target on host '127.0.0.1' and port '3121'.
21:05:19 INFO  : 'targets -set -filter {jtag_cable_name =~ "Xilinx TUL 1234-tulA" && level==0} -index 1' command is executed.
21:05:21 INFO  : FPGA configured successfully with bitstream "C:/soc/HW2_interrupt/HW2_interrupt.sdk/design_1_wrapper_hw_platform_0/design_1_wrapper.bit"
21:05:32 INFO  : Disconnected from the channel tcfchan#16.
21:05:33 INFO  : 'targets -set -filter {jtag_cable_name =~ "Xilinx TUL 1234-tulA" && level==0} -index 1' command is executed.
21:05:33 INFO  : 'fpga -state' command is executed.
21:05:33 INFO  : Connected to target on host '127.0.0.1' and port '3121'.
21:05:34 INFO  : Jtag cable 'Xilinx TUL 1234-tulA' is selected.
21:05:34 INFO  : 'jtag frequency' command is executed.
21:05:34 INFO  : Sourcing of 'C:/soc/HW2_interrupt/HW2_interrupt.sdk/design_1_wrapper_hw_platform_0/ps7_init.tcl' is done.
21:05:34 INFO  : Context for 'APU' is selected.
21:05:35 INFO  : Hardware design information is loaded from 'C:/soc/HW2_interrupt/HW2_interrupt.sdk/design_1_wrapper_hw_platform_0/system.hdf'.
21:05:35 INFO  : 'configparams force-mem-access 1' command is executed.
21:05:35 INFO  : Context for 'APU' is selected.
21:05:35 INFO  : 'stop' command is executed.
21:05:36 INFO  : 'ps7_init' command is executed.
21:05:36 INFO  : 'ps7_post_config' command is executed.
21:05:36 INFO  : Context for processor 'ps7_cortexa9_0' is selected.
21:05:36 INFO  : Processor reset is completed for 'ps7_cortexa9_0'.
21:05:36 INFO  : Context for processor 'ps7_cortexa9_0' is selected.
21:05:36 INFO  : The application 'C:/soc/HW2_interrupt/HW2_interrupt.sdk/HW2_interrupt/Debug/HW2_interrupt.elf' is downloaded to processor 'ps7_cortexa9_0'.
21:05:36 INFO  : 'configparams force-mem-access 0' command is executed.
21:05:36 INFO  : ----------------XSDB Script----------------
connect -url tcp:127.0.0.1:3121
source C:/soc/HW2_interrupt/HW2_interrupt.sdk/design_1_wrapper_hw_platform_0/ps7_init.tcl
targets -set -nocase -filter {name =~"APU*" && jtag_cable_name =~ "Xilinx TUL 1234-tulA"} -index 0
loadhw -hw C:/soc/HW2_interrupt/HW2_interrupt.sdk/design_1_wrapper_hw_platform_0/system.hdf -mem-ranges [list {0x40000000 0xbfffffff}]
configparams force-mem-access 1
targets -set -nocase -filter {name =~"APU*" && jtag_cable_name =~ "Xilinx TUL 1234-tulA"} -index 0
stop
ps7_init
ps7_post_config
targets -set -nocase -filter {name =~ "ARM*#0" && jtag_cable_name =~ "Xilinx TUL 1234-tulA"} -index 0
rst -processor
targets -set -nocase -filter {name =~ "ARM*#0" && jtag_cable_name =~ "Xilinx TUL 1234-tulA"} -index 0
dow C:/soc/HW2_interrupt/HW2_interrupt.sdk/HW2_interrupt/Debug/HW2_interrupt.elf
configparams force-mem-access 0
----------------End of Script----------------

21:05:36 INFO  : Memory regions updated for context APU
21:05:36 INFO  : Context for processor 'ps7_cortexa9_0' is selected.
21:05:36 INFO  : 'con' command is executed.
21:05:36 INFO  : ----------------XSDB Script (After Launch)----------------
targets -set -nocase -filter {name =~ "ARM*#0" && jtag_cable_name =~ "Xilinx TUL 1234-tulA"} -index 0
con
----------------End of Script----------------

21:05:36 INFO  : Launch script is exported to file 'C:\soc\HW2_interrupt\HW2_interrupt.sdk\.sdk\launch_scripts\xilinx_c-c++_application_(system_debugger)\system_debugger_using_debug_hw2_interrupt.elf_on_local.tcl'
21:06:14 INFO  : Disconnected from the channel tcfchan#17.
