22:09:51 INFO  : Registering command handlers for SDK TCF services
22:09:52 INFO  : Launching XSCT server: xsct.bat -interactive C:\soc\HW1\HW1.sdk\temp_xsdb_launch_script.tcl
22:09:55 INFO  : XSCT server has started successfully.
22:10:01 INFO  : Successfully done setting XSCT server connection channel  
22:10:01 INFO  : Successfully done setting SDK workspace  
22:10:01 INFO  : Processing command line option -hwspec C:/soc/HW1/HW1.sdk/design_1_wrapper.hdf.
22:15:10 INFO  : Connected to target on host '127.0.0.1' and port '3121'.
22:15:11 INFO  : 'targets -set -filter {jtag_cable_name =~ "Xilinx TUL 1234-tulA" && level==0} -index 1' command is executed.
22:15:13 INFO  : FPGA configured successfully with bitstream "C:/soc/HW1/HW1.sdk/design_1_wrapper_hw_platform_0/design_1_wrapper.bit"
22:15:21 INFO  : 'targets -set -filter {jtag_cable_name =~ "Xilinx TUL 1234-tulA" && level==0} -index 1' command is executed.
22:15:21 INFO  : 'fpga -state' command is executed.
22:15:21 INFO  : Connected to target on host '127.0.0.1' and port '3121'.
22:15:21 INFO  : Jtag cable 'Xilinx TUL 1234-tulA' is selected.
22:15:21 INFO  : 'jtag frequency' command is executed.
22:15:21 INFO  : Sourcing of 'C:/soc/HW1/HW1.sdk/design_1_wrapper_hw_platform_0/ps7_init.tcl' is done.
22:15:21 INFO  : Context for 'APU' is selected.
22:15:21 INFO  : Hardware design information is loaded from 'C:/soc/HW1/HW1.sdk/design_1_wrapper_hw_platform_0/system.hdf'.
22:15:21 INFO  : 'configparams force-mem-access 1' command is executed.
22:15:21 INFO  : Context for 'APU' is selected.
22:15:21 INFO  : 'stop' command is executed.
22:15:22 INFO  : 'ps7_init' command is executed.
22:15:22 INFO  : 'ps7_post_config' command is executed.
22:15:22 INFO  : Context for processor 'ps7_cortexa9_0' is selected.
22:15:22 INFO  : Processor reset is completed for 'ps7_cortexa9_0'.
22:15:22 INFO  : Context for processor 'ps7_cortexa9_0' is selected.
22:15:23 INFO  : The application 'C:/soc/HW1/HW1.sdk/led/Debug/led.elf' is downloaded to processor 'ps7_cortexa9_0'.
22:15:23 INFO  : 'configparams force-mem-access 0' command is executed.
22:15:23 INFO  : ----------------XSDB Script----------------
connect -url tcp:127.0.0.1:3121
source C:/soc/HW1/HW1.sdk/design_1_wrapper_hw_platform_0/ps7_init.tcl
targets -set -nocase -filter {name =~"APU*" && jtag_cable_name =~ "Xilinx TUL 1234-tulA"} -index 0
loadhw -hw C:/soc/HW1/HW1.sdk/design_1_wrapper_hw_platform_0/system.hdf -mem-ranges [list {0x40000000 0xbfffffff}]
configparams force-mem-access 1
targets -set -nocase -filter {name =~"APU*" && jtag_cable_name =~ "Xilinx TUL 1234-tulA"} -index 0
stop
ps7_init
ps7_post_config
targets -set -nocase -filter {name =~ "ARM*#0" && jtag_cable_name =~ "Xilinx TUL 1234-tulA"} -index 0
rst -processor
targets -set -nocase -filter {name =~ "ARM*#0" && jtag_cable_name =~ "Xilinx TUL 1234-tulA"} -index 0
dow C:/soc/HW1/HW1.sdk/led/Debug/led.elf
configparams force-mem-access 0
----------------End of Script----------------

22:15:23 INFO  : Memory regions updated for context APU
22:15:23 INFO  : Context for processor 'ps7_cortexa9_0' is selected.
22:15:23 INFO  : 'con' command is executed.
22:15:23 INFO  : ----------------XSDB Script (After Launch)----------------
targets -set -nocase -filter {name =~ "ARM*#0" && jtag_cable_name =~ "Xilinx TUL 1234-tulA"} -index 0
con
----------------End of Script----------------

22:15:23 INFO  : Launch script is exported to file 'C:\soc\HW1\HW1.sdk\.sdk\launch_scripts\xilinx_c-c++_application_(system_debugger)\system_debugger_using_debug_led.elf_on_local.tcl'
22:16:29 INFO  : Disconnected from the channel tcfchan#1.
22:16:30 INFO  : 'targets -set -filter {jtag_cable_name =~ "Xilinx TUL 1234-tulA" && level==0} -index 1' command is executed.
22:16:30 INFO  : 'fpga -state' command is executed.
22:16:30 INFO  : Connected to target on host '127.0.0.1' and port '3121'.
22:16:30 INFO  : Jtag cable 'Xilinx TUL 1234-tulA' is selected.
22:16:30 INFO  : 'jtag frequency' command is executed.
22:16:30 INFO  : Sourcing of 'C:/soc/HW1/HW1.sdk/design_1_wrapper_hw_platform_0/ps7_init.tcl' is done.
22:16:30 INFO  : Context for 'APU' is selected.
22:16:32 INFO  : Hardware design information is loaded from 'C:/soc/HW1/HW1.sdk/design_1_wrapper_hw_platform_0/system.hdf'.
22:16:32 INFO  : 'configparams force-mem-access 1' command is executed.
22:16:32 INFO  : Context for 'APU' is selected.
22:16:32 INFO  : 'stop' command is executed.
22:16:36 INFO  : 'ps7_init' command is executed.
22:16:36 INFO  : 'ps7_post_config' command is executed.
22:16:36 INFO  : Context for processor 'ps7_cortexa9_0' is selected.
22:16:36 INFO  : Processor reset is completed for 'ps7_cortexa9_0'.
22:16:36 INFO  : Context for processor 'ps7_cortexa9_0' is selected.
22:16:39 ERROR : Memory write error at 0x100000. APB AP transaction error, DAP status f0000021
22:16:39 INFO  : ----------------XSDB Script----------------
connect -url tcp:127.0.0.1:3121
source C:/soc/HW1/HW1.sdk/design_1_wrapper_hw_platform_0/ps7_init.tcl
targets -set -nocase -filter {name =~"APU*" && jtag_cable_name =~ "Xilinx TUL 1234-tulA"} -index 0
loadhw -hw C:/soc/HW1/HW1.sdk/design_1_wrapper_hw_platform_0/system.hdf -mem-ranges [list {0x40000000 0xbfffffff}]
configparams force-mem-access 1
targets -set -nocase -filter {name =~"APU*" && jtag_cable_name =~ "Xilinx TUL 1234-tulA"} -index 0
stop
ps7_init
ps7_post_config
targets -set -nocase -filter {name =~ "ARM*#0" && jtag_cable_name =~ "Xilinx TUL 1234-tulA"} -index 0
rst -processor
targets -set -nocase -filter {name =~ "ARM*#0" && jtag_cable_name =~ "Xilinx TUL 1234-tulA"} -index 0
dow C:/soc/HW1/HW1.sdk/led/Debug/led.elf
----------------End of Script----------------

22:28:02 INFO  : SDK has detected change in the last modified timestamps for source hardware specification file Source:1745418448499,  Project:1745417319668
22:28:02 INFO  : Project design_1_wrapper_hw_platform_0's source hardware specification located at C:/soc/HW1/HW1.sdk/design_1_wrapper.hdf is now different from the local copy.
		 The local copy will be replaced with the source specification and your workspace will be updated.
22:28:45 INFO  : Copied contents of C:/soc/HW1/HW1.sdk/design_1_wrapper.hdf into \design_1_wrapper_hw_platform_0\system.hdf.
22:28:50 INFO  : Synchronizing projects in the workspace with the hardware platform specification changes.
22:28:52 INFO  : 
22:28:53 INFO  : Updating hardware inferred compiler options for led.
22:28:53 INFO  : Clearing existing target manager status.
22:28:53 INFO  : Closing and re-opening the MSS file of ther project led_bsp
22:28:54 INFO  : Closing and re-opening the MSS file of ther project led_bsp
22:28:54 INFO  : Workspace synchronized with the new hardware specification file. Cleaning dependent projects...
22:28:56 WARN  : Linker script will not be updated automatically. Users need to update it manually.
22:30:05 INFO  : Connected to target on host '127.0.0.1' and port '3121'.
22:30:05 INFO  : 'targets -set -filter {jtag_cable_name =~ "Xilinx TUL 1234-tulA" && level==0} -index 1' command is executed.
22:30:09 ERROR : fpga configuration failed. DONE PIN is not HIGH
22:30:14 INFO  : Connected to target on host '127.0.0.1' and port '3121'.
22:30:30 INFO  : Connected to target on host '127.0.0.1' and port '3121'.
22:30:30 INFO  : 'targets -set -filter {jtag_cable_name =~ "Xilinx TUL 1234-tulA" && level==0} -index 1' command is executed.
22:30:32 INFO  : FPGA configured successfully with bitstream "C:/soc/HW1/HW1.sdk/design_1_wrapper_hw_platform_0/design_1_wrapper.bit"
22:30:38 INFO  : 'targets -set -filter {jtag_cable_name =~ "Xilinx TUL 1234-tulA" && level==0} -index 1' command is executed.
22:30:38 INFO  : 'fpga -state' command is executed.
22:30:38 INFO  : Connected to target on host '127.0.0.1' and port '3121'.
22:30:39 INFO  : Jtag cable 'Xilinx TUL 1234-tulA' is selected.
22:30:39 INFO  : 'jtag frequency' command is executed.
22:30:39 INFO  : Sourcing of 'C:/soc/HW1/HW1.sdk/design_1_wrapper_hw_platform_0/ps7_init.tcl' is done.
22:30:39 INFO  : Context for 'APU' is selected.
22:30:39 INFO  : Hardware design information is loaded from 'C:/soc/HW1/HW1.sdk/design_1_wrapper_hw_platform_0/system.hdf'.
22:30:39 INFO  : 'configparams force-mem-access 1' command is executed.
22:30:39 INFO  : Context for 'APU' is selected.
22:30:39 INFO  : 'stop' command is executed.
22:30:40 INFO  : 'ps7_init' command is executed.
22:30:40 INFO  : 'ps7_post_config' command is executed.
22:30:40 INFO  : Context for processor 'ps7_cortexa9_0' is selected.
22:30:40 INFO  : Processor reset is completed for 'ps7_cortexa9_0'.
22:30:40 INFO  : Context for processor 'ps7_cortexa9_0' is selected.
22:30:40 INFO  : The application 'C:/soc/HW1/HW1.sdk/led/Debug/led.elf' is downloaded to processor 'ps7_cortexa9_0'.
22:30:40 INFO  : 'configparams force-mem-access 0' command is executed.
22:30:40 INFO  : ----------------XSDB Script----------------
connect -url tcp:127.0.0.1:3121
source C:/soc/HW1/HW1.sdk/design_1_wrapper_hw_platform_0/ps7_init.tcl
targets -set -nocase -filter {name =~"APU*" && jtag_cable_name =~ "Xilinx TUL 1234-tulA"} -index 0
loadhw -hw C:/soc/HW1/HW1.sdk/design_1_wrapper_hw_platform_0/system.hdf -mem-ranges [list {0x40000000 0xbfffffff}]
configparams force-mem-access 1
targets -set -nocase -filter {name =~"APU*" && jtag_cable_name =~ "Xilinx TUL 1234-tulA"} -index 0
stop
ps7_init
ps7_post_config
targets -set -nocase -filter {name =~ "ARM*#0" && jtag_cable_name =~ "Xilinx TUL 1234-tulA"} -index 0
rst -processor
targets -set -nocase -filter {name =~ "ARM*#0" && jtag_cable_name =~ "Xilinx TUL 1234-tulA"} -index 0
dow C:/soc/HW1/HW1.sdk/led/Debug/led.elf
configparams force-mem-access 0
----------------End of Script----------------

22:30:40 INFO  : Memory regions updated for context APU
22:30:40 INFO  : Context for processor 'ps7_cortexa9_0' is selected.
22:30:40 INFO  : 'con' command is executed.
22:30:40 INFO  : ----------------XSDB Script (After Launch)----------------
targets -set -nocase -filter {name =~ "ARM*#0" && jtag_cable_name =~ "Xilinx TUL 1234-tulA"} -index 0
con
----------------End of Script----------------

22:30:40 INFO  : Launch script is exported to file 'C:\soc\HW1\HW1.sdk\.sdk\launch_scripts\xilinx_c-c++_application_(system_debugger)\system_debugger_using_debug_led.elf_on_local.tcl'
23:12:45 INFO  : SDK has detected change in the last modified timestamps for source hardware specification file Source:1745421150156,  Project:1745418448499
23:12:45 INFO  : Project design_1_wrapper_hw_platform_0's source hardware specification located at C:/soc/HW1/HW1.sdk/design_1_wrapper.hdf is now different from the local copy.
		 The local copy will be replaced with the source specification and your workspace will be updated.
23:12:48 INFO  : Copied contents of C:/soc/HW1/HW1.sdk/design_1_wrapper.hdf into \design_1_wrapper_hw_platform_0\system.hdf.
23:12:52 INFO  : Synchronizing projects in the workspace with the hardware platform specification changes.
23:12:54 INFO  : 
23:12:54 INFO  : Updating hardware inferred compiler options for led.
23:12:54 INFO  : Clearing existing target manager status.
23:12:54 INFO  : Closing and re-opening the MSS file of ther project led_bsp
23:12:55 INFO  : Closing and re-opening the MSS file of ther project led_bsp
23:12:55 INFO  : Workspace synchronized with the new hardware specification file. Cleaning dependent projects...
23:12:56 WARN  : Linker script will not be updated automatically. Users need to update it manually.
23:14:28 INFO  : Connected to target on host '127.0.0.1' and port '3121'.
23:14:42 INFO  : Connected to target on host '127.0.0.1' and port '3121'.
23:14:42 INFO  : 'targets -set -filter {jtag_cable_name =~ "Xilinx TUL 1234-tulA" && level==0} -index 1' command is executed.
23:14:44 INFO  : FPGA configured successfully with bitstream "C:/soc/HW1/HW1.sdk/design_1_wrapper_hw_platform_0/design_1_wrapper.bit"
23:15:00 INFO  : Disconnected from the channel tcfchan#2.
23:15:01 INFO  : 'targets -set -filter {jtag_cable_name =~ "Xilinx TUL 1234-tulA" && level==0} -index 1' command is executed.
23:15:01 INFO  : 'fpga -state' command is executed.
23:15:01 INFO  : Connected to target on host '127.0.0.1' and port '3121'.
23:15:02 INFO  : Jtag cable 'Xilinx TUL 1234-tulA' is selected.
23:15:02 INFO  : 'jtag frequency' command is executed.
23:15:02 INFO  : Sourcing of 'C:/soc/HW1/HW1.sdk/design_1_wrapper_hw_platform_0/ps7_init.tcl' is done.
23:15:02 INFO  : Context for 'APU' is selected.
23:15:02 INFO  : Hardware design information is loaded from 'C:/soc/HW1/HW1.sdk/design_1_wrapper_hw_platform_0/system.hdf'.
23:15:02 INFO  : 'configparams force-mem-access 1' command is executed.
23:15:02 INFO  : Context for 'APU' is selected.
23:15:02 INFO  : 'stop' command is executed.
23:15:02 INFO  : 'ps7_init' command is executed.
23:15:02 INFO  : 'ps7_post_config' command is executed.
23:15:02 INFO  : Context for processor 'ps7_cortexa9_0' is selected.
23:15:02 INFO  : Processor reset is completed for 'ps7_cortexa9_0'.
23:15:02 INFO  : Context for processor 'ps7_cortexa9_0' is selected.
23:15:02 INFO  : The application 'C:/soc/HW1/HW1.sdk/led/Debug/led.elf' is downloaded to processor 'ps7_cortexa9_0'.
23:15:02 INFO  : 'configparams force-mem-access 0' command is executed.
23:15:02 INFO  : ----------------XSDB Script----------------
connect -url tcp:127.0.0.1:3121
source C:/soc/HW1/HW1.sdk/design_1_wrapper_hw_platform_0/ps7_init.tcl
targets -set -nocase -filter {name =~"APU*" && jtag_cable_name =~ "Xilinx TUL 1234-tulA"} -index 0
loadhw -hw C:/soc/HW1/HW1.sdk/design_1_wrapper_hw_platform_0/system.hdf -mem-ranges [list {0x40000000 0xbfffffff}]
configparams force-mem-access 1
targets -set -nocase -filter {name =~"APU*" && jtag_cable_name =~ "Xilinx TUL 1234-tulA"} -index 0
stop
ps7_init
ps7_post_config
targets -set -nocase -filter {name =~ "ARM*#0" && jtag_cable_name =~ "Xilinx TUL 1234-tulA"} -index 0
rst -processor
targets -set -nocase -filter {name =~ "ARM*#0" && jtag_cable_name =~ "Xilinx TUL 1234-tulA"} -index 0
dow C:/soc/HW1/HW1.sdk/led/Debug/led.elf
configparams force-mem-access 0
----------------End of Script----------------

23:15:02 INFO  : Memory regions updated for context APU
23:15:03 INFO  : Context for processor 'ps7_cortexa9_0' is selected.
23:15:03 INFO  : 'con' command is executed.
23:15:03 INFO  : ----------------XSDB Script (After Launch)----------------
targets -set -nocase -filter {name =~ "ARM*#0" && jtag_cable_name =~ "Xilinx TUL 1234-tulA"} -index 0
con
----------------End of Script----------------

23:15:03 INFO  : Launch script is exported to file 'C:\soc\HW1\HW1.sdk\.sdk\launch_scripts\xilinx_c-c++_application_(system_debugger)\system_debugger_using_debug_led.elf_on_local.tcl'
23:26:48 INFO  : SDK has detected change in the last modified timestamps for source hardware specification file Source:1745421979719,  Project:1745421150156
23:26:48 INFO  : Project design_1_wrapper_hw_platform_0's source hardware specification located at C:/soc/HW1/HW1.sdk/design_1_wrapper.hdf is now different from the local copy.
		 The local copy will be replaced with the source specification and your workspace will be updated.
23:27:31 INFO  : Copied contents of C:/soc/HW1/HW1.sdk/design_1_wrapper.hdf into \design_1_wrapper_hw_platform_0\system.hdf.
23:27:35 INFO  : Synchronizing projects in the workspace with the hardware platform specification changes.
23:27:37 INFO  : 
23:27:38 INFO  : Updating hardware inferred compiler options for led.
23:27:38 INFO  : Clearing existing target manager status.
23:27:38 INFO  : Closing and re-opening the MSS file of ther project led_bsp
23:27:38 INFO  : Closing and re-opening the MSS file of ther project led_bsp
23:27:39 INFO  : Workspace synchronized with the new hardware specification file. Cleaning dependent projects...
23:27:40 WARN  : Linker script will not be updated automatically. Users need to update it manually.
23:28:48 INFO  : Disconnected from the channel tcfchan#3.
23:28:50 INFO  : 'targets -set -filter {jtag_cable_name =~ "Xilinx TUL 1234-tulA" && level==0} -index 1' command is executed.
23:28:50 INFO  : 'fpga -state' command is executed.
23:28:50 INFO  : Connected to target on host '127.0.0.1' and port '3121'.
23:28:50 INFO  : Jtag cable 'Xilinx TUL 1234-tulA' is selected.
23:28:50 INFO  : 'jtag frequency' command is executed.
23:28:50 INFO  : Sourcing of 'C:/soc/HW1/HW1.sdk/design_1_wrapper_hw_platform_0/ps7_init.tcl' is done.
23:28:50 INFO  : Context for 'APU' is selected.
23:28:50 INFO  : Hardware design information is loaded from 'C:/soc/HW1/HW1.sdk/design_1_wrapper_hw_platform_0/system.hdf'.
23:28:50 INFO  : 'configparams force-mem-access 1' command is executed.
23:28:50 INFO  : Context for 'APU' is selected.
23:28:50 INFO  : 'stop' command is executed.
23:28:50 INFO  : 'ps7_init' command is executed.
23:28:50 INFO  : 'ps7_post_config' command is executed.
23:28:50 INFO  : Context for processor 'ps7_cortexa9_0' is selected.
23:28:50 INFO  : Processor reset is completed for 'ps7_cortexa9_0'.
23:28:50 INFO  : Context for processor 'ps7_cortexa9_0' is selected.
23:28:50 INFO  : The application 'C:/soc/HW1/HW1.sdk/led/Debug/led.elf' is downloaded to processor 'ps7_cortexa9_0'.
23:28:50 INFO  : 'configparams force-mem-access 0' command is executed.
23:28:50 INFO  : ----------------XSDB Script----------------
connect -url tcp:127.0.0.1:3121
source C:/soc/HW1/HW1.sdk/design_1_wrapper_hw_platform_0/ps7_init.tcl
targets -set -nocase -filter {name =~"APU*" && jtag_cable_name =~ "Xilinx TUL 1234-tulA"} -index 0
loadhw -hw C:/soc/HW1/HW1.sdk/design_1_wrapper_hw_platform_0/system.hdf -mem-ranges [list {0x40000000 0xbfffffff}]
configparams force-mem-access 1
targets -set -nocase -filter {name =~"APU*" && jtag_cable_name =~ "Xilinx TUL 1234-tulA"} -index 0
stop
ps7_init
ps7_post_config
targets -set -nocase -filter {name =~ "ARM*#0" && jtag_cable_name =~ "Xilinx TUL 1234-tulA"} -index 0
rst -processor
targets -set -nocase -filter {name =~ "ARM*#0" && jtag_cable_name =~ "Xilinx TUL 1234-tulA"} -index 0
dow C:/soc/HW1/HW1.sdk/led/Debug/led.elf
configparams force-mem-access 0
----------------End of Script----------------

23:28:50 INFO  : Memory regions updated for context APU
23:28:51 INFO  : Context for processor 'ps7_cortexa9_0' is selected.
23:28:51 INFO  : 'con' command is executed.
23:28:51 INFO  : ----------------XSDB Script (After Launch)----------------
targets -set -nocase -filter {name =~ "ARM*#0" && jtag_cable_name =~ "Xilinx TUL 1234-tulA"} -index 0
con
----------------End of Script----------------

23:28:51 INFO  : Launch script is exported to file 'C:\soc\HW1\HW1.sdk\.sdk\launch_scripts\xilinx_c-c++_application_(system_debugger)\system_debugger_using_debug_led.elf_on_local.tcl'
23:36:36 INFO  : SDK has detected change in the last modified timestamps for source hardware specification file Source:1745422582168,  Project:1745421979719
23:36:36 INFO  : Project design_1_wrapper_hw_platform_0's source hardware specification located at C:/soc/HW1/HW1.sdk/design_1_wrapper.hdf is now different from the local copy.
		 The local copy will be replaced with the source specification and your workspace will be updated.
23:36:47 INFO  : Copied contents of C:/soc/HW1/HW1.sdk/design_1_wrapper.hdf into \design_1_wrapper_hw_platform_0\system.hdf.
23:36:49 INFO  : Synchronizing projects in the workspace with the hardware platform specification changes.
23:36:51 INFO  : 
23:36:52 INFO  : Updating hardware inferred compiler options for led.
23:36:52 INFO  : Clearing existing target manager status.
23:36:52 INFO  : Closing and re-opening the MSS file of ther project led_bsp
23:36:53 INFO  : Closing and re-opening the MSS file of ther project led_bsp
23:36:53 INFO  : Workspace synchronized with the new hardware specification file. Cleaning dependent projects...
23:36:54 WARN  : Linker script will not be updated automatically. Users need to update it manually.
23:37:50 INFO  : Disconnected from the channel tcfchan#4.
23:37:51 INFO  : 'targets -set -filter {jtag_cable_name =~ "Xilinx TUL 1234-tulA" && level==0} -index 1' command is executed.
23:37:52 INFO  : 'fpga -state' command is executed.
23:37:52 INFO  : Connected to target on host '127.0.0.1' and port '3121'.
23:37:52 INFO  : Jtag cable 'Xilinx TUL 1234-tulA' is selected.
23:37:52 INFO  : 'jtag frequency' command is executed.
23:37:52 INFO  : Sourcing of 'C:/soc/HW1/HW1.sdk/design_1_wrapper_hw_platform_0/ps7_init.tcl' is done.
23:37:52 INFO  : Context for 'APU' is selected.
23:37:52 INFO  : Hardware design information is loaded from 'C:/soc/HW1/HW1.sdk/design_1_wrapper_hw_platform_0/system.hdf'.
23:37:52 INFO  : 'configparams force-mem-access 1' command is executed.
23:37:52 INFO  : Context for 'APU' is selected.
23:37:52 INFO  : 'stop' command is executed.
23:37:52 INFO  : 'ps7_init' command is executed.
23:37:52 INFO  : 'ps7_post_config' command is executed.
23:37:52 INFO  : Context for processor 'ps7_cortexa9_0' is selected.
23:37:52 INFO  : Processor reset is completed for 'ps7_cortexa9_0'.
23:37:52 INFO  : Context for processor 'ps7_cortexa9_0' is selected.
23:37:52 INFO  : The application 'C:/soc/HW1/HW1.sdk/led/Debug/led.elf' is downloaded to processor 'ps7_cortexa9_0'.
23:37:52 INFO  : 'configparams force-mem-access 0' command is executed.
23:37:52 INFO  : ----------------XSDB Script----------------
connect -url tcp:127.0.0.1:3121
source C:/soc/HW1/HW1.sdk/design_1_wrapper_hw_platform_0/ps7_init.tcl
targets -set -nocase -filter {name =~"APU*" && jtag_cable_name =~ "Xilinx TUL 1234-tulA"} -index 0
loadhw -hw C:/soc/HW1/HW1.sdk/design_1_wrapper_hw_platform_0/system.hdf -mem-ranges [list {0x40000000 0xbfffffff}]
configparams force-mem-access 1
targets -set -nocase -filter {name =~"APU*" && jtag_cable_name =~ "Xilinx TUL 1234-tulA"} -index 0
stop
ps7_init
ps7_post_config
targets -set -nocase -filter {name =~ "ARM*#0" && jtag_cable_name =~ "Xilinx TUL 1234-tulA"} -index 0
rst -processor
targets -set -nocase -filter {name =~ "ARM*#0" && jtag_cable_name =~ "Xilinx TUL 1234-tulA"} -index 0
dow C:/soc/HW1/HW1.sdk/led/Debug/led.elf
configparams force-mem-access 0
----------------End of Script----------------

23:37:52 INFO  : Memory regions updated for context APU
23:37:52 INFO  : Context for processor 'ps7_cortexa9_0' is selected.
23:37:52 INFO  : 'con' command is executed.
23:37:52 INFO  : ----------------XSDB Script (After Launch)----------------
targets -set -nocase -filter {name =~ "ARM*#0" && jtag_cable_name =~ "Xilinx TUL 1234-tulA"} -index 0
con
----------------End of Script----------------

23:37:52 INFO  : Launch script is exported to file 'C:\soc\HW1\HW1.sdk\.sdk\launch_scripts\xilinx_c-c++_application_(system_debugger)\system_debugger_using_debug_led.elf_on_local.tcl'
23:38:08 INFO  : Disconnected from the channel tcfchan#5.
23:38:09 INFO  : 'targets -set -filter {jtag_cable_name =~ "Xilinx TUL 1234-tulA" && level==0} -index 1' command is executed.
23:38:09 INFO  : 'fpga -state' command is executed.
23:38:09 INFO  : Connected to target on host '127.0.0.1' and port '3121'.
23:38:10 INFO  : Jtag cable 'Xilinx TUL 1234-tulA' is selected.
23:38:10 INFO  : 'jtag frequency' command is executed.
23:38:10 INFO  : Sourcing of 'C:/soc/HW1/HW1.sdk/design_1_wrapper_hw_platform_0/ps7_init.tcl' is done.
23:38:10 INFO  : Context for 'APU' is selected.
23:38:10 INFO  : Hardware design information is loaded from 'C:/soc/HW1/HW1.sdk/design_1_wrapper_hw_platform_0/system.hdf'.
23:38:10 INFO  : 'configparams force-mem-access 1' command is executed.
23:38:10 INFO  : Context for 'APU' is selected.
23:38:10 INFO  : 'stop' command is executed.
23:38:10 INFO  : 'ps7_init' command is executed.
23:38:10 INFO  : 'ps7_post_config' command is executed.
23:38:10 INFO  : Context for processor 'ps7_cortexa9_0' is selected.
23:38:10 INFO  : Processor reset is completed for 'ps7_cortexa9_0'.
23:38:10 INFO  : Context for processor 'ps7_cortexa9_0' is selected.
23:38:10 INFO  : The application 'C:/soc/HW1/HW1.sdk/led/Debug/led.elf' is downloaded to processor 'ps7_cortexa9_0'.
23:38:10 INFO  : 'configparams force-mem-access 0' command is executed.
23:38:10 INFO  : ----------------XSDB Script----------------
connect -url tcp:127.0.0.1:3121
source C:/soc/HW1/HW1.sdk/design_1_wrapper_hw_platform_0/ps7_init.tcl
targets -set -nocase -filter {name =~"APU*" && jtag_cable_name =~ "Xilinx TUL 1234-tulA"} -index 0
loadhw -hw C:/soc/HW1/HW1.sdk/design_1_wrapper_hw_platform_0/system.hdf -mem-ranges [list {0x40000000 0xbfffffff}]
configparams force-mem-access 1
targets -set -nocase -filter {name =~"APU*" && jtag_cable_name =~ "Xilinx TUL 1234-tulA"} -index 0
stop
ps7_init
ps7_post_config
targets -set -nocase -filter {name =~ "ARM*#0" && jtag_cable_name =~ "Xilinx TUL 1234-tulA"} -index 0
rst -processor
targets -set -nocase -filter {name =~ "ARM*#0" && jtag_cable_name =~ "Xilinx TUL 1234-tulA"} -index 0
dow C:/soc/HW1/HW1.sdk/led/Debug/led.elf
configparams force-mem-access 0
----------------End of Script----------------

23:38:10 INFO  : Memory regions updated for context APU
23:38:10 INFO  : Context for processor 'ps7_cortexa9_0' is selected.
23:38:10 INFO  : 'con' command is executed.
23:38:10 INFO  : ----------------XSDB Script (After Launch)----------------
targets -set -nocase -filter {name =~ "ARM*#0" && jtag_cable_name =~ "Xilinx TUL 1234-tulA"} -index 0
con
----------------End of Script----------------

23:38:10 INFO  : Launch script is exported to file 'C:\soc\HW1\HW1.sdk\.sdk\launch_scripts\xilinx_c-c++_application_(system_debugger)\system_debugger_using_debug_led.elf_on_local.tcl'
23:38:34 INFO  : Disconnected from the channel tcfchan#6.
23:38:35 INFO  : 'targets -set -filter {jtag_cable_name =~ "Xilinx TUL 1234-tulA" && level==0} -index 1' command is executed.
23:38:35 INFO  : 'fpga -state' command is executed.
23:38:35 INFO  : Connected to target on host '127.0.0.1' and port '3121'.
23:38:35 INFO  : Jtag cable 'Xilinx TUL 1234-tulA' is selected.
23:38:35 INFO  : 'jtag frequency' command is executed.
23:38:35 INFO  : Sourcing of 'C:/soc/HW1/HW1.sdk/design_1_wrapper_hw_platform_0/ps7_init.tcl' is done.
23:38:35 INFO  : Context for 'APU' is selected.
23:38:35 INFO  : Hardware design information is loaded from 'C:/soc/HW1/HW1.sdk/design_1_wrapper_hw_platform_0/system.hdf'.
23:38:35 INFO  : 'configparams force-mem-access 1' command is executed.
23:38:35 INFO  : Context for 'APU' is selected.
23:38:35 INFO  : 'stop' command is executed.
23:38:35 INFO  : 'ps7_init' command is executed.
23:38:35 INFO  : 'ps7_post_config' command is executed.
23:38:35 INFO  : Context for processor 'ps7_cortexa9_0' is selected.
23:38:35 INFO  : Processor reset is completed for 'ps7_cortexa9_0'.
23:38:35 INFO  : Context for processor 'ps7_cortexa9_0' is selected.
23:38:36 INFO  : The application 'C:/soc/HW1/HW1.sdk/led/Debug/led.elf' is downloaded to processor 'ps7_cortexa9_0'.
23:38:36 INFO  : 'configparams force-mem-access 0' command is executed.
23:38:36 INFO  : ----------------XSDB Script----------------
connect -url tcp:127.0.0.1:3121
source C:/soc/HW1/HW1.sdk/design_1_wrapper_hw_platform_0/ps7_init.tcl
targets -set -nocase -filter {name =~"APU*" && jtag_cable_name =~ "Xilinx TUL 1234-tulA"} -index 0
loadhw -hw C:/soc/HW1/HW1.sdk/design_1_wrapper_hw_platform_0/system.hdf -mem-ranges [list {0x40000000 0xbfffffff}]
configparams force-mem-access 1
targets -set -nocase -filter {name =~"APU*" && jtag_cable_name =~ "Xilinx TUL 1234-tulA"} -index 0
stop
ps7_init
ps7_post_config
targets -set -nocase -filter {name =~ "ARM*#0" && jtag_cable_name =~ "Xilinx TUL 1234-tulA"} -index 0
rst -processor
targets -set -nocase -filter {name =~ "ARM*#0" && jtag_cable_name =~ "Xilinx TUL 1234-tulA"} -index 0
dow C:/soc/HW1/HW1.sdk/led/Debug/led.elf
configparams force-mem-access 0
----------------End of Script----------------

23:38:36 INFO  : Memory regions updated for context APU
23:38:36 INFO  : Context for processor 'ps7_cortexa9_0' is selected.
23:38:36 INFO  : 'con' command is executed.
23:38:36 INFO  : ----------------XSDB Script (After Launch)----------------
targets -set -nocase -filter {name =~ "ARM*#0" && jtag_cable_name =~ "Xilinx TUL 1234-tulA"} -index 0
con
----------------End of Script----------------

23:38:36 INFO  : Launch script is exported to file 'C:\soc\HW1\HW1.sdk\.sdk\launch_scripts\xilinx_c-c++_application_(system_debugger)\system_debugger_using_debug_led.elf_on_local.tcl'
23:38:54 INFO  : Disconnected from the channel tcfchan#7.
23:38:55 INFO  : 'targets -set -filter {jtag_cable_name =~ "Xilinx TUL 1234-tulA" && level==0} -index 1' command is executed.
23:38:55 INFO  : 'fpga -state' command is executed.
23:38:55 INFO  : Connected to target on host '127.0.0.1' and port '3121'.
23:38:56 INFO  : Jtag cable 'Xilinx TUL 1234-tulA' is selected.
23:38:56 INFO  : 'jtag frequency' command is executed.
23:38:56 INFO  : Sourcing of 'C:/soc/HW1/HW1.sdk/design_1_wrapper_hw_platform_0/ps7_init.tcl' is done.
23:38:56 INFO  : Context for 'APU' is selected.
23:38:56 INFO  : Hardware design information is loaded from 'C:/soc/HW1/HW1.sdk/design_1_wrapper_hw_platform_0/system.hdf'.
23:38:56 INFO  : 'configparams force-mem-access 1' command is executed.
23:38:56 INFO  : Context for 'APU' is selected.
23:38:56 INFO  : 'stop' command is executed.
23:38:56 INFO  : 'ps7_init' command is executed.
23:38:56 INFO  : 'ps7_post_config' command is executed.
23:38:56 INFO  : Context for processor 'ps7_cortexa9_0' is selected.
23:38:56 INFO  : Processor reset is completed for 'ps7_cortexa9_0'.
23:38:56 INFO  : Context for processor 'ps7_cortexa9_0' is selected.
23:38:56 INFO  : The application 'C:/soc/HW1/HW1.sdk/led/Debug/led.elf' is downloaded to processor 'ps7_cortexa9_0'.
23:38:56 INFO  : 'configparams force-mem-access 0' command is executed.
23:38:56 INFO  : ----------------XSDB Script----------------
connect -url tcp:127.0.0.1:3121
source C:/soc/HW1/HW1.sdk/design_1_wrapper_hw_platform_0/ps7_init.tcl
targets -set -nocase -filter {name =~"APU*" && jtag_cable_name =~ "Xilinx TUL 1234-tulA"} -index 0
loadhw -hw C:/soc/HW1/HW1.sdk/design_1_wrapper_hw_platform_0/system.hdf -mem-ranges [list {0x40000000 0xbfffffff}]
configparams force-mem-access 1
targets -set -nocase -filter {name =~"APU*" && jtag_cable_name =~ "Xilinx TUL 1234-tulA"} -index 0
stop
ps7_init
ps7_post_config
targets -set -nocase -filter {name =~ "ARM*#0" && jtag_cable_name =~ "Xilinx TUL 1234-tulA"} -index 0
rst -processor
targets -set -nocase -filter {name =~ "ARM*#0" && jtag_cable_name =~ "Xilinx TUL 1234-tulA"} -index 0
dow C:/soc/HW1/HW1.sdk/led/Debug/led.elf
configparams force-mem-access 0
----------------End of Script----------------

23:38:56 INFO  : Memory regions updated for context APU
23:38:56 INFO  : Context for processor 'ps7_cortexa9_0' is selected.
23:38:56 INFO  : 'con' command is executed.
23:38:56 INFO  : ----------------XSDB Script (After Launch)----------------
targets -set -nocase -filter {name =~ "ARM*#0" && jtag_cable_name =~ "Xilinx TUL 1234-tulA"} -index 0
con
----------------End of Script----------------

23:38:56 INFO  : Launch script is exported to file 'C:\soc\HW1\HW1.sdk\.sdk\launch_scripts\xilinx_c-c++_application_(system_debugger)\system_debugger_using_debug_led.elf_on_local.tcl'
23:47:07 INFO  : SDK has detected change in the last modified timestamps for source hardware specification file Source:1745423212218,  Project:1745422582168
23:47:07 INFO  : Project design_1_wrapper_hw_platform_0's source hardware specification located at C:/soc/HW1/HW1.sdk/design_1_wrapper.hdf is now different from the local copy.
		 The local copy will be replaced with the source specification and your workspace will be updated.
23:47:09 INFO  : Copied contents of C:/soc/HW1/HW1.sdk/design_1_wrapper.hdf into \design_1_wrapper_hw_platform_0\system.hdf.
23:47:13 INFO  : Synchronizing projects in the workspace with the hardware platform specification changes.
23:47:15 INFO  : 
23:47:16 INFO  : Updating hardware inferred compiler options for led.
23:47:16 INFO  : Clearing existing target manager status.
23:47:16 INFO  : Closing and re-opening the MSS file of ther project led_bsp
23:47:16 INFO  : Closing and re-opening the MSS file of ther project led_bsp
23:47:16 INFO  : Workspace synchronized with the new hardware specification file. Cleaning dependent projects...
23:47:17 WARN  : Linker script will not be updated automatically. Users need to update it manually.
23:48:06 INFO  : Disconnected from the channel tcfchan#8.
23:48:07 INFO  : 'targets -set -filter {jtag_cable_name =~ "Xilinx TUL 1234-tulA" && level==0} -index 1' command is executed.
23:48:07 INFO  : 'fpga -state' command is executed.
23:48:07 INFO  : Connected to target on host '127.0.0.1' and port '3121'.
23:48:07 INFO  : Jtag cable 'Xilinx TUL 1234-tulA' is selected.
23:48:07 INFO  : 'jtag frequency' command is executed.
23:48:07 INFO  : Sourcing of 'C:/soc/HW1/HW1.sdk/design_1_wrapper_hw_platform_0/ps7_init.tcl' is done.
23:48:07 INFO  : Context for 'APU' is selected.
23:48:07 INFO  : Hardware design information is loaded from 'C:/soc/HW1/HW1.sdk/design_1_wrapper_hw_platform_0/system.hdf'.
23:48:07 INFO  : 'configparams force-mem-access 1' command is executed.
23:48:07 INFO  : Context for 'APU' is selected.
23:48:07 INFO  : 'stop' command is executed.
23:48:07 INFO  : 'ps7_init' command is executed.
23:48:07 INFO  : 'ps7_post_config' command is executed.
23:48:07 INFO  : Context for processor 'ps7_cortexa9_0' is selected.
23:48:07 INFO  : Processor reset is completed for 'ps7_cortexa9_0'.
23:48:07 INFO  : Context for processor 'ps7_cortexa9_0' is selected.
23:48:08 INFO  : The application 'C:/soc/HW1/HW1.sdk/led/Debug/led.elf' is downloaded to processor 'ps7_cortexa9_0'.
23:48:08 INFO  : 'configparams force-mem-access 0' command is executed.
23:48:08 INFO  : ----------------XSDB Script----------------
connect -url tcp:127.0.0.1:3121
source C:/soc/HW1/HW1.sdk/design_1_wrapper_hw_platform_0/ps7_init.tcl
targets -set -nocase -filter {name =~"APU*" && jtag_cable_name =~ "Xilinx TUL 1234-tulA"} -index 0
loadhw -hw C:/soc/HW1/HW1.sdk/design_1_wrapper_hw_platform_0/system.hdf -mem-ranges [list {0x40000000 0xbfffffff}]
configparams force-mem-access 1
targets -set -nocase -filter {name =~"APU*" && jtag_cable_name =~ "Xilinx TUL 1234-tulA"} -index 0
stop
ps7_init
ps7_post_config
targets -set -nocase -filter {name =~ "ARM*#0" && jtag_cable_name =~ "Xilinx TUL 1234-tulA"} -index 0
rst -processor
targets -set -nocase -filter {name =~ "ARM*#0" && jtag_cable_name =~ "Xilinx TUL 1234-tulA"} -index 0
dow C:/soc/HW1/HW1.sdk/led/Debug/led.elf
configparams force-mem-access 0
----------------End of Script----------------

23:48:08 INFO  : Memory regions updated for context APU
23:48:08 INFO  : Context for processor 'ps7_cortexa9_0' is selected.
23:48:08 INFO  : 'con' command is executed.
23:48:08 INFO  : ----------------XSDB Script (After Launch)----------------
targets -set -nocase -filter {name =~ "ARM*#0" && jtag_cable_name =~ "Xilinx TUL 1234-tulA"} -index 0
con
----------------End of Script----------------

23:48:08 INFO  : Launch script is exported to file 'C:\soc\HW1\HW1.sdk\.sdk\launch_scripts\xilinx_c-c++_application_(system_debugger)\system_debugger_using_debug_led.elf_on_local.tcl'
23:48:14 INFO  : Connected to target on host '127.0.0.1' and port '3121'.
23:48:14 INFO  : 'targets -set -filter {jtag_cable_name =~ "Xilinx TUL 1234-tulA" && level==0} -index 1' command is executed.
23:48:17 INFO  : FPGA configured successfully with bitstream "C:/soc/HW1/HW1.sdk/design_1_wrapper_hw_platform_0/design_1_wrapper.bit"
23:48:24 INFO  : Disconnected from the channel tcfchan#9.
23:48:25 INFO  : 'targets -set -filter {jtag_cable_name =~ "Xilinx TUL 1234-tulA" && level==0} -index 1' command is executed.
23:48:25 INFO  : 'fpga -state' command is executed.
23:48:25 INFO  : Connected to target on host '127.0.0.1' and port '3121'.
23:48:25 INFO  : Jtag cable 'Xilinx TUL 1234-tulA' is selected.
23:48:25 INFO  : 'jtag frequency' command is executed.
23:48:25 INFO  : Sourcing of 'C:/soc/HW1/HW1.sdk/design_1_wrapper_hw_platform_0/ps7_init.tcl' is done.
23:48:25 INFO  : Context for 'APU' is selected.
23:48:25 INFO  : Hardware design information is loaded from 'C:/soc/HW1/HW1.sdk/design_1_wrapper_hw_platform_0/system.hdf'.
23:48:25 INFO  : 'configparams force-mem-access 1' command is executed.
23:48:25 INFO  : Context for 'APU' is selected.
23:48:25 INFO  : 'stop' command is executed.
23:48:25 INFO  : 'ps7_init' command is executed.
23:48:25 INFO  : 'ps7_post_config' command is executed.
23:48:25 INFO  : Context for processor 'ps7_cortexa9_0' is selected.
23:48:25 INFO  : Processor reset is completed for 'ps7_cortexa9_0'.
23:48:25 INFO  : Context for processor 'ps7_cortexa9_0' is selected.
23:48:25 INFO  : The application 'C:/soc/HW1/HW1.sdk/led/Debug/led.elf' is downloaded to processor 'ps7_cortexa9_0'.
23:48:25 INFO  : 'configparams force-mem-access 0' command is executed.
23:48:25 INFO  : ----------------XSDB Script----------------
connect -url tcp:127.0.0.1:3121
source C:/soc/HW1/HW1.sdk/design_1_wrapper_hw_platform_0/ps7_init.tcl
targets -set -nocase -filter {name =~"APU*" && jtag_cable_name =~ "Xilinx TUL 1234-tulA"} -index 0
loadhw -hw C:/soc/HW1/HW1.sdk/design_1_wrapper_hw_platform_0/system.hdf -mem-ranges [list {0x40000000 0xbfffffff}]
configparams force-mem-access 1
targets -set -nocase -filter {name =~"APU*" && jtag_cable_name =~ "Xilinx TUL 1234-tulA"} -index 0
stop
ps7_init
ps7_post_config
targets -set -nocase -filter {name =~ "ARM*#0" && jtag_cable_name =~ "Xilinx TUL 1234-tulA"} -index 0
rst -processor
targets -set -nocase -filter {name =~ "ARM*#0" && jtag_cable_name =~ "Xilinx TUL 1234-tulA"} -index 0
dow C:/soc/HW1/HW1.sdk/led/Debug/led.elf
configparams force-mem-access 0
----------------End of Script----------------

23:48:26 INFO  : Memory regions updated for context APU
23:48:26 INFO  : Context for processor 'ps7_cortexa9_0' is selected.
23:48:26 INFO  : 'con' command is executed.
23:48:26 INFO  : ----------------XSDB Script (After Launch)----------------
targets -set -nocase -filter {name =~ "ARM*#0" && jtag_cable_name =~ "Xilinx TUL 1234-tulA"} -index 0
con
----------------End of Script----------------

23:48:26 INFO  : Launch script is exported to file 'C:\soc\HW1\HW1.sdk\.sdk\launch_scripts\xilinx_c-c++_application_(system_debugger)\system_debugger_using_debug_led.elf_on_local.tcl'
23:49:42 INFO  : Disconnected from the channel tcfchan#10.
23:49:43 INFO  : 'targets -set -filter {jtag_cable_name =~ "Xilinx TUL 1234-tulA" && level==0} -index 1' command is executed.
23:49:43 INFO  : 'fpga -state' command is executed.
23:49:43 INFO  : Connected to target on host '127.0.0.1' and port '3121'.
23:49:43 INFO  : Jtag cable 'Xilinx TUL 1234-tulA' is selected.
23:49:43 INFO  : 'jtag frequency' command is executed.
23:49:43 INFO  : Sourcing of 'C:/soc/HW1/HW1.sdk/design_1_wrapper_hw_platform_0/ps7_init.tcl' is done.
23:49:43 INFO  : Context for 'APU' is selected.
23:49:43 INFO  : Hardware design information is loaded from 'C:/soc/HW1/HW1.sdk/design_1_wrapper_hw_platform_0/system.hdf'.
23:49:43 INFO  : 'configparams force-mem-access 1' command is executed.
23:49:43 INFO  : Context for 'APU' is selected.
23:49:44 INFO  : 'stop' command is executed.
23:49:44 INFO  : 'ps7_init' command is executed.
23:49:44 INFO  : 'ps7_post_config' command is executed.
23:49:44 INFO  : Context for processor 'ps7_cortexa9_0' is selected.
23:49:44 INFO  : Processor reset is completed for 'ps7_cortexa9_0'.
23:49:44 INFO  : Context for processor 'ps7_cortexa9_0' is selected.
23:49:44 INFO  : The application 'C:/soc/HW1/HW1.sdk/led/Debug/led.elf' is downloaded to processor 'ps7_cortexa9_0'.
23:49:44 INFO  : 'configparams force-mem-access 0' command is executed.
23:49:44 INFO  : ----------------XSDB Script----------------
connect -url tcp:127.0.0.1:3121
source C:/soc/HW1/HW1.sdk/design_1_wrapper_hw_platform_0/ps7_init.tcl
targets -set -nocase -filter {name =~"APU*" && jtag_cable_name =~ "Xilinx TUL 1234-tulA"} -index 0
loadhw -hw C:/soc/HW1/HW1.sdk/design_1_wrapper_hw_platform_0/system.hdf -mem-ranges [list {0x40000000 0xbfffffff}]
configparams force-mem-access 1
targets -set -nocase -filter {name =~"APU*" && jtag_cable_name =~ "Xilinx TUL 1234-tulA"} -index 0
stop
ps7_init
ps7_post_config
targets -set -nocase -filter {name =~ "ARM*#0" && jtag_cable_name =~ "Xilinx TUL 1234-tulA"} -index 0
rst -processor
targets -set -nocase -filter {name =~ "ARM*#0" && jtag_cable_name =~ "Xilinx TUL 1234-tulA"} -index 0
dow C:/soc/HW1/HW1.sdk/led/Debug/led.elf
configparams force-mem-access 0
----------------End of Script----------------

23:49:44 INFO  : Memory regions updated for context APU
23:49:44 INFO  : Context for processor 'ps7_cortexa9_0' is selected.
23:49:44 INFO  : 'con' command is executed.
23:49:44 INFO  : ----------------XSDB Script (After Launch)----------------
targets -set -nocase -filter {name =~ "ARM*#0" && jtag_cable_name =~ "Xilinx TUL 1234-tulA"} -index 0
con
----------------End of Script----------------

23:49:44 INFO  : Launch script is exported to file 'C:\soc\HW1\HW1.sdk\.sdk\launch_scripts\xilinx_c-c++_application_(system_debugger)\system_debugger_using_debug_led.elf_on_local.tcl'
23:49:57 INFO  : Connected to target on host '127.0.0.1' and port '3121'.
23:49:57 INFO  : 'targets -set -filter {jtag_cable_name =~ "Xilinx TUL 1234-tulA" && level==0} -index 1' command is executed.
23:49:59 INFO  : FPGA configured successfully with bitstream "C:/soc/HW1/HW1.sdk/design_1_wrapper_hw_platform_0/design_1_wrapper.bit"
23:50:10 INFO  : Disconnected from the channel tcfchan#11.
23:50:11 INFO  : 'targets -set -filter {jtag_cable_name =~ "Xilinx TUL 1234-tulA" && level==0} -index 1' command is executed.
23:50:11 INFO  : 'fpga -state' command is executed.
23:50:11 INFO  : Connected to target on host '127.0.0.1' and port '3121'.
23:50:12 INFO  : Jtag cable 'Xilinx TUL 1234-tulA' is selected.
23:50:12 INFO  : 'jtag frequency' command is executed.
23:50:12 INFO  : Sourcing of 'C:/soc/HW1/HW1.sdk/design_1_wrapper_hw_platform_0/ps7_init.tcl' is done.
23:50:12 INFO  : Context for 'APU' is selected.
23:50:12 INFO  : Hardware design information is loaded from 'C:/soc/HW1/HW1.sdk/design_1_wrapper_hw_platform_0/system.hdf'.
23:50:12 INFO  : 'configparams force-mem-access 1' command is executed.
23:50:12 INFO  : Context for 'APU' is selected.
23:50:12 INFO  : 'stop' command is executed.
23:50:12 INFO  : 'ps7_init' command is executed.
23:50:12 INFO  : 'ps7_post_config' command is executed.
23:50:12 INFO  : Context for processor 'ps7_cortexa9_0' is selected.
23:50:12 INFO  : Processor reset is completed for 'ps7_cortexa9_0'.
23:50:12 INFO  : Context for processor 'ps7_cortexa9_0' is selected.
23:50:12 INFO  : The application 'C:/soc/HW1/HW1.sdk/led/Debug/led.elf' is downloaded to processor 'ps7_cortexa9_0'.
23:50:12 INFO  : 'configparams force-mem-access 0' command is executed.
23:50:12 INFO  : ----------------XSDB Script----------------
connect -url tcp:127.0.0.1:3121
source C:/soc/HW1/HW1.sdk/design_1_wrapper_hw_platform_0/ps7_init.tcl
targets -set -nocase -filter {name =~"APU*" && jtag_cable_name =~ "Xilinx TUL 1234-tulA"} -index 0
loadhw -hw C:/soc/HW1/HW1.sdk/design_1_wrapper_hw_platform_0/system.hdf -mem-ranges [list {0x40000000 0xbfffffff}]
configparams force-mem-access 1
targets -set -nocase -filter {name =~"APU*" && jtag_cable_name =~ "Xilinx TUL 1234-tulA"} -index 0
stop
ps7_init
ps7_post_config
targets -set -nocase -filter {name =~ "ARM*#0" && jtag_cable_name =~ "Xilinx TUL 1234-tulA"} -index 0
rst -processor
targets -set -nocase -filter {name =~ "ARM*#0" && jtag_cable_name =~ "Xilinx TUL 1234-tulA"} -index 0
dow C:/soc/HW1/HW1.sdk/led/Debug/led.elf
configparams force-mem-access 0
----------------End of Script----------------

23:50:12 INFO  : Memory regions updated for context APU
23:50:12 INFO  : Context for processor 'ps7_cortexa9_0' is selected.
23:50:12 INFO  : 'con' command is executed.
23:50:12 INFO  : ----------------XSDB Script (After Launch)----------------
targets -set -nocase -filter {name =~ "ARM*#0" && jtag_cable_name =~ "Xilinx TUL 1234-tulA"} -index 0
con
----------------End of Script----------------

23:50:12 INFO  : Launch script is exported to file 'C:\soc\HW1\HW1.sdk\.sdk\launch_scripts\xilinx_c-c++_application_(system_debugger)\system_debugger_using_debug_led.elf_on_local.tcl'
23:50:43 INFO  : Disconnected from the channel tcfchan#12.
23:50:44 INFO  : 'targets -set -filter {jtag_cable_name =~ "Xilinx TUL 1234-tulA" && level==0} -index 1' command is executed.
23:50:44 INFO  : 'fpga -state' command is executed.
23:50:44 INFO  : Connected to target on host '127.0.0.1' and port '3121'.
23:50:44 INFO  : Jtag cable 'Xilinx TUL 1234-tulA' is selected.
23:50:44 INFO  : 'jtag frequency' command is executed.
23:50:44 INFO  : Sourcing of 'C:/soc/HW1/HW1.sdk/design_1_wrapper_hw_platform_0/ps7_init.tcl' is done.
23:50:44 INFO  : Context for 'APU' is selected.
23:50:44 INFO  : Hardware design information is loaded from 'C:/soc/HW1/HW1.sdk/design_1_wrapper_hw_platform_0/system.hdf'.
23:50:44 INFO  : 'configparams force-mem-access 1' command is executed.
23:50:44 INFO  : Context for 'APU' is selected.
23:50:44 INFO  : 'stop' command is executed.
23:50:44 INFO  : 'ps7_init' command is executed.
23:50:44 INFO  : 'ps7_post_config' command is executed.
23:50:45 INFO  : Context for processor 'ps7_cortexa9_0' is selected.
23:50:45 INFO  : Processor reset is completed for 'ps7_cortexa9_0'.
23:50:45 INFO  : Context for processor 'ps7_cortexa9_0' is selected.
23:50:45 INFO  : The application 'C:/soc/HW1/HW1.sdk/led/Debug/led.elf' is downloaded to processor 'ps7_cortexa9_0'.
23:50:45 INFO  : 'configparams force-mem-access 0' command is executed.
23:50:45 INFO  : ----------------XSDB Script----------------
connect -url tcp:127.0.0.1:3121
source C:/soc/HW1/HW1.sdk/design_1_wrapper_hw_platform_0/ps7_init.tcl
targets -set -nocase -filter {name =~"APU*" && jtag_cable_name =~ "Xilinx TUL 1234-tulA"} -index 0
loadhw -hw C:/soc/HW1/HW1.sdk/design_1_wrapper_hw_platform_0/system.hdf -mem-ranges [list {0x40000000 0xbfffffff}]
configparams force-mem-access 1
targets -set -nocase -filter {name =~"APU*" && jtag_cable_name =~ "Xilinx TUL 1234-tulA"} -index 0
stop
ps7_init
ps7_post_config
targets -set -nocase -filter {name =~ "ARM*#0" && jtag_cable_name =~ "Xilinx TUL 1234-tulA"} -index 0
rst -processor
targets -set -nocase -filter {name =~ "ARM*#0" && jtag_cable_name =~ "Xilinx TUL 1234-tulA"} -index 0
dow C:/soc/HW1/HW1.sdk/led/Debug/led.elf
configparams force-mem-access 0
----------------End of Script----------------

23:50:45 INFO  : Memory regions updated for context APU
23:50:45 INFO  : Context for processor 'ps7_cortexa9_0' is selected.
23:50:45 INFO  : 'con' command is executed.
23:50:45 INFO  : ----------------XSDB Script (After Launch)----------------
targets -set -nocase -filter {name =~ "ARM*#0" && jtag_cable_name =~ "Xilinx TUL 1234-tulA"} -index 0
con
----------------End of Script----------------

23:50:45 INFO  : Launch script is exported to file 'C:\soc\HW1\HW1.sdk\.sdk\launch_scripts\xilinx_c-c++_application_(system_debugger)\system_debugger_using_debug_led.elf_on_local.tcl'
23:51:00 INFO  : Connected to target on host '127.0.0.1' and port '3121'.
23:51:00 INFO  : 'targets -set -filter {jtag_cable_name =~ "Xilinx TUL 1234-tulA" && level==0} -index 1' command is executed.
23:51:03 INFO  : FPGA configured successfully with bitstream "C:/soc/HW1/HW1.sdk/design_1_wrapper_hw_platform_0/design_1_wrapper.bit"
23:51:15 INFO  : Disconnected from the channel tcfchan#13.
23:51:16 INFO  : 'targets -set -filter {jtag_cable_name =~ "Xilinx TUL 1234-tulA" && level==0} -index 1' command is executed.
23:51:17 INFO  : 'fpga -state' command is executed.
23:51:17 INFO  : Connected to target on host '127.0.0.1' and port '3121'.
23:51:17 INFO  : Jtag cable 'Xilinx TUL 1234-tulA' is selected.
23:51:17 INFO  : 'jtag frequency' command is executed.
23:51:17 INFO  : Sourcing of 'C:/soc/HW1/HW1.sdk/design_1_wrapper_hw_platform_0/ps7_init.tcl' is done.
23:51:17 INFO  : Context for 'APU' is selected.
23:51:17 INFO  : Hardware design information is loaded from 'C:/soc/HW1/HW1.sdk/design_1_wrapper_hw_platform_0/system.hdf'.
23:51:17 INFO  : 'configparams force-mem-access 1' command is executed.
23:51:17 INFO  : Context for 'APU' is selected.
23:51:17 INFO  : 'stop' command is executed.
23:51:17 INFO  : 'ps7_init' command is executed.
23:51:17 INFO  : 'ps7_post_config' command is executed.
23:51:17 INFO  : Context for processor 'ps7_cortexa9_0' is selected.
23:51:17 INFO  : Processor reset is completed for 'ps7_cortexa9_0'.
23:51:17 INFO  : Context for processor 'ps7_cortexa9_0' is selected.
23:51:17 INFO  : The application 'C:/soc/HW1/HW1.sdk/led/Debug/led.elf' is downloaded to processor 'ps7_cortexa9_0'.
23:51:17 INFO  : 'configparams force-mem-access 0' command is executed.
23:51:17 INFO  : ----------------XSDB Script----------------
connect -url tcp:127.0.0.1:3121
source C:/soc/HW1/HW1.sdk/design_1_wrapper_hw_platform_0/ps7_init.tcl
targets -set -nocase -filter {name =~"APU*" && jtag_cable_name =~ "Xilinx TUL 1234-tulA"} -index 0
loadhw -hw C:/soc/HW1/HW1.sdk/design_1_wrapper_hw_platform_0/system.hdf -mem-ranges [list {0x40000000 0xbfffffff}]
configparams force-mem-access 1
targets -set -nocase -filter {name =~"APU*" && jtag_cable_name =~ "Xilinx TUL 1234-tulA"} -index 0
stop
ps7_init
ps7_post_config
targets -set -nocase -filter {name =~ "ARM*#0" && jtag_cable_name =~ "Xilinx TUL 1234-tulA"} -index 0
rst -processor
targets -set -nocase -filter {name =~ "ARM*#0" && jtag_cable_name =~ "Xilinx TUL 1234-tulA"} -index 0
dow C:/soc/HW1/HW1.sdk/led/Debug/led.elf
configparams force-mem-access 0
----------------End of Script----------------

23:51:17 INFO  : Memory regions updated for context APU
23:51:17 INFO  : Context for processor 'ps7_cortexa9_0' is selected.
23:51:17 INFO  : 'con' command is executed.
23:51:17 INFO  : ----------------XSDB Script (After Launch)----------------
targets -set -nocase -filter {name =~ "ARM*#0" && jtag_cable_name =~ "Xilinx TUL 1234-tulA"} -index 0
con
----------------End of Script----------------

23:51:17 INFO  : Launch script is exported to file 'C:\soc\HW1\HW1.sdk\.sdk\launch_scripts\xilinx_c-c++_application_(system_debugger)\system_debugger_using_debug_led.elf_on_local.tcl'
00:46:04 INFO  : SDK has detected change in the last modified timestamps for source hardware specification file Source:1745426743558,  Project:1745423212218
00:46:04 INFO  : Project design_1_wrapper_hw_platform_0's source hardware specification located at C:/soc/HW1/HW1.sdk/design_1_wrapper.hdf is now different from the local copy.
		 The local copy will be replaced with the source specification and your workspace will be updated.
00:46:11 INFO  : Copied contents of C:/soc/HW1/HW1.sdk/design_1_wrapper.hdf into \design_1_wrapper_hw_platform_0\system.hdf.
00:46:14 INFO  : Synchronizing projects in the workspace with the hardware platform specification changes.
00:46:16 INFO  : 
00:46:17 INFO  : Updating hardware inferred compiler options for led.
00:46:17 INFO  : Clearing existing target manager status.
00:46:17 INFO  : Closing and re-opening the MSS file of ther project led_bsp
00:46:17 INFO  : Closing and re-opening the MSS file of ther project led_bsp
00:46:17 INFO  : Workspace synchronized with the new hardware specification file. Cleaning dependent projects...
00:46:18 WARN  : Linker script will not be updated automatically. Users need to update it manually.
00:47:14 INFO  : Disconnected from the channel tcfchan#14.
00:47:15 INFO  : 'targets -set -filter {jtag_cable_name =~ "Xilinx TUL 1234-tulA" && level==0} -index 1' command is executed.
00:47:15 INFO  : 'fpga -state' command is executed.
00:47:15 INFO  : Connected to target on host '127.0.0.1' and port '3121'.
00:47:15 INFO  : Jtag cable 'Xilinx TUL 1234-tulA' is selected.
00:47:15 INFO  : 'jtag frequency' command is executed.
00:47:15 INFO  : Sourcing of 'C:/soc/HW1/HW1.sdk/design_1_wrapper_hw_platform_0/ps7_init.tcl' is done.
00:47:15 INFO  : Context for 'APU' is selected.
00:47:15 INFO  : Hardware design information is loaded from 'C:/soc/HW1/HW1.sdk/design_1_wrapper_hw_platform_0/system.hdf'.
00:47:15 INFO  : 'configparams force-mem-access 1' command is executed.
00:47:15 INFO  : Context for 'APU' is selected.
00:47:15 INFO  : 'stop' command is executed.
00:47:16 INFO  : 'ps7_init' command is executed.
00:47:16 INFO  : 'ps7_post_config' command is executed.
00:47:16 INFO  : Context for processor 'ps7_cortexa9_0' is selected.
00:47:16 INFO  : Processor reset is completed for 'ps7_cortexa9_0'.
00:47:16 INFO  : Context for processor 'ps7_cortexa9_0' is selected.
00:47:16 INFO  : The application 'C:/soc/HW1/HW1.sdk/led/Debug/led.elf' is downloaded to processor 'ps7_cortexa9_0'.
00:47:16 INFO  : 'configparams force-mem-access 0' command is executed.
00:47:16 INFO  : ----------------XSDB Script----------------
connect -url tcp:127.0.0.1:3121
source C:/soc/HW1/HW1.sdk/design_1_wrapper_hw_platform_0/ps7_init.tcl
targets -set -nocase -filter {name =~"APU*" && jtag_cable_name =~ "Xilinx TUL 1234-tulA"} -index 0
loadhw -hw C:/soc/HW1/HW1.sdk/design_1_wrapper_hw_platform_0/system.hdf -mem-ranges [list {0x40000000 0xbfffffff}]
configparams force-mem-access 1
targets -set -nocase -filter {name =~"APU*" && jtag_cable_name =~ "Xilinx TUL 1234-tulA"} -index 0
stop
ps7_init
ps7_post_config
targets -set -nocase -filter {name =~ "ARM*#0" && jtag_cable_name =~ "Xilinx TUL 1234-tulA"} -index 0
rst -processor
targets -set -nocase -filter {name =~ "ARM*#0" && jtag_cable_name =~ "Xilinx TUL 1234-tulA"} -index 0
dow C:/soc/HW1/HW1.sdk/led/Debug/led.elf
configparams force-mem-access 0
----------------End of Script----------------

00:47:16 INFO  : Memory regions updated for context APU
00:47:16 INFO  : Context for processor 'ps7_cortexa9_0' is selected.
00:47:16 INFO  : 'con' command is executed.
00:47:16 INFO  : ----------------XSDB Script (After Launch)----------------
targets -set -nocase -filter {name =~ "ARM*#0" && jtag_cable_name =~ "Xilinx TUL 1234-tulA"} -index 0
con
----------------End of Script----------------

00:47:16 INFO  : Launch script is exported to file 'C:\soc\HW1\HW1.sdk\.sdk\launch_scripts\xilinx_c-c++_application_(system_debugger)\system_debugger_using_debug_led.elf_on_local.tcl'
00:48:35 INFO  : Connected to target on host '127.0.0.1' and port '3121'.
00:48:35 INFO  : 'targets -set -filter {jtag_cable_name =~ "Xilinx TUL 1234-tulA" && level==0} -index 1' command is executed.
00:48:37 INFO  : FPGA configured successfully with bitstream "C:/soc/HW1/HW1.sdk/design_1_wrapper_hw_platform_0/design_1_wrapper.bit"
00:49:02 INFO  : Disconnected from the channel tcfchan#15.
00:49:03 INFO  : 'targets -set -filter {jtag_cable_name =~ "Xilinx TUL 1234-tulA" && level==0} -index 1' command is executed.
00:49:03 INFO  : 'fpga -state' command is executed.
00:49:03 INFO  : Connected to target on host '127.0.0.1' and port '3121'.
00:49:03 INFO  : Jtag cable 'Xilinx TUL 1234-tulA' is selected.
00:49:03 INFO  : 'jtag frequency' command is executed.
00:49:03 INFO  : Sourcing of 'C:/soc/HW1/HW1.sdk/design_1_wrapper_hw_platform_0/ps7_init.tcl' is done.
00:49:03 INFO  : Context for 'APU' is selected.
00:49:03 INFO  : Hardware design information is loaded from 'C:/soc/HW1/HW1.sdk/design_1_wrapper_hw_platform_0/system.hdf'.
00:49:03 INFO  : 'configparams force-mem-access 1' command is executed.
00:49:03 INFO  : Context for 'APU' is selected.
00:49:03 INFO  : 'stop' command is executed.
00:49:03 INFO  : 'ps7_init' command is executed.
00:49:03 INFO  : 'ps7_post_config' command is executed.
00:49:03 INFO  : Context for processor 'ps7_cortexa9_0' is selected.
00:49:03 INFO  : Processor reset is completed for 'ps7_cortexa9_0'.
00:49:03 INFO  : Context for processor 'ps7_cortexa9_0' is selected.
00:49:04 INFO  : The application 'C:/soc/HW1/HW1.sdk/led/Debug/led.elf' is downloaded to processor 'ps7_cortexa9_0'.
00:49:04 INFO  : 'configparams force-mem-access 0' command is executed.
00:49:04 INFO  : ----------------XSDB Script----------------
connect -url tcp:127.0.0.1:3121
source C:/soc/HW1/HW1.sdk/design_1_wrapper_hw_platform_0/ps7_init.tcl
targets -set -nocase -filter {name =~"APU*" && jtag_cable_name =~ "Xilinx TUL 1234-tulA"} -index 0
loadhw -hw C:/soc/HW1/HW1.sdk/design_1_wrapper_hw_platform_0/system.hdf -mem-ranges [list {0x40000000 0xbfffffff}]
configparams force-mem-access 1
targets -set -nocase -filter {name =~"APU*" && jtag_cable_name =~ "Xilinx TUL 1234-tulA"} -index 0
stop
ps7_init
ps7_post_config
targets -set -nocase -filter {name =~ "ARM*#0" && jtag_cable_name =~ "Xilinx TUL 1234-tulA"} -index 0
rst -processor
targets -set -nocase -filter {name =~ "ARM*#0" && jtag_cable_name =~ "Xilinx TUL 1234-tulA"} -index 0
dow C:/soc/HW1/HW1.sdk/led/Debug/led.elf
configparams force-mem-access 0
----------------End of Script----------------

00:49:04 INFO  : Memory regions updated for context APU
00:49:04 INFO  : Context for processor 'ps7_cortexa9_0' is selected.
00:49:04 INFO  : 'con' command is executed.
00:49:04 INFO  : ----------------XSDB Script (After Launch)----------------
targets -set -nocase -filter {name =~ "ARM*#0" && jtag_cable_name =~ "Xilinx TUL 1234-tulA"} -index 0
con
----------------End of Script----------------

00:49:04 INFO  : Launch script is exported to file 'C:\soc\HW1\HW1.sdk\.sdk\launch_scripts\xilinx_c-c++_application_(system_debugger)\system_debugger_using_debug_led.elf_on_local.tcl'
00:49:23 INFO  : Connected to target on host '127.0.0.1' and port '3121'.
00:49:23 INFO  : 'targets -set -filter {jtag_cable_name =~ "Xilinx TUL 1234-tulA" && level==0} -index 1' command is executed.
00:49:26 INFO  : FPGA configured successfully with bitstream "C:/soc/HW1/HW1.sdk/design_1_wrapper_hw_platform_0/design_1_wrapper.bit"
00:49:31 INFO  : Disconnected from the channel tcfchan#16.
00:49:32 INFO  : 'targets -set -filter {jtag_cable_name =~ "Xilinx TUL 1234-tulA" && level==0} -index 1' command is executed.
00:49:32 INFO  : 'fpga -state' command is executed.
00:49:32 INFO  : Connected to target on host '127.0.0.1' and port '3121'.
00:49:32 INFO  : Jtag cable 'Xilinx TUL 1234-tulA' is selected.
00:49:32 INFO  : 'jtag frequency' command is executed.
00:49:32 INFO  : Sourcing of 'C:/soc/HW1/HW1.sdk/design_1_wrapper_hw_platform_0/ps7_init.tcl' is done.
00:49:32 INFO  : Context for 'APU' is selected.
00:49:32 INFO  : Hardware design information is loaded from 'C:/soc/HW1/HW1.sdk/design_1_wrapper_hw_platform_0/system.hdf'.
00:49:32 INFO  : 'configparams force-mem-access 1' command is executed.
00:49:32 INFO  : Context for 'APU' is selected.
00:49:32 INFO  : 'stop' command is executed.
00:49:32 INFO  : 'ps7_init' command is executed.
00:49:32 INFO  : 'ps7_post_config' command is executed.
00:49:32 INFO  : Context for processor 'ps7_cortexa9_0' is selected.
00:49:32 INFO  : Processor reset is completed for 'ps7_cortexa9_0'.
00:49:32 INFO  : Context for processor 'ps7_cortexa9_0' is selected.
00:49:33 INFO  : The application 'C:/soc/HW1/HW1.sdk/led/Debug/led.elf' is downloaded to processor 'ps7_cortexa9_0'.
00:49:33 INFO  : 'configparams force-mem-access 0' command is executed.
00:49:33 INFO  : ----------------XSDB Script----------------
connect -url tcp:127.0.0.1:3121
source C:/soc/HW1/HW1.sdk/design_1_wrapper_hw_platform_0/ps7_init.tcl
targets -set -nocase -filter {name =~"APU*" && jtag_cable_name =~ "Xilinx TUL 1234-tulA"} -index 0
loadhw -hw C:/soc/HW1/HW1.sdk/design_1_wrapper_hw_platform_0/system.hdf -mem-ranges [list {0x40000000 0xbfffffff}]
configparams force-mem-access 1
targets -set -nocase -filter {name =~"APU*" && jtag_cable_name =~ "Xilinx TUL 1234-tulA"} -index 0
stop
ps7_init
ps7_post_config
targets -set -nocase -filter {name =~ "ARM*#0" && jtag_cable_name =~ "Xilinx TUL 1234-tulA"} -index 0
rst -processor
targets -set -nocase -filter {name =~ "ARM*#0" && jtag_cable_name =~ "Xilinx TUL 1234-tulA"} -index 0
dow C:/soc/HW1/HW1.sdk/led/Debug/led.elf
configparams force-mem-access 0
----------------End of Script----------------

00:49:33 INFO  : Memory regions updated for context APU
00:49:33 INFO  : Context for processor 'ps7_cortexa9_0' is selected.
00:49:33 INFO  : 'con' command is executed.
00:49:33 INFO  : ----------------XSDB Script (After Launch)----------------
targets -set -nocase -filter {name =~ "ARM*#0" && jtag_cable_name =~ "Xilinx TUL 1234-tulA"} -index 0
con
----------------End of Script----------------

00:49:33 INFO  : Launch script is exported to file 'C:\soc\HW1\HW1.sdk\.sdk\launch_scripts\xilinx_c-c++_application_(system_debugger)\system_debugger_using_debug_led.elf_on_local.tcl'
00:50:13 INFO  : Disconnected from the channel tcfchan#17.
00:50:14 INFO  : 'targets -set -filter {jtag_cable_name =~ "Xilinx TUL 1234-tulA" && level==0} -index 1' command is executed.
00:50:14 INFO  : 'fpga -state' command is executed.
00:50:14 INFO  : Connected to target on host '127.0.0.1' and port '3121'.
00:50:14 INFO  : Jtag cable 'Xilinx TUL 1234-tulA' is selected.
00:50:14 INFO  : 'jtag frequency' command is executed.
00:50:14 INFO  : Sourcing of 'C:/soc/HW1/HW1.sdk/design_1_wrapper_hw_platform_0/ps7_init.tcl' is done.
00:50:14 INFO  : Context for 'APU' is selected.
00:50:14 INFO  : Hardware design information is loaded from 'C:/soc/HW1/HW1.sdk/design_1_wrapper_hw_platform_0/system.hdf'.
00:50:14 INFO  : 'configparams force-mem-access 1' command is executed.
00:50:14 INFO  : Context for 'APU' is selected.
00:50:14 INFO  : 'stop' command is executed.
00:50:14 INFO  : 'ps7_init' command is executed.
00:50:14 INFO  : 'ps7_post_config' command is executed.
00:50:14 INFO  : Context for processor 'ps7_cortexa9_0' is selected.
00:50:14 INFO  : Processor reset is completed for 'ps7_cortexa9_0'.
00:50:14 INFO  : Context for processor 'ps7_cortexa9_0' is selected.
00:50:14 INFO  : The application 'C:/soc/HW1/HW1.sdk/led/Debug/led.elf' is downloaded to processor 'ps7_cortexa9_0'.
00:50:14 INFO  : 'configparams force-mem-access 0' command is executed.
00:50:14 INFO  : ----------------XSDB Script----------------
connect -url tcp:127.0.0.1:3121
source C:/soc/HW1/HW1.sdk/design_1_wrapper_hw_platform_0/ps7_init.tcl
targets -set -nocase -filter {name =~"APU*" && jtag_cable_name =~ "Xilinx TUL 1234-tulA"} -index 0
loadhw -hw C:/soc/HW1/HW1.sdk/design_1_wrapper_hw_platform_0/system.hdf -mem-ranges [list {0x40000000 0xbfffffff}]
configparams force-mem-access 1
targets -set -nocase -filter {name =~"APU*" && jtag_cable_name =~ "Xilinx TUL 1234-tulA"} -index 0
stop
ps7_init
ps7_post_config
targets -set -nocase -filter {name =~ "ARM*#0" && jtag_cable_name =~ "Xilinx TUL 1234-tulA"} -index 0
rst -processor
targets -set -nocase -filter {name =~ "ARM*#0" && jtag_cable_name =~ "Xilinx TUL 1234-tulA"} -index 0
dow C:/soc/HW1/HW1.sdk/led/Debug/led.elf
configparams force-mem-access 0
----------------End of Script----------------

00:50:14 INFO  : Memory regions updated for context APU
00:50:15 INFO  : Context for processor 'ps7_cortexa9_0' is selected.
00:50:15 INFO  : 'con' command is executed.
00:50:15 INFO  : ----------------XSDB Script (After Launch)----------------
targets -set -nocase -filter {name =~ "ARM*#0" && jtag_cable_name =~ "Xilinx TUL 1234-tulA"} -index 0
con
----------------End of Script----------------

00:50:15 INFO  : Launch script is exported to file 'C:\soc\HW1\HW1.sdk\.sdk\launch_scripts\xilinx_c-c++_application_(system_debugger)\system_debugger_using_debug_led.elf_on_local.tcl'
00:50:28 INFO  : Connected to target on host '127.0.0.1' and port '3121'.
00:51:18 INFO  : Connected to target on host '127.0.0.1' and port '3121'.
00:51:18 INFO  : 'targets -set -filter {jtag_cable_name =~ "Xilinx TUL 1234-tulA" && level==0} -index 1' command is executed.
00:51:20 INFO  : FPGA configured successfully with bitstream "C:/soc/HW1/HW1.sdk/design_1_wrapper_hw_platform_0/design_1_wrapper.bit"
00:51:26 INFO  : Disconnected from the channel tcfchan#18.
00:51:27 INFO  : 'targets -set -filter {jtag_cable_name =~ "Xilinx TUL 1234-tulA" && level==0} -index 1' command is executed.
00:51:27 INFO  : 'fpga -state' command is executed.
00:51:27 INFO  : Connected to target on host '127.0.0.1' and port '3121'.
00:51:28 INFO  : Jtag cable 'Xilinx TUL 1234-tulA' is selected.
00:51:28 INFO  : 'jtag frequency' command is executed.
00:51:28 INFO  : Sourcing of 'C:/soc/HW1/HW1.sdk/design_1_wrapper_hw_platform_0/ps7_init.tcl' is done.
00:51:28 INFO  : Context for 'APU' is selected.
00:51:28 INFO  : Hardware design information is loaded from 'C:/soc/HW1/HW1.sdk/design_1_wrapper_hw_platform_0/system.hdf'.
00:51:28 INFO  : 'configparams force-mem-access 1' command is executed.
00:51:28 INFO  : Context for 'APU' is selected.
00:51:28 INFO  : 'stop' command is executed.
00:51:28 INFO  : 'ps7_init' command is executed.
00:51:28 INFO  : 'ps7_post_config' command is executed.
00:51:28 INFO  : Context for processor 'ps7_cortexa9_0' is selected.
00:51:28 INFO  : Processor reset is completed for 'ps7_cortexa9_0'.
00:51:28 INFO  : Context for processor 'ps7_cortexa9_0' is selected.
00:51:28 INFO  : The application 'C:/soc/HW1/HW1.sdk/led/Debug/led.elf' is downloaded to processor 'ps7_cortexa9_0'.
00:51:28 INFO  : 'configparams force-mem-access 0' command is executed.
00:51:28 INFO  : ----------------XSDB Script----------------
connect -url tcp:127.0.0.1:3121
source C:/soc/HW1/HW1.sdk/design_1_wrapper_hw_platform_0/ps7_init.tcl
targets -set -nocase -filter {name =~"APU*" && jtag_cable_name =~ "Xilinx TUL 1234-tulA"} -index 0
loadhw -hw C:/soc/HW1/HW1.sdk/design_1_wrapper_hw_platform_0/system.hdf -mem-ranges [list {0x40000000 0xbfffffff}]
configparams force-mem-access 1
targets -set -nocase -filter {name =~"APU*" && jtag_cable_name =~ "Xilinx TUL 1234-tulA"} -index 0
stop
ps7_init
ps7_post_config
targets -set -nocase -filter {name =~ "ARM*#0" && jtag_cable_name =~ "Xilinx TUL 1234-tulA"} -index 0
rst -processor
targets -set -nocase -filter {name =~ "ARM*#0" && jtag_cable_name =~ "Xilinx TUL 1234-tulA"} -index 0
dow C:/soc/HW1/HW1.sdk/led/Debug/led.elf
configparams force-mem-access 0
----------------End of Script----------------

00:51:28 INFO  : Memory regions updated for context APU
00:51:28 INFO  : Context for processor 'ps7_cortexa9_0' is selected.
00:51:29 INFO  : 'con' command is executed.
00:51:29 INFO  : ----------------XSDB Script (After Launch)----------------
targets -set -nocase -filter {name =~ "ARM*#0" && jtag_cable_name =~ "Xilinx TUL 1234-tulA"} -index 0
con
----------------End of Script----------------

00:51:29 INFO  : Launch script is exported to file 'C:\soc\HW1\HW1.sdk\.sdk\launch_scripts\xilinx_c-c++_application_(system_debugger)\system_debugger_using_debug_led.elf_on_local.tcl'
00:52:23 INFO  : Connected to target on host '127.0.0.1' and port '3121'.
00:52:23 INFO  : 'targets -set -filter {jtag_cable_name =~ "Xilinx TUL 1234-tulA" && level==0} -index 1' command is executed.
00:52:25 INFO  : FPGA configured successfully with bitstream "C:/soc/HW1/HW1.sdk/design_1_wrapper_hw_platform_0/design_1_wrapper.bit"
00:52:59 INFO  : Disconnected from the channel tcfchan#19.
00:53:00 INFO  : 'targets -set -filter {jtag_cable_name =~ "Xilinx TUL 1234-tulA" && level==0} -index 1' command is executed.
00:53:00 INFO  : 'fpga -state' command is executed.
00:53:00 INFO  : Connected to target on host '127.0.0.1' and port '3121'.
00:53:00 INFO  : Jtag cable 'Xilinx TUL 1234-tulA' is selected.
00:53:00 INFO  : 'jtag frequency' command is executed.
00:53:00 INFO  : Sourcing of 'C:/soc/HW1/HW1.sdk/design_1_wrapper_hw_platform_0/ps7_init.tcl' is done.
00:53:00 INFO  : Context for 'APU' is selected.
00:53:00 INFO  : Hardware design information is loaded from 'C:/soc/HW1/HW1.sdk/design_1_wrapper_hw_platform_0/system.hdf'.
00:53:00 INFO  : 'configparams force-mem-access 1' command is executed.
00:53:00 INFO  : Context for 'APU' is selected.
00:53:00 INFO  : 'stop' command is executed.
00:53:01 INFO  : 'ps7_init' command is executed.
00:53:01 INFO  : 'ps7_post_config' command is executed.
00:53:01 INFO  : Context for processor 'ps7_cortexa9_0' is selected.
00:53:01 INFO  : Processor reset is completed for 'ps7_cortexa9_0'.
00:53:01 INFO  : Context for processor 'ps7_cortexa9_0' is selected.
00:53:01 INFO  : The application 'C:/soc/HW1/HW1.sdk/led/Debug/led.elf' is downloaded to processor 'ps7_cortexa9_0'.
00:53:01 INFO  : 'configparams force-mem-access 0' command is executed.
00:53:01 INFO  : ----------------XSDB Script----------------
connect -url tcp:127.0.0.1:3121
source C:/soc/HW1/HW1.sdk/design_1_wrapper_hw_platform_0/ps7_init.tcl
targets -set -nocase -filter {name =~"APU*" && jtag_cable_name =~ "Xilinx TUL 1234-tulA"} -index 0
loadhw -hw C:/soc/HW1/HW1.sdk/design_1_wrapper_hw_platform_0/system.hdf -mem-ranges [list {0x40000000 0xbfffffff}]
configparams force-mem-access 1
targets -set -nocase -filter {name =~"APU*" && jtag_cable_name =~ "Xilinx TUL 1234-tulA"} -index 0
stop
ps7_init
ps7_post_config
targets -set -nocase -filter {name =~ "ARM*#0" && jtag_cable_name =~ "Xilinx TUL 1234-tulA"} -index 0
rst -processor
targets -set -nocase -filter {name =~ "ARM*#0" && jtag_cable_name =~ "Xilinx TUL 1234-tulA"} -index 0
dow C:/soc/HW1/HW1.sdk/led/Debug/led.elf
configparams force-mem-access 0
----------------End of Script----------------

00:53:01 INFO  : Memory regions updated for context APU
00:53:01 INFO  : Context for processor 'ps7_cortexa9_0' is selected.
00:53:01 INFO  : 'con' command is executed.
00:53:01 INFO  : ----------------XSDB Script (After Launch)----------------
targets -set -nocase -filter {name =~ "ARM*#0" && jtag_cable_name =~ "Xilinx TUL 1234-tulA"} -index 0
con
----------------End of Script----------------

00:53:01 INFO  : Launch script is exported to file 'C:\soc\HW1\HW1.sdk\.sdk\launch_scripts\xilinx_c-c++_application_(system_debugger)\system_debugger_using_debug_led.elf_on_local.tcl'
00:53:11 INFO  : Disconnected from the channel tcfchan#20.
00:53:31 INFO  : Registering command handlers for SDK TCF services
00:53:31 INFO  : Launching XSCT server: xsct.bat -interactive C:\soc\HW1\HW1.sdk\temp_xsdb_launch_script.tcl
00:53:33 INFO  : XSCT server has started successfully.
00:53:33 INFO  : Successfully done setting XSCT server connection channel  
00:53:34 INFO  : Successfully done setting SDK workspace  
00:53:34 INFO  : Processing command line option -hwspec C:/soc/HW1/HW1.sdk/design_1_wrapper.hdf.
00:53:34 INFO  : Checking for hwspec changes in the project design_1_wrapper_hw_platform_0.
00:54:08 INFO  : Connected to target on host '127.0.0.1' and port '3121'.
00:54:08 INFO  : 'targets -set -filter {jtag_cable_name =~ "Xilinx TUL 1234-tulA" && level==0} -index 1' command is executed.
00:54:11 INFO  : FPGA configured successfully with bitstream "C:/soc/HW1/HW1.sdk/design_1_wrapper_hw_platform_0/design_1_wrapper.bit"
00:54:17 INFO  : 'targets -set -filter {jtag_cable_name =~ "Xilinx TUL 1234-tulA" && level==0} -index 1' command is executed.
00:54:17 INFO  : 'fpga -state' command is executed.
00:54:17 INFO  : Connected to target on host '127.0.0.1' and port '3121'.
00:54:17 INFO  : Jtag cable 'Xilinx TUL 1234-tulA' is selected.
00:54:17 INFO  : 'jtag frequency' command is executed.
00:54:17 INFO  : Sourcing of 'C:/soc/HW1/HW1.sdk/design_1_wrapper_hw_platform_0/ps7_init.tcl' is done.
00:54:17 INFO  : Context for 'APU' is selected.
00:54:17 INFO  : Hardware design information is loaded from 'C:/soc/HW1/HW1.sdk/design_1_wrapper_hw_platform_0/system.hdf'.
00:54:17 INFO  : 'configparams force-mem-access 1' command is executed.
00:54:17 INFO  : Context for 'APU' is selected.
00:54:17 INFO  : 'stop' command is executed.
00:54:17 INFO  : 'ps7_init' command is executed.
00:54:17 INFO  : 'ps7_post_config' command is executed.
00:54:17 INFO  : Context for processor 'ps7_cortexa9_0' is selected.
00:54:17 INFO  : Processor reset is completed for 'ps7_cortexa9_0'.
00:54:17 INFO  : Context for processor 'ps7_cortexa9_0' is selected.
00:54:18 INFO  : The application 'C:/soc/HW1/HW1.sdk/led/Debug/led.elf' is downloaded to processor 'ps7_cortexa9_0'.
00:54:18 INFO  : 'configparams force-mem-access 0' command is executed.
00:54:18 INFO  : ----------------XSDB Script----------------
connect -url tcp:127.0.0.1:3121
source C:/soc/HW1/HW1.sdk/design_1_wrapper_hw_platform_0/ps7_init.tcl
targets -set -nocase -filter {name =~"APU*" && jtag_cable_name =~ "Xilinx TUL 1234-tulA"} -index 0
loadhw -hw C:/soc/HW1/HW1.sdk/design_1_wrapper_hw_platform_0/system.hdf -mem-ranges [list {0x40000000 0xbfffffff}]
configparams force-mem-access 1
targets -set -nocase -filter {name =~"APU*" && jtag_cable_name =~ "Xilinx TUL 1234-tulA"} -index 0
stop
ps7_init
ps7_post_config
targets -set -nocase -filter {name =~ "ARM*#0" && jtag_cable_name =~ "Xilinx TUL 1234-tulA"} -index 0
rst -processor
targets -set -nocase -filter {name =~ "ARM*#0" && jtag_cable_name =~ "Xilinx TUL 1234-tulA"} -index 0
dow C:/soc/HW1/HW1.sdk/led/Debug/led.elf
configparams force-mem-access 0
----------------End of Script----------------

00:54:18 INFO  : Memory regions updated for context APU
00:54:18 INFO  : Context for processor 'ps7_cortexa9_0' is selected.
00:54:18 INFO  : 'con' command is executed.
00:54:18 INFO  : ----------------XSDB Script (After Launch)----------------
targets -set -nocase -filter {name =~ "ARM*#0" && jtag_cable_name =~ "Xilinx TUL 1234-tulA"} -index 0
con
----------------End of Script----------------

00:54:18 INFO  : Launch script is exported to file 'C:\soc\HW1\HW1.sdk\.sdk\launch_scripts\xilinx_c-c++_application_(system_debugger)\system_debugger_using_debug_led.elf_on_local.tcl'
01:00:21 INFO  : SDK has detected change in the last modified timestamps for source hardware specification file Source:1745427607815,  Project:1745426743558
01:00:21 INFO  : Project design_1_wrapper_hw_platform_0's source hardware specification located at C:/soc/HW1/HW1.sdk/design_1_wrapper.hdf is now different from the local copy.
		 The local copy will be replaced with the source specification and your workspace will be updated.
01:00:23 INFO  : Copied contents of C:/soc/HW1/HW1.sdk/design_1_wrapper.hdf into \design_1_wrapper_hw_platform_0\system.hdf.
01:00:26 INFO  : Synchronizing projects in the workspace with the hardware platform specification changes.
01:00:28 INFO  : 
01:00:28 INFO  : Updating hardware inferred compiler options for led.
01:00:28 INFO  : Clearing existing target manager status.
01:01:04 INFO  : Disconnected from the channel tcfchan#1.
01:01:05 INFO  : 'targets -set -filter {jtag_cable_name =~ "Xilinx TUL 1234-tulA" && level==0} -index 1' command is executed.
01:01:05 INFO  : 'fpga -state' command is executed.
01:01:05 INFO  : Connected to target on host '127.0.0.1' and port '3121'.
01:01:06 INFO  : Jtag cable 'Xilinx TUL 1234-tulA' is selected.
01:01:06 INFO  : 'jtag frequency' command is executed.
01:01:06 INFO  : Sourcing of 'C:/soc/HW1/HW1.sdk/design_1_wrapper_hw_platform_0/ps7_init.tcl' is done.
01:01:06 INFO  : Context for 'APU' is selected.
01:01:06 INFO  : Hardware design information is loaded from 'C:/soc/HW1/HW1.sdk/design_1_wrapper_hw_platform_0/system.hdf'.
01:01:06 INFO  : 'configparams force-mem-access 1' command is executed.
01:01:06 INFO  : Context for 'APU' is selected.
01:01:06 INFO  : 'stop' command is executed.
01:01:06 INFO  : 'ps7_init' command is executed.
01:01:06 INFO  : 'ps7_post_config' command is executed.
01:01:06 INFO  : Context for processor 'ps7_cortexa9_0' is selected.
01:01:06 INFO  : Processor reset is completed for 'ps7_cortexa9_0'.
01:01:06 INFO  : Context for processor 'ps7_cortexa9_0' is selected.
01:01:06 INFO  : The application 'C:/soc/HW1/HW1.sdk/led/Debug/led.elf' is downloaded to processor 'ps7_cortexa9_0'.
01:01:06 INFO  : 'configparams force-mem-access 0' command is executed.
01:01:06 INFO  : ----------------XSDB Script----------------
connect -url tcp:127.0.0.1:3121
source C:/soc/HW1/HW1.sdk/design_1_wrapper_hw_platform_0/ps7_init.tcl
targets -set -nocase -filter {name =~"APU*" && jtag_cable_name =~ "Xilinx TUL 1234-tulA"} -index 0
loadhw -hw C:/soc/HW1/HW1.sdk/design_1_wrapper_hw_platform_0/system.hdf -mem-ranges [list {0x40000000 0xbfffffff}]
configparams force-mem-access 1
targets -set -nocase -filter {name =~"APU*" && jtag_cable_name =~ "Xilinx TUL 1234-tulA"} -index 0
stop
ps7_init
ps7_post_config
targets -set -nocase -filter {name =~ "ARM*#0" && jtag_cable_name =~ "Xilinx TUL 1234-tulA"} -index 0
rst -processor
targets -set -nocase -filter {name =~ "ARM*#0" && jtag_cable_name =~ "Xilinx TUL 1234-tulA"} -index 0
dow C:/soc/HW1/HW1.sdk/led/Debug/led.elf
configparams force-mem-access 0
----------------End of Script----------------

01:01:06 INFO  : Memory regions updated for context APU
01:01:06 INFO  : Context for processor 'ps7_cortexa9_0' is selected.
01:01:06 INFO  : 'con' command is executed.
01:01:06 INFO  : ----------------XSDB Script (After Launch)----------------
targets -set -nocase -filter {name =~ "ARM*#0" && jtag_cable_name =~ "Xilinx TUL 1234-tulA"} -index 0
con
----------------End of Script----------------

01:01:06 INFO  : Launch script is exported to file 'C:\soc\HW1\HW1.sdk\.sdk\launch_scripts\xilinx_c-c++_application_(system_debugger)\system_debugger_using_debug_led.elf_on_local.tcl'
01:12:30 INFO  : SDK has detected change in the last modified timestamps for source hardware specification file Source:1745428335938,  Project:1745427607815
01:12:30 INFO  : Project design_1_wrapper_hw_platform_0's source hardware specification located at C:/soc/HW1/HW1.sdk/design_1_wrapper.hdf is now different from the local copy.
		 The local copy will be replaced with the source specification and your workspace will be updated.
01:12:32 INFO  : Copied contents of C:/soc/HW1/HW1.sdk/design_1_wrapper.hdf into \design_1_wrapper_hw_platform_0\system.hdf.
01:12:36 INFO  : Synchronizing projects in the workspace with the hardware platform specification changes.
01:12:37 INFO  : 
01:12:38 INFO  : Updating hardware inferred compiler options for led.
01:12:38 INFO  : Clearing existing target manager status.
01:12:57 INFO  : Connected to target on host '127.0.0.1' and port '3121'.
01:12:57 INFO  : 'targets -set -filter {jtag_cable_name =~ "Xilinx TUL 1234-tulA" && level==0} -index 1' command is executed.
01:13:00 INFO  : FPGA configured successfully with bitstream "C:/soc/HW1/HW1.sdk/design_1_wrapper_hw_platform_0/design_1_wrapper.bit"
01:13:31 INFO  : Disconnected from the channel tcfchan#2.
01:13:32 INFO  : 'targets -set -filter {jtag_cable_name =~ "Xilinx TUL 1234-tulA" && level==0} -index 1' command is executed.
01:13:32 INFO  : 'fpga -state' command is executed.
01:13:32 INFO  : Connected to target on host '127.0.0.1' and port '3121'.
01:13:32 INFO  : Jtag cable 'Xilinx TUL 1234-tulA' is selected.
01:13:32 INFO  : 'jtag frequency' command is executed.
01:13:32 INFO  : Sourcing of 'C:/soc/HW1/HW1.sdk/design_1_wrapper_hw_platform_0/ps7_init.tcl' is done.
01:13:32 INFO  : Context for 'APU' is selected.
01:13:32 INFO  : Hardware design information is loaded from 'C:/soc/HW1/HW1.sdk/design_1_wrapper_hw_platform_0/system.hdf'.
01:13:32 INFO  : 'configparams force-mem-access 1' command is executed.
01:13:32 INFO  : Context for 'APU' is selected.
01:13:32 INFO  : 'stop' command is executed.
01:13:32 INFO  : 'ps7_init' command is executed.
01:13:32 INFO  : 'ps7_post_config' command is executed.
01:13:32 INFO  : Context for processor 'ps7_cortexa9_0' is selected.
01:13:32 INFO  : Processor reset is completed for 'ps7_cortexa9_0'.
01:13:32 INFO  : Context for processor 'ps7_cortexa9_0' is selected.
01:13:33 INFO  : The application 'C:/soc/HW1/HW1.sdk/led/Debug/led.elf' is downloaded to processor 'ps7_cortexa9_0'.
01:13:33 INFO  : 'configparams force-mem-access 0' command is executed.
01:13:33 INFO  : ----------------XSDB Script----------------
connect -url tcp:127.0.0.1:3121
source C:/soc/HW1/HW1.sdk/design_1_wrapper_hw_platform_0/ps7_init.tcl
targets -set -nocase -filter {name =~"APU*" && jtag_cable_name =~ "Xilinx TUL 1234-tulA"} -index 0
loadhw -hw C:/soc/HW1/HW1.sdk/design_1_wrapper_hw_platform_0/system.hdf -mem-ranges [list {0x40000000 0xbfffffff}]
configparams force-mem-access 1
targets -set -nocase -filter {name =~"APU*" && jtag_cable_name =~ "Xilinx TUL 1234-tulA"} -index 0
stop
ps7_init
ps7_post_config
targets -set -nocase -filter {name =~ "ARM*#0" && jtag_cable_name =~ "Xilinx TUL 1234-tulA"} -index 0
rst -processor
targets -set -nocase -filter {name =~ "ARM*#0" && jtag_cable_name =~ "Xilinx TUL 1234-tulA"} -index 0
dow C:/soc/HW1/HW1.sdk/led/Debug/led.elf
configparams force-mem-access 0
----------------End of Script----------------

01:13:33 INFO  : Memory regions updated for context APU
01:13:33 INFO  : Context for processor 'ps7_cortexa9_0' is selected.
01:13:33 INFO  : 'con' command is executed.
01:13:33 INFO  : ----------------XSDB Script (After Launch)----------------
targets -set -nocase -filter {name =~ "ARM*#0" && jtag_cable_name =~ "Xilinx TUL 1234-tulA"} -index 0
con
----------------End of Script----------------

01:13:33 INFO  : Launch script is exported to file 'C:\soc\HW1\HW1.sdk\.sdk\launch_scripts\xilinx_c-c++_application_(system_debugger)\system_debugger_using_debug_led.elf_on_local.tcl'
01:13:44 INFO  : Connected to target on host '127.0.0.1' and port '3121'.
01:13:44 INFO  : 'targets -set -filter {jtag_cable_name =~ "Xilinx TUL 1234-tulA" && level==0} -index 1' command is executed.
01:13:46 INFO  : FPGA configured successfully with bitstream "C:/soc/HW1/HW1.sdk/design_1_wrapper_hw_platform_0/design_1_wrapper.bit"
01:13:54 INFO  : Disconnected from the channel tcfchan#3.
01:13:55 INFO  : 'targets -set -filter {jtag_cable_name =~ "Xilinx TUL 1234-tulA" && level==0} -index 1' command is executed.
01:13:55 INFO  : 'fpga -state' command is executed.
01:13:55 INFO  : Connected to target on host '127.0.0.1' and port '3121'.
01:13:55 INFO  : Jtag cable 'Xilinx TUL 1234-tulA' is selected.
01:13:55 INFO  : 'jtag frequency' command is executed.
01:13:55 INFO  : Sourcing of 'C:/soc/HW1/HW1.sdk/design_1_wrapper_hw_platform_0/ps7_init.tcl' is done.
01:13:55 INFO  : Context for 'APU' is selected.
01:13:55 INFO  : Hardware design information is loaded from 'C:/soc/HW1/HW1.sdk/design_1_wrapper_hw_platform_0/system.hdf'.
01:13:55 INFO  : 'configparams force-mem-access 1' command is executed.
01:13:55 INFO  : Context for 'APU' is selected.
01:13:55 INFO  : 'stop' command is executed.
01:13:56 INFO  : 'ps7_init' command is executed.
01:13:56 INFO  : 'ps7_post_config' command is executed.
01:13:56 INFO  : Context for processor 'ps7_cortexa9_0' is selected.
01:13:56 INFO  : Processor reset is completed for 'ps7_cortexa9_0'.
01:13:56 INFO  : Context for processor 'ps7_cortexa9_0' is selected.
01:13:56 INFO  : The application 'C:/soc/HW1/HW1.sdk/led/Debug/led.elf' is downloaded to processor 'ps7_cortexa9_0'.
01:13:56 INFO  : 'configparams force-mem-access 0' command is executed.
01:13:56 INFO  : ----------------XSDB Script----------------
connect -url tcp:127.0.0.1:3121
source C:/soc/HW1/HW1.sdk/design_1_wrapper_hw_platform_0/ps7_init.tcl
targets -set -nocase -filter {name =~"APU*" && jtag_cable_name =~ "Xilinx TUL 1234-tulA"} -index 0
loadhw -hw C:/soc/HW1/HW1.sdk/design_1_wrapper_hw_platform_0/system.hdf -mem-ranges [list {0x40000000 0xbfffffff}]
configparams force-mem-access 1
targets -set -nocase -filter {name =~"APU*" && jtag_cable_name =~ "Xilinx TUL 1234-tulA"} -index 0
stop
ps7_init
ps7_post_config
targets -set -nocase -filter {name =~ "ARM*#0" && jtag_cable_name =~ "Xilinx TUL 1234-tulA"} -index 0
rst -processor
targets -set -nocase -filter {name =~ "ARM*#0" && jtag_cable_name =~ "Xilinx TUL 1234-tulA"} -index 0
dow C:/soc/HW1/HW1.sdk/led/Debug/led.elf
configparams force-mem-access 0
----------------End of Script----------------

01:13:56 INFO  : Memory regions updated for context APU
01:13:56 INFO  : Context for processor 'ps7_cortexa9_0' is selected.
01:13:56 INFO  : 'con' command is executed.
01:13:56 INFO  : ----------------XSDB Script (After Launch)----------------
targets -set -nocase -filter {name =~ "ARM*#0" && jtag_cable_name =~ "Xilinx TUL 1234-tulA"} -index 0
con
----------------End of Script----------------

01:13:56 INFO  : Launch script is exported to file 'C:\soc\HW1\HW1.sdk\.sdk\launch_scripts\xilinx_c-c++_application_(system_debugger)\system_debugger_using_debug_led.elf_on_local.tcl'
01:14:38 INFO  : Disconnected from the channel tcfchan#4.
01:15:00 INFO  : Registering command handlers for SDK TCF services
01:15:01 INFO  : Launching XSCT server: xsct.bat -interactive C:\soc\HW1\HW1.sdk\temp_xsdb_launch_script.tcl
01:15:03 INFO  : XSCT server has started successfully.
01:15:03 INFO  : Successfully done setting XSCT server connection channel  
01:15:03 INFO  : Successfully done setting SDK workspace  
01:15:03 INFO  : Processing command line option -hwspec C:/soc/HW1/HW1.sdk/design_1_wrapper.hdf.
01:15:03 INFO  : Checking for hwspec changes in the project design_1_wrapper_hw_platform_0.
01:15:42 INFO  : Connected to target on host '127.0.0.1' and port '3121'.
01:15:42 INFO  : 'targets -set -filter {jtag_cable_name =~ "Xilinx TUL 1234-tulA" && level==0} -index 1' command is executed.
01:15:44 INFO  : FPGA configured successfully with bitstream "C:/soc/HW1/HW1.sdk/design_1_wrapper_hw_platform_0/design_1_wrapper.bit"
01:15:55 INFO  : 'targets -set -filter {jtag_cable_name =~ "Xilinx TUL 1234-tulA" && level==0} -index 1' command is executed.
01:15:55 INFO  : 'fpga -state' command is executed.
01:15:55 INFO  : Connected to target on host '127.0.0.1' and port '3121'.
01:15:55 INFO  : Jtag cable 'Xilinx TUL 1234-tulA' is selected.
01:15:55 INFO  : 'jtag frequency' command is executed.
01:15:55 INFO  : Sourcing of 'C:/soc/HW1/HW1.sdk/design_1_wrapper_hw_platform_0/ps7_init.tcl' is done.
01:15:55 INFO  : Context for 'APU' is selected.
01:15:55 INFO  : Hardware design information is loaded from 'C:/soc/HW1/HW1.sdk/design_1_wrapper_hw_platform_0/system.hdf'.
01:15:55 INFO  : 'configparams force-mem-access 1' command is executed.
01:15:55 INFO  : Context for 'APU' is selected.
01:15:55 INFO  : 'stop' command is executed.
01:15:55 INFO  : 'ps7_init' command is executed.
01:15:55 INFO  : 'ps7_post_config' command is executed.
01:15:55 INFO  : Context for processor 'ps7_cortexa9_0' is selected.
01:15:56 INFO  : Processor reset is completed for 'ps7_cortexa9_0'.
01:15:56 INFO  : Context for processor 'ps7_cortexa9_0' is selected.
01:15:56 INFO  : The application 'C:/soc/HW1/HW1.sdk/led/Debug/led.elf' is downloaded to processor 'ps7_cortexa9_0'.
01:15:56 INFO  : 'configparams force-mem-access 0' command is executed.
01:15:56 INFO  : ----------------XSDB Script----------------
connect -url tcp:127.0.0.1:3121
source C:/soc/HW1/HW1.sdk/design_1_wrapper_hw_platform_0/ps7_init.tcl
targets -set -nocase -filter {name =~"APU*" && jtag_cable_name =~ "Xilinx TUL 1234-tulA"} -index 0
loadhw -hw C:/soc/HW1/HW1.sdk/design_1_wrapper_hw_platform_0/system.hdf -mem-ranges [list {0x40000000 0xbfffffff}]
configparams force-mem-access 1
targets -set -nocase -filter {name =~"APU*" && jtag_cable_name =~ "Xilinx TUL 1234-tulA"} -index 0
stop
ps7_init
ps7_post_config
targets -set -nocase -filter {name =~ "ARM*#0" && jtag_cable_name =~ "Xilinx TUL 1234-tulA"} -index 0
rst -processor
targets -set -nocase -filter {name =~ "ARM*#0" && jtag_cable_name =~ "Xilinx TUL 1234-tulA"} -index 0
dow C:/soc/HW1/HW1.sdk/led/Debug/led.elf
configparams force-mem-access 0
----------------End of Script----------------

01:15:56 INFO  : Memory regions updated for context APU
01:15:56 INFO  : Context for processor 'ps7_cortexa9_0' is selected.
01:15:56 INFO  : 'con' command is executed.
01:15:56 INFO  : ----------------XSDB Script (After Launch)----------------
targets -set -nocase -filter {name =~ "ARM*#0" && jtag_cable_name =~ "Xilinx TUL 1234-tulA"} -index 0
con
----------------End of Script----------------

01:15:56 INFO  : Launch script is exported to file 'C:\soc\HW1\HW1.sdk\.sdk\launch_scripts\performance_analysis\performance_analysis_using_debug_led.elf_on_local.tcl'
01:15:57 INFO  : Apm configuration has been updated and stored to 'C:\soc\HW1\HW1.sdk\design_1_wrapper_hw_platform_0\apmconfigs\apm_default.json' for the project 'design_1_wrapper_hw_platform_0'
01:15:58 INFO  : Performance data for 'PS' will be exported to the file 'C:\soc\HW1\HW1.sdk\design_1_wrapper_hw_platform_0_Traces\Traces\Run_四月-24_01-15\PS_Trace_四月-24_01-15\trace'
01:15:58 INFO  : Created tracing project 'design_1_wrapper_hw_platform_0_Traces'
01:15:58 INFO  : Added tracing folder 'C:\soc\HW1\HW1.sdk\design_1_wrapper_hw_platform_0_Traces\Traces\Run_四月-24_01-15\PS_Trace_四月-24_01-15' into  'design_1_wrapper_hw_platform_0_Traces'
01:15:58 INFO  : Attempting to open tracing file 'PS_Trace_四月-24_01-15'
01:16:10 INFO  : Performance data for 'PS' has been exported to the file 'C:\soc\HW1\HW1.sdk\design_1_wrapper_hw_platform_0_Traces\Traces\Run_四月-24_01-15\PS_Trace_四月-24_01-15\trace'
01:16:10 INFO  : Disconnected from the channel tcfchan#1.
01:16:11 INFO  : 'targets -set -filter {jtag_cable_name =~ "Xilinx TUL 1234-tulA" && level==0} -index 1' command is executed.
01:16:11 INFO  : 'fpga -state' command is executed.
01:16:11 INFO  : Connected to target on host '127.0.0.1' and port '3121'.
01:16:11 INFO  : Jtag cable 'Xilinx TUL 1234-tulA' is selected.
01:16:11 INFO  : 'jtag frequency' command is executed.
01:16:11 INFO  : Sourcing of 'C:/soc/HW1/HW1.sdk/design_1_wrapper_hw_platform_0/ps7_init.tcl' is done.
01:16:11 INFO  : Context for 'APU' is selected.
01:16:12 INFO  : Hardware design information is loaded from 'C:/soc/HW1/HW1.sdk/design_1_wrapper_hw_platform_0/system.hdf'.
01:16:12 INFO  : 'configparams force-mem-access 1' command is executed.
01:16:12 INFO  : Context for 'APU' is selected.
01:16:12 INFO  : 'stop' command is executed.
01:16:13 INFO  : 'ps7_init' command is executed.
01:16:13 INFO  : 'ps7_post_config' command is executed.
01:16:13 INFO  : Context for processor 'ps7_cortexa9_0' is selected.
01:16:13 INFO  : Processor reset is completed for 'ps7_cortexa9_0'.
01:16:13 INFO  : Context for processor 'ps7_cortexa9_0' is selected.
01:16:13 INFO  : The application 'C:/soc/HW1/HW1.sdk/led/Debug/led.elf' is downloaded to processor 'ps7_cortexa9_0'.
01:16:13 INFO  : 'configparams force-mem-access 0' command is executed.
01:16:13 INFO  : ----------------XSDB Script----------------
connect -url tcp:127.0.0.1:3121
source C:/soc/HW1/HW1.sdk/design_1_wrapper_hw_platform_0/ps7_init.tcl
targets -set -nocase -filter {name =~"APU*" && jtag_cable_name =~ "Xilinx TUL 1234-tulA"} -index 0
loadhw -hw C:/soc/HW1/HW1.sdk/design_1_wrapper_hw_platform_0/system.hdf -mem-ranges [list {0x40000000 0xbfffffff}]
configparams force-mem-access 1
targets -set -nocase -filter {name =~"APU*" && jtag_cable_name =~ "Xilinx TUL 1234-tulA"} -index 0
stop
ps7_init
ps7_post_config
targets -set -nocase -filter {name =~ "ARM*#0" && jtag_cable_name =~ "Xilinx TUL 1234-tulA"} -index 0
rst -processor
targets -set -nocase -filter {name =~ "ARM*#0" && jtag_cable_name =~ "Xilinx TUL 1234-tulA"} -index 0
dow C:/soc/HW1/HW1.sdk/led/Debug/led.elf
configparams force-mem-access 0
----------------End of Script----------------

01:16:13 INFO  : Memory regions updated for context APU
01:16:13 INFO  : Context for processor 'ps7_cortexa9_0' is selected.
01:16:13 INFO  : 'con' command is executed.
01:16:13 INFO  : ----------------XSDB Script (After Launch)----------------
targets -set -nocase -filter {name =~ "ARM*#0" && jtag_cable_name =~ "Xilinx TUL 1234-tulA"} -index 0
con
----------------End of Script----------------

01:16:13 INFO  : Launch script is exported to file 'C:\soc\HW1\HW1.sdk\.sdk\launch_scripts\xilinx_c-c++_application_(system_debugger)\system_debugger_using_debug_led.elf_on_local.tcl'
01:16:28 INFO  : Connected to target on host '127.0.0.1' and port '3121'.
01:16:28 INFO  : 'targets -set -filter {jtag_cable_name =~ "Xilinx TUL 1234-tulA" && level==0} -index 1' command is executed.
01:16:31 INFO  : FPGA configured successfully with bitstream "C:/soc/HW1/HW1.sdk/design_1_wrapper_hw_platform_0/design_1_wrapper.bit"
01:16:35 INFO  : Disconnected from the channel tcfchan#2.
01:16:36 INFO  : 'targets -set -filter {jtag_cable_name =~ "Xilinx TUL 1234-tulA" && level==0} -index 1' command is executed.
01:16:36 INFO  : 'fpga -state' command is executed.
01:16:36 INFO  : Connected to target on host '127.0.0.1' and port '3121'.
01:16:36 INFO  : Jtag cable 'Xilinx TUL 1234-tulA' is selected.
01:16:36 INFO  : 'jtag frequency' command is executed.
01:16:36 INFO  : Sourcing of 'C:/soc/HW1/HW1.sdk/design_1_wrapper_hw_platform_0/ps7_init.tcl' is done.
01:16:36 INFO  : Context for 'APU' is selected.
01:16:37 INFO  : Hardware design information is loaded from 'C:/soc/HW1/HW1.sdk/design_1_wrapper_hw_platform_0/system.hdf'.
01:16:37 INFO  : 'configparams force-mem-access 1' command is executed.
01:16:37 INFO  : Context for 'APU' is selected.
01:16:37 INFO  : 'stop' command is executed.
01:16:37 INFO  : 'ps7_init' command is executed.
01:16:37 INFO  : 'ps7_post_config' command is executed.
01:16:37 INFO  : Context for processor 'ps7_cortexa9_0' is selected.
01:16:38 INFO  : Processor reset is completed for 'ps7_cortexa9_0'.
01:16:38 INFO  : Context for processor 'ps7_cortexa9_0' is selected.
01:16:38 INFO  : The application 'C:/soc/HW1/HW1.sdk/led/Debug/led.elf' is downloaded to processor 'ps7_cortexa9_0'.
01:16:38 INFO  : 'configparams force-mem-access 0' command is executed.
01:16:38 INFO  : ----------------XSDB Script----------------
connect -url tcp:127.0.0.1:3121
source C:/soc/HW1/HW1.sdk/design_1_wrapper_hw_platform_0/ps7_init.tcl
targets -set -nocase -filter {name =~"APU*" && jtag_cable_name =~ "Xilinx TUL 1234-tulA"} -index 0
loadhw -hw C:/soc/HW1/HW1.sdk/design_1_wrapper_hw_platform_0/system.hdf -mem-ranges [list {0x40000000 0xbfffffff}]
configparams force-mem-access 1
targets -set -nocase -filter {name =~"APU*" && jtag_cable_name =~ "Xilinx TUL 1234-tulA"} -index 0
stop
ps7_init
ps7_post_config
targets -set -nocase -filter {name =~ "ARM*#0" && jtag_cable_name =~ "Xilinx TUL 1234-tulA"} -index 0
rst -processor
targets -set -nocase -filter {name =~ "ARM*#0" && jtag_cable_name =~ "Xilinx TUL 1234-tulA"} -index 0
dow C:/soc/HW1/HW1.sdk/led/Debug/led.elf
configparams force-mem-access 0
----------------End of Script----------------

01:16:38 INFO  : Memory regions updated for context APU
01:16:38 INFO  : Context for processor 'ps7_cortexa9_0' is selected.
01:16:38 INFO  : 'con' command is executed.
01:16:38 INFO  : ----------------XSDB Script (After Launch)----------------
targets -set -nocase -filter {name =~ "ARM*#0" && jtag_cable_name =~ "Xilinx TUL 1234-tulA"} -index 0
con
----------------End of Script----------------

01:16:38 INFO  : Launch script is exported to file 'C:\soc\HW1\HW1.sdk\.sdk\launch_scripts\xilinx_c-c++_application_(system_debugger)\system_debugger_using_debug_led.elf_on_local.tcl'
01:17:09 INFO  : Disconnected from the channel tcfchan#3.
01:17:10 INFO  : 'targets -set -filter {jtag_cable_name =~ "Xilinx TUL 1234-tulA" && level==0} -index 1' command is executed.
01:17:10 INFO  : 'fpga -state' command is executed.
01:17:10 INFO  : Connected to target on host '127.0.0.1' and port '3121'.
01:17:10 INFO  : Jtag cable 'Xilinx TUL 1234-tulA' is selected.
01:17:10 INFO  : 'jtag frequency' command is executed.
01:17:10 INFO  : Sourcing of 'C:/soc/HW1/HW1.sdk/design_1_wrapper_hw_platform_0/ps7_init.tcl' is done.
01:17:10 INFO  : Context for 'APU' is selected.
01:17:12 INFO  : Hardware design information is loaded from 'C:/soc/HW1/HW1.sdk/design_1_wrapper_hw_platform_0/system.hdf'.
01:17:12 INFO  : 'configparams force-mem-access 1' command is executed.
01:17:12 INFO  : Context for 'APU' is selected.
01:17:12 INFO  : 'stop' command is executed.
01:17:12 INFO  : 'ps7_init' command is executed.
01:17:12 INFO  : 'ps7_post_config' command is executed.
01:17:12 INFO  : Context for processor 'ps7_cortexa9_0' is selected.
01:17:12 INFO  : Processor reset is completed for 'ps7_cortexa9_0'.
01:17:12 INFO  : Context for processor 'ps7_cortexa9_0' is selected.
01:17:12 INFO  : The application 'C:/soc/HW1/HW1.sdk/led/Debug/led.elf' is downloaded to processor 'ps7_cortexa9_0'.
01:17:12 INFO  : 'configparams force-mem-access 0' command is executed.
01:17:12 INFO  : ----------------XSDB Script----------------
connect -url tcp:127.0.0.1:3121
source C:/soc/HW1/HW1.sdk/design_1_wrapper_hw_platform_0/ps7_init.tcl
targets -set -nocase -filter {name =~"APU*" && jtag_cable_name =~ "Xilinx TUL 1234-tulA"} -index 0
loadhw -hw C:/soc/HW1/HW1.sdk/design_1_wrapper_hw_platform_0/system.hdf -mem-ranges [list {0x40000000 0xbfffffff}]
configparams force-mem-access 1
targets -set -nocase -filter {name =~"APU*" && jtag_cable_name =~ "Xilinx TUL 1234-tulA"} -index 0
stop
ps7_init
ps7_post_config
targets -set -nocase -filter {name =~ "ARM*#0" && jtag_cable_name =~ "Xilinx TUL 1234-tulA"} -index 0
rst -processor
targets -set -nocase -filter {name =~ "ARM*#0" && jtag_cable_name =~ "Xilinx TUL 1234-tulA"} -index 0
dow C:/soc/HW1/HW1.sdk/led/Debug/led.elf
configparams force-mem-access 0
----------------End of Script----------------

01:17:13 INFO  : Memory regions updated for context APU
01:17:13 INFO  : Context for processor 'ps7_cortexa9_0' is selected.
01:17:13 INFO  : 'con' command is executed.
01:17:13 INFO  : ----------------XSDB Script (After Launch)----------------
targets -set -nocase -filter {name =~ "ARM*#0" && jtag_cable_name =~ "Xilinx TUL 1234-tulA"} -index 0
con
----------------End of Script----------------

01:17:13 INFO  : Launch script is exported to file 'C:\soc\HW1\HW1.sdk\.sdk\launch_scripts\xilinx_c-c++_application_(system_debugger)\system_debugger_using_debug_led.elf_on_local.tcl'
01:17:25 INFO  : Connected to target on host '127.0.0.1' and port '3121'.
01:17:25 INFO  : 'targets -set -filter {jtag_cable_name =~ "Xilinx TUL 1234-tulA" && level==0} -index 1' command is executed.
01:17:28 INFO  : FPGA configured successfully with bitstream "C:/soc/HW1/HW1.sdk/design_1_wrapper_hw_platform_0/design_1_wrapper.bit"
01:17:36 INFO  : Disconnected from the channel tcfchan#4.
01:17:37 INFO  : 'targets -set -filter {jtag_cable_name =~ "Xilinx TUL 1234-tulA" && level==0} -index 1' command is executed.
01:17:37 INFO  : 'fpga -state' command is executed.
01:17:37 INFO  : Connected to target on host '127.0.0.1' and port '3121'.
01:17:37 INFO  : Jtag cable 'Xilinx TUL 1234-tulA' is selected.
01:17:37 INFO  : 'jtag frequency' command is executed.
01:17:37 INFO  : Sourcing of 'C:/soc/HW1/HW1.sdk/design_1_wrapper_hw_platform_0/ps7_init.tcl' is done.
01:17:37 INFO  : Context for 'APU' is selected.
01:17:38 INFO  : Hardware design information is loaded from 'C:/soc/HW1/HW1.sdk/design_1_wrapper_hw_platform_0/system.hdf'.
01:17:38 INFO  : 'configparams force-mem-access 1' command is executed.
01:17:38 INFO  : Context for 'APU' is selected.
01:17:38 INFO  : 'stop' command is executed.
01:17:38 INFO  : 'ps7_init' command is executed.
01:17:38 INFO  : 'ps7_post_config' command is executed.
01:17:38 INFO  : Context for processor 'ps7_cortexa9_0' is selected.
01:17:38 INFO  : Processor reset is completed for 'ps7_cortexa9_0'.
01:17:38 INFO  : Context for processor 'ps7_cortexa9_0' is selected.
01:17:39 INFO  : The application 'C:/soc/HW1/HW1.sdk/led/Debug/led.elf' is downloaded to processor 'ps7_cortexa9_0'.
01:17:39 INFO  : 'configparams force-mem-access 0' command is executed.
01:17:39 INFO  : ----------------XSDB Script----------------
connect -url tcp:127.0.0.1:3121
source C:/soc/HW1/HW1.sdk/design_1_wrapper_hw_platform_0/ps7_init.tcl
targets -set -nocase -filter {name =~"APU*" && jtag_cable_name =~ "Xilinx TUL 1234-tulA"} -index 0
loadhw -hw C:/soc/HW1/HW1.sdk/design_1_wrapper_hw_platform_0/system.hdf -mem-ranges [list {0x40000000 0xbfffffff}]
configparams force-mem-access 1
targets -set -nocase -filter {name =~"APU*" && jtag_cable_name =~ "Xilinx TUL 1234-tulA"} -index 0
stop
ps7_init
ps7_post_config
targets -set -nocase -filter {name =~ "ARM*#0" && jtag_cable_name =~ "Xilinx TUL 1234-tulA"} -index 0
rst -processor
targets -set -nocase -filter {name =~ "ARM*#0" && jtag_cable_name =~ "Xilinx TUL 1234-tulA"} -index 0
dow C:/soc/HW1/HW1.sdk/led/Debug/led.elf
configparams force-mem-access 0
----------------End of Script----------------

01:17:39 INFO  : Memory regions updated for context APU
01:17:39 INFO  : Context for processor 'ps7_cortexa9_0' is selected.
01:17:39 INFO  : 'con' command is executed.
01:17:39 INFO  : ----------------XSDB Script (After Launch)----------------
targets -set -nocase -filter {name =~ "ARM*#0" && jtag_cable_name =~ "Xilinx TUL 1234-tulA"} -index 0
con
----------------End of Script----------------

01:17:39 INFO  : Launch script is exported to file 'C:\soc\HW1\HW1.sdk\.sdk\launch_scripts\xilinx_c-c++_application_(system_debugger)\system_debugger_using_debug_led.elf_on_local.tcl'
01:18:22 INFO  : Disconnected from the channel tcfchan#5.
20:31:32 INFO  : Registering command handlers for SDK TCF services
20:31:33 INFO  : Launching XSCT server: xsct.bat -interactive C:\soc\HW1\HW1.sdk\temp_xsdb_launch_script.tcl
20:31:36 INFO  : XSCT server has started successfully.
20:31:43 INFO  : Successfully done setting XSCT server connection channel  
20:31:43 INFO  : Successfully done setting SDK workspace  
20:31:43 INFO  : Processing command line option -hwspec C:/soc/HW1/HW1.sdk/design_1_wrapper.hdf.
20:31:43 INFO  : Checking for hwspec changes in the project design_1_wrapper_hw_platform_0.
20:31:49 INFO  : SDK has detected change in the last modified timestamps for source hardware specification file Source:1745497665595,  Project:1745428335938
20:31:49 INFO  : The hardware specification for project 'design_1_wrapper_hw_platform_0' is different from C:/soc/HW1/HW1.sdk/design_1_wrapper.hdf.
20:31:50 INFO  : Copied contents of C:/soc/HW1/HW1.sdk/design_1_wrapper.hdf into \design_1_wrapper_hw_platform_0\system.hdf.
20:31:52 INFO  : Synchronizing projects in the workspace with the hardware platform specification changes.
20:31:55 INFO  : 
20:31:56 INFO  : Updating hardware inferred compiler options for led.
20:31:56 INFO  : Clearing existing target manager status.
20:34:56 INFO  : Registering command handlers for SDK TCF services
20:34:57 INFO  : Launching XSCT server: xsct.bat -interactive C:\soc\HW1\HW1.sdk\temp_xsdb_launch_script.tcl
20:34:58 INFO  : XSCT server has started successfully.
20:34:58 INFO  : Successfully done setting XSCT server connection channel  
20:34:58 INFO  : Successfully done setting SDK workspace  
20:34:58 INFO  : Processing command line option -hwspec C:/soc/HW1/HW1.sdk/design_1_wrapper.hdf.
20:34:58 INFO  : Checking for hwspec changes in the project design_1_wrapper_hw_platform_0.
20:35:38 INFO  : Connected to target on host '127.0.0.1' and port '3121'.
20:35:39 INFO  : 'targets -set -filter {jtag_cable_name =~ "Xilinx TUL 1234-tulA" && level==0} -index 1' command is executed.
20:35:41 INFO  : FPGA configured successfully with bitstream "C:/soc/HW1/HW1.sdk/design_1_wrapper_hw_platform_0/design_1_wrapper.bit"
20:35:47 INFO  : 'targets -set -filter {jtag_cable_name =~ "Xilinx TUL 1234-tulA" && level==0} -index 1' command is executed.
20:35:47 INFO  : 'fpga -state' command is executed.
20:35:47 INFO  : Connected to target on host '127.0.0.1' and port '3121'.
20:35:47 INFO  : Jtag cable 'Xilinx TUL 1234-tulA' is selected.
20:35:47 INFO  : 'jtag frequency' command is executed.
20:35:47 INFO  : Sourcing of 'C:/soc/HW1/HW1.sdk/design_1_wrapper_hw_platform_0/ps7_init.tcl' is done.
20:35:47 INFO  : Context for 'APU' is selected.
20:35:47 INFO  : Hardware design information is loaded from 'C:/soc/HW1/HW1.sdk/design_1_wrapper_hw_platform_0/system.hdf'.
20:35:47 INFO  : 'configparams force-mem-access 1' command is executed.
20:35:47 INFO  : Context for 'APU' is selected.
20:35:48 INFO  : 'stop' command is executed.
20:35:48 INFO  : 'ps7_init' command is executed.
20:35:48 INFO  : 'ps7_post_config' command is executed.
20:35:48 INFO  : Context for processor 'ps7_cortexa9_0' is selected.
20:35:48 INFO  : Processor reset is completed for 'ps7_cortexa9_0'.
20:35:48 INFO  : Context for processor 'ps7_cortexa9_0' is selected.
20:35:48 INFO  : The application 'C:/soc/HW1/HW1.sdk/led/Debug/led.elf' is downloaded to processor 'ps7_cortexa9_0'.
20:35:48 INFO  : 'configparams force-mem-access 0' command is executed.
20:35:48 INFO  : ----------------XSDB Script----------------
connect -url tcp:127.0.0.1:3121
source C:/soc/HW1/HW1.sdk/design_1_wrapper_hw_platform_0/ps7_init.tcl
targets -set -nocase -filter {name =~"APU*" && jtag_cable_name =~ "Xilinx TUL 1234-tulA"} -index 0
loadhw -hw C:/soc/HW1/HW1.sdk/design_1_wrapper_hw_platform_0/system.hdf -mem-ranges [list {0x40000000 0xbfffffff}]
configparams force-mem-access 1
targets -set -nocase -filter {name =~"APU*" && jtag_cable_name =~ "Xilinx TUL 1234-tulA"} -index 0
stop
ps7_init
ps7_post_config
targets -set -nocase -filter {name =~ "ARM*#0" && jtag_cable_name =~ "Xilinx TUL 1234-tulA"} -index 0
rst -processor
targets -set -nocase -filter {name =~ "ARM*#0" && jtag_cable_name =~ "Xilinx TUL 1234-tulA"} -index 0
dow C:/soc/HW1/HW1.sdk/led/Debug/led.elf
configparams force-mem-access 0
----------------End of Script----------------

20:35:48 INFO  : Memory regions updated for context APU
20:35:48 INFO  : Context for processor 'ps7_cortexa9_0' is selected.
20:35:48 INFO  : 'con' command is executed.
20:35:48 INFO  : ----------------XSDB Script (After Launch)----------------
targets -set -nocase -filter {name =~ "ARM*#0" && jtag_cable_name =~ "Xilinx TUL 1234-tulA"} -index 0
con
----------------End of Script----------------

20:35:48 INFO  : Launch script is exported to file 'C:\soc\HW1\HW1.sdk\.sdk\launch_scripts\xilinx_c-c++_application_(system_debugger)\system_debugger_using_debug_led.elf_on_local.tcl'
20:36:17 INFO  : Disconnected from the channel tcfchan#1.
20:36:18 INFO  : 'targets -set -filter {jtag_cable_name =~ "Xilinx TUL 1234-tulA" && level==0} -index 1' command is executed.
20:36:18 INFO  : 'fpga -state' command is executed.
20:36:18 INFO  : Connected to target on host '127.0.0.1' and port '3121'.
20:36:18 INFO  : Jtag cable 'Xilinx TUL 1234-tulA' is selected.
20:36:18 INFO  : 'jtag frequency' command is executed.
20:36:18 INFO  : Sourcing of 'C:/soc/HW1/HW1.sdk/design_1_wrapper_hw_platform_0/ps7_init.tcl' is done.
20:36:18 INFO  : Context for 'APU' is selected.
20:36:20 INFO  : Hardware design information is loaded from 'C:/soc/HW1/HW1.sdk/design_1_wrapper_hw_platform_0/system.hdf'.
20:36:20 INFO  : 'configparams force-mem-access 1' command is executed.
20:36:20 INFO  : Context for 'APU' is selected.
20:36:20 INFO  : 'stop' command is executed.
20:36:20 INFO  : 'ps7_init' command is executed.
20:36:20 INFO  : 'ps7_post_config' command is executed.
20:36:20 INFO  : Context for processor 'ps7_cortexa9_0' is selected.
20:36:20 INFO  : Processor reset is completed for 'ps7_cortexa9_0'.
20:36:20 INFO  : Context for processor 'ps7_cortexa9_0' is selected.
20:36:21 INFO  : The application 'C:/soc/HW1/HW1.sdk/led/Debug/led.elf' is downloaded to processor 'ps7_cortexa9_0'.
20:36:21 INFO  : 'configparams force-mem-access 0' command is executed.
20:36:21 INFO  : ----------------XSDB Script----------------
connect -url tcp:127.0.0.1:3121
source C:/soc/HW1/HW1.sdk/design_1_wrapper_hw_platform_0/ps7_init.tcl
targets -set -nocase -filter {name =~"APU*" && jtag_cable_name =~ "Xilinx TUL 1234-tulA"} -index 0
loadhw -hw C:/soc/HW1/HW1.sdk/design_1_wrapper_hw_platform_0/system.hdf -mem-ranges [list {0x40000000 0xbfffffff}]
configparams force-mem-access 1
targets -set -nocase -filter {name =~"APU*" && jtag_cable_name =~ "Xilinx TUL 1234-tulA"} -index 0
stop
ps7_init
ps7_post_config
targets -set -nocase -filter {name =~ "ARM*#0" && jtag_cable_name =~ "Xilinx TUL 1234-tulA"} -index 0
rst -processor
targets -set -nocase -filter {name =~ "ARM*#0" && jtag_cable_name =~ "Xilinx TUL 1234-tulA"} -index 0
dow C:/soc/HW1/HW1.sdk/led/Debug/led.elf
configparams force-mem-access 0
----------------End of Script----------------

20:36:21 INFO  : Memory regions updated for context APU
20:36:21 INFO  : Context for processor 'ps7_cortexa9_0' is selected.
20:36:21 INFO  : 'con' command is executed.
20:36:21 INFO  : ----------------XSDB Script (After Launch)----------------
targets -set -nocase -filter {name =~ "ARM*#0" && jtag_cable_name =~ "Xilinx TUL 1234-tulA"} -index 0
con
----------------End of Script----------------

20:36:21 INFO  : Launch script is exported to file 'C:\soc\HW1\HW1.sdk\.sdk\launch_scripts\xilinx_c-c++_application_(system_debugger)\system_debugger_using_debug_led.elf_on_local.tcl'
20:37:03 INFO  : Connected to target on host '127.0.0.1' and port '3121'.
20:37:03 INFO  : 'targets -set -filter {jtag_cable_name =~ "Xilinx TUL 1234-tulA" && level==0} -index 1' command is executed.
20:37:05 INFO  : FPGA configured successfully with bitstream "C:/soc/HW1/HW1.sdk/design_1_wrapper_hw_platform_0/design_1_wrapper.bit"
20:37:41 INFO  : Connected to target on host '127.0.0.1' and port '3121'.
20:37:41 INFO  : 'targets -set -filter {jtag_cable_name =~ "Xilinx TUL 1234-tulA" && level==0} -index 1' command is executed.
20:37:43 INFO  : FPGA configured successfully with bitstream "C:/soc/HW1/HW1.sdk/design_1_wrapper_hw_platform_0/design_1_wrapper.bit"
20:37:50 INFO  : Disconnected from the channel tcfchan#2.
20:37:51 INFO  : 'targets -set -filter {jtag_cable_name =~ "Xilinx TUL 1234-tulA" && level==0} -index 1' command is executed.
20:37:51 INFO  : 'fpga -state' command is executed.
20:37:51 INFO  : Connected to target on host '127.0.0.1' and port '3121'.
20:37:51 INFO  : Jtag cable 'Xilinx TUL 1234-tulA' is selected.
20:37:51 INFO  : 'jtag frequency' command is executed.
20:37:51 INFO  : Sourcing of 'C:/soc/HW1/HW1.sdk/design_1_wrapper_hw_platform_0/ps7_init.tcl' is done.
20:37:51 INFO  : Context for 'APU' is selected.
20:37:53 INFO  : Hardware design information is loaded from 'C:/soc/HW1/HW1.sdk/design_1_wrapper_hw_platform_0/system.hdf'.
20:37:53 INFO  : 'configparams force-mem-access 1' command is executed.
20:37:53 INFO  : Context for 'APU' is selected.
20:37:53 INFO  : 'stop' command is executed.
20:37:53 INFO  : 'ps7_init' command is executed.
20:37:53 INFO  : 'ps7_post_config' command is executed.
20:37:53 INFO  : Context for processor 'ps7_cortexa9_0' is selected.
20:37:53 INFO  : Processor reset is completed for 'ps7_cortexa9_0'.
20:37:53 INFO  : Context for processor 'ps7_cortexa9_0' is selected.
20:37:53 INFO  : The application 'C:/soc/HW1/HW1.sdk/led/Debug/led.elf' is downloaded to processor 'ps7_cortexa9_0'.
20:37:53 INFO  : 'configparams force-mem-access 0' command is executed.
20:37:53 INFO  : ----------------XSDB Script----------------
connect -url tcp:127.0.0.1:3121
source C:/soc/HW1/HW1.sdk/design_1_wrapper_hw_platform_0/ps7_init.tcl
targets -set -nocase -filter {name =~"APU*" && jtag_cable_name =~ "Xilinx TUL 1234-tulA"} -index 0
loadhw -hw C:/soc/HW1/HW1.sdk/design_1_wrapper_hw_platform_0/system.hdf -mem-ranges [list {0x40000000 0xbfffffff}]
configparams force-mem-access 1
targets -set -nocase -filter {name =~"APU*" && jtag_cable_name =~ "Xilinx TUL 1234-tulA"} -index 0
stop
ps7_init
ps7_post_config
targets -set -nocase -filter {name =~ "ARM*#0" && jtag_cable_name =~ "Xilinx TUL 1234-tulA"} -index 0
rst -processor
targets -set -nocase -filter {name =~ "ARM*#0" && jtag_cable_name =~ "Xilinx TUL 1234-tulA"} -index 0
dow C:/soc/HW1/HW1.sdk/led/Debug/led.elf
configparams force-mem-access 0
----------------End of Script----------------

20:37:53 INFO  : Memory regions updated for context APU
20:37:54 INFO  : Context for processor 'ps7_cortexa9_0' is selected.
20:37:54 INFO  : 'con' command is executed.
20:37:54 INFO  : ----------------XSDB Script (After Launch)----------------
targets -set -nocase -filter {name =~ "ARM*#0" && jtag_cable_name =~ "Xilinx TUL 1234-tulA"} -index 0
con
----------------End of Script----------------

20:37:54 INFO  : Launch script is exported to file 'C:\soc\HW1\HW1.sdk\.sdk\launch_scripts\xilinx_c-c++_application_(system_debugger)\system_debugger_using_debug_led.elf_on_local.tcl'
20:40:08 INFO  : Disconnected from the channel tcfchan#3.
