
*** Running vivado
    with args -log design_1_wrapper.vds -m64 -product Vivado -mode batch -messageDb vivado.pb -notrace -source design_1_wrapper.tcl


****** Vivado v2018.3 (64-bit)
  **** SW Build 2405991 on Thu Dec  6 23:38:27 MST 2018
  **** IP Build 2404404 on Fri Dec  7 01:43:56 MST 2018
    ** Copyright 1986-2018 Xilinx, Inc. All Rights Reserved.

source design_1_wrapper.tcl -notrace
INFO: [IP_Flow 19-234] Refreshing IP repositories
INFO: [IP_Flow 19-1700] Loaded user IP repository 'c:/soc/ip_repo/myip_1.0'.
WARNING: [IP_Flow 19-2207] Repository 'c:/soc/ip_repo/myip_1.0' already exists; ignoring attempt to add it again.
INFO: [IP_Flow 19-1700] Loaded user IP repository 'c:/soc/ip_repo/myip_1.0'.
INFO: [IP_Flow 19-2313] Loaded Vivado IP repository 'C:/Xilinx/Vivado/2018.3/data/ip'.
Command: synth_design -top design_1_wrapper -part xc7z020clg484-1
Starting synth_design
Attempting to get a license for feature 'Synthesis' and/or device 'xc7z020'
INFO: [Common 17-349] Got license for feature 'Synthesis' and/or device 'xc7z020'
INFO: Launching helper process for spawning children vivado processes
INFO: Helper process launched with PID 11216 
---------------------------------------------------------------------------------
Starting RTL Elaboration : Time (s): cpu = 00:00:03 ; elapsed = 00:00:05 . Memory (MB): peak = 408.645 ; gain = 107.320
---------------------------------------------------------------------------------
WARNING: [Synth 8-1565] actual for formal port reset is neither a static name nor a globally static expression [c:/soc/HW1/HW1.srcs/sources_1/bd/design_1/ipshared/fbd0/hdl/myip_v1_0_S00_AXI.vhd:412]
INFO: [Synth 8-638] synthesizing module 'design_1_wrapper' [C:/soc/HW1/HW1.srcs/sources_1/bd/design_1/hdl/design_1_wrapper.vhd:41]
INFO: [Synth 8-3491] module 'design_1' declared at 'C:/soc/HW1/HW1.srcs/sources_1/bd/design_1/synth/design_1.vhd:591' bound to instance 'design_1_i' of component 'design_1' [C:/soc/HW1/HW1.srcs/sources_1/bd/design_1/hdl/design_1_wrapper.vhd:69]
INFO: [Synth 8-638] synthesizing module 'design_1' [C:/soc/HW1/HW1.srcs/sources_1/bd/design_1/synth/design_1.vhd:622]
INFO: [Synth 8-3491] module 'design_1_myip_0_0' declared at 'c:/soc/HW1/HW1.srcs/sources_1/bd/design_1/ip/design_1_myip_0_0/synth/design_1_myip_0_0.vhd:56' bound to instance 'myip_0' of component 'design_1_myip_0_0' [C:/soc/HW1/HW1.srcs/sources_1/bd/design_1/synth/design_1.vhd:850]
INFO: [Synth 8-638] synthesizing module 'design_1_myip_0_0' [c:/soc/HW1/HW1.srcs/sources_1/bd/design_1/ip/design_1_myip_0_0/synth/design_1_myip_0_0.vhd:83]
	Parameter C_S00_AXI_DATA_WIDTH bound to: 32 - type: integer 
	Parameter C_S00_AXI_ADDR_WIDTH bound to: 4 - type: integer 
INFO: [Synth 8-3491] module 'myip_v1_0' declared at 'c:/soc/HW1/HW1.srcs/sources_1/bd/design_1/ipshared/fbd0/hdl/myip_v1_0.vhd:5' bound to instance 'U0' of component 'myip_v1_0' [c:/soc/HW1/HW1.srcs/sources_1/bd/design_1/ip/design_1_myip_0_0/synth/design_1_myip_0_0.vhd:150]
INFO: [Synth 8-638] synthesizing module 'myip_v1_0' [c:/soc/HW1/HW1.srcs/sources_1/bd/design_1/ipshared/fbd0/hdl/myip_v1_0.vhd:47]
	Parameter C_S00_AXI_DATA_WIDTH bound to: 32 - type: integer 
	Parameter C_S00_AXI_ADDR_WIDTH bound to: 4 - type: integer 
	Parameter C_S_AXI_DATA_WIDTH bound to: 32 - type: integer 
	Parameter C_S_AXI_ADDR_WIDTH bound to: 4 - type: integer 
INFO: [Synth 8-3491] module 'myip_v1_0_S00_AXI' declared at 'c:/soc/HW1/HW1.srcs/sources_1/bd/design_1/ipshared/fbd0/hdl/myip_v1_0_S00_AXI.vhd:5' bound to instance 'myip_v1_0_S00_AXI_inst' of component 'myip_v1_0_S00_AXI' [c:/soc/HW1/HW1.srcs/sources_1/bd/design_1/ipshared/fbd0/hdl/myip_v1_0.vhd:84]
INFO: [Synth 8-638] synthesizing module 'myip_v1_0_S00_AXI' [c:/soc/HW1/HW1.srcs/sources_1/bd/design_1/ipshared/fbd0/hdl/myip_v1_0_S00_AXI.vhd:86]
	Parameter C_S_AXI_DATA_WIDTH bound to: 32 - type: integer 
	Parameter C_S_AXI_ADDR_WIDTH bound to: 4 - type: integer 
INFO: [Synth 8-226] default block is never used [c:/soc/HW1/HW1.srcs/sources_1/bd/design_1/ipshared/fbd0/hdl/myip_v1_0_S00_AXI.vhd:241]
INFO: [Synth 8-226] default block is never used [c:/soc/HW1/HW1.srcs/sources_1/bd/design_1/ipshared/fbd0/hdl/myip_v1_0_S00_AXI.vhd:375]
INFO: [Synth 8-3491] module 'counter' declared at 'c:/soc/HW1/HW1.srcs/sources_1/bd/design_1/ipshared/fbd0/hdl/counter.vhd:5' bound to instance 'counter_inst' of component 'counter' [c:/soc/HW1/HW1.srcs/sources_1/bd/design_1/ipshared/fbd0/hdl/myip_v1_0_S00_AXI.vhd:409]
INFO: [Synth 8-638] synthesizing module 'counter' [c:/soc/HW1/HW1.srcs/sources_1/bd/design_1/ipshared/fbd0/hdl/counter.vhd:16]
WARNING: [Synth 8-614] signal 'reset' is read in the process but is not in the sensitivity list [c:/soc/HW1/HW1.srcs/sources_1/bd/design_1/ipshared/fbd0/hdl/counter.vhd:36]
INFO: [Synth 8-256] done synthesizing module 'counter' (1#1) [c:/soc/HW1/HW1.srcs/sources_1/bd/design_1/ipshared/fbd0/hdl/counter.vhd:16]
WARNING: [Synth 8-6014] Unused sequential element slv_reg1_reg was removed.  [c:/soc/HW1/HW1.srcs/sources_1/bd/design_1/ipshared/fbd0/hdl/myip_v1_0_S00_AXI.vhd:235]
WARNING: [Synth 8-6014] Unused sequential element slv_reg2_reg was removed.  [c:/soc/HW1/HW1.srcs/sources_1/bd/design_1/ipshared/fbd0/hdl/myip_v1_0_S00_AXI.vhd:236]
WARNING: [Synth 8-6014] Unused sequential element loc_addr_reg was removed.  [c:/soc/HW1/HW1.srcs/sources_1/bd/design_1/ipshared/fbd0/hdl/myip_v1_0_S00_AXI.vhd:239]
INFO: [Synth 8-256] done synthesizing module 'myip_v1_0_S00_AXI' (2#1) [c:/soc/HW1/HW1.srcs/sources_1/bd/design_1/ipshared/fbd0/hdl/myip_v1_0_S00_AXI.vhd:86]
INFO: [Synth 8-256] done synthesizing module 'myip_v1_0' (3#1) [c:/soc/HW1/HW1.srcs/sources_1/bd/design_1/ipshared/fbd0/hdl/myip_v1_0.vhd:47]
INFO: [Synth 8-256] done synthesizing module 'design_1_myip_0_0' (4#1) [c:/soc/HW1/HW1.srcs/sources_1/bd/design_1/ip/design_1_myip_0_0/synth/design_1_myip_0_0.vhd:83]
INFO: [Synth 8-3491] module 'design_1_proc_sys_reset_0_0' declared at 'c:/soc/HW1/HW1.srcs/sources_1/bd/design_1/ip/design_1_proc_sys_reset_0_0/synth/design_1_proc_sys_reset_0_0.vhd:59' bound to instance 'proc_sys_reset_0' of component 'design_1_proc_sys_reset_0_0' [C:/soc/HW1/HW1.srcs/sources_1/bd/design_1/synth/design_1.vhd:875]
INFO: [Synth 8-638] synthesizing module 'design_1_proc_sys_reset_0_0' [c:/soc/HW1/HW1.srcs/sources_1/bd/design_1/ip/design_1_proc_sys_reset_0_0/synth/design_1_proc_sys_reset_0_0.vhd:74]
	Parameter C_FAMILY bound to: zynq - type: string 
	Parameter C_EXT_RST_WIDTH bound to: 4 - type: integer 
	Parameter C_AUX_RST_WIDTH bound to: 4 - type: integer 
	Parameter C_EXT_RESET_HIGH bound to: 1'b0 
	Parameter C_AUX_RESET_HIGH bound to: 1'b0 
	Parameter C_NUM_BUS_RST bound to: 1 - type: integer 
	Parameter C_NUM_PERP_RST bound to: 1 - type: integer 
	Parameter C_NUM_INTERCONNECT_ARESETN bound to: 1 - type: integer 
	Parameter C_NUM_PERP_ARESETN bound to: 1 - type: integer 
INFO: [Synth 8-3491] module 'proc_sys_reset' declared at 'c:/soc/HW1/HW1.srcs/sources_1/bd/design_1/ipshared/8842/hdl/proc_sys_reset_v5_0_vh_rfs.vhd:1264' bound to instance 'U0' of component 'proc_sys_reset' [c:/soc/HW1/HW1.srcs/sources_1/bd/design_1/ip/design_1_proc_sys_reset_0_0/synth/design_1_proc_sys_reset_0_0.vhd:129]
INFO: [Synth 8-638] synthesizing module 'proc_sys_reset' [c:/soc/HW1/HW1.srcs/sources_1/bd/design_1/ipshared/8842/hdl/proc_sys_reset_v5_0_vh_rfs.vhd:1323]
	Parameter C_FAMILY bound to: zynq - type: string 
	Parameter C_EXT_RST_WIDTH bound to: 4 - type: integer 
	Parameter C_AUX_RST_WIDTH bound to: 4 - type: integer 
	Parameter C_EXT_RESET_HIGH bound to: 1'b0 
	Parameter C_AUX_RESET_HIGH bound to: 1'b0 
	Parameter C_NUM_BUS_RST bound to: 1 - type: integer 
	Parameter C_NUM_PERP_RST bound to: 1 - type: integer 
	Parameter C_NUM_INTERCONNECT_ARESETN bound to: 1 - type: integer 
	Parameter C_NUM_PERP_ARESETN bound to: 1 - type: integer 
	Parameter INIT bound to: 1'b1 
	Parameter IS_C_INVERTED bound to: 1'b0 
	Parameter IS_D_INVERTED bound to: 1'b0 
	Parameter IS_R_INVERTED bound to: 1'b0 
INFO: [Synth 8-113] binding component instance 'FDRE_inst' to cell 'FDRE' [c:/soc/HW1/HW1.srcs/sources_1/bd/design_1/ipshared/8842/hdl/proc_sys_reset_v5_0_vh_rfs.vhd:1392]
	Parameter INIT bound to: 1'b1 
	Parameter IS_C_INVERTED bound to: 1'b0 
	Parameter IS_D_INVERTED bound to: 1'b0 
	Parameter IS_R_INVERTED bound to: 1'b0 
INFO: [Synth 8-113] binding component instance 'FDRE_BSR' to cell 'FDRE' [c:/soc/HW1/HW1.srcs/sources_1/bd/design_1/ipshared/8842/hdl/proc_sys_reset_v5_0_vh_rfs.vhd:1408]
	Parameter INIT bound to: 1'b0 
	Parameter IS_C_INVERTED bound to: 1'b0 
	Parameter IS_D_INVERTED bound to: 1'b0 
	Parameter IS_R_INVERTED bound to: 1'b0 
INFO: [Synth 8-113] binding component instance 'FDRE_BSR_N' to cell 'FDRE' [c:/soc/HW1/HW1.srcs/sources_1/bd/design_1/ipshared/8842/hdl/proc_sys_reset_v5_0_vh_rfs.vhd:1434]
	Parameter INIT bound to: 1'b1 
	Parameter IS_C_INVERTED bound to: 1'b0 
	Parameter IS_D_INVERTED bound to: 1'b0 
	Parameter IS_R_INVERTED bound to: 1'b0 
INFO: [Synth 8-113] binding component instance 'FDRE_PER' to cell 'FDRE' [c:/soc/HW1/HW1.srcs/sources_1/bd/design_1/ipshared/8842/hdl/proc_sys_reset_v5_0_vh_rfs.vhd:1457]
	Parameter INIT bound to: 1'b0 
	Parameter IS_C_INVERTED bound to: 1'b0 
	Parameter IS_D_INVERTED bound to: 1'b0 
	Parameter IS_R_INVERTED bound to: 1'b0 
INFO: [Synth 8-113] binding component instance 'FDRE_PER_N' to cell 'FDRE' [c:/soc/HW1/HW1.srcs/sources_1/bd/design_1/ipshared/8842/hdl/proc_sys_reset_v5_0_vh_rfs.vhd:1481]
INFO: [Synth 8-638] synthesizing module 'lpf' [c:/soc/HW1/HW1.srcs/sources_1/bd/design_1/ipshared/8842/hdl/proc_sys_reset_v5_0_vh_rfs.vhd:816]
	Parameter C_EXT_RST_WIDTH bound to: 4 - type: integer 
	Parameter C_AUX_RST_WIDTH bound to: 4 - type: integer 
	Parameter C_EXT_RESET_HIGH bound to: 1'b0 
	Parameter C_AUX_RESET_HIGH bound to: 1'b0 
INFO: [Synth 8-3491] module 'SRL16' declared at 'C:/Xilinx/Vivado/2018.3/scripts/rt/data/unisim_comp.v:51683' bound to instance 'POR_SRL_I' of component 'SRL16' [c:/soc/HW1/HW1.srcs/sources_1/bd/design_1/ipshared/8842/hdl/proc_sys_reset_v5_0_vh_rfs.vhd:868]
INFO: [Synth 8-6157] synthesizing module 'SRL16' [C:/Xilinx/Vivado/2018.3/scripts/rt/data/unisim_comp.v:51683]
	Parameter INIT bound to: 16'b0000000000000000 
INFO: [Synth 8-6155] done synthesizing module 'SRL16' (5#1) [C:/Xilinx/Vivado/2018.3/scripts/rt/data/unisim_comp.v:51683]
INFO: [Synth 8-638] synthesizing module 'cdc_sync' [c:/soc/HW1/HW1.srcs/sources_1/bd/design_1/ipshared/ef1e/hdl/lib_cdc_v1_0_rfs.vhd:106]
	Parameter C_CDC_TYPE bound to: 1 - type: integer 
	Parameter C_RESET_STATE bound to: 0 - type: integer 
	Parameter C_SINGLE_BIT bound to: 1 - type: integer 
	Parameter C_FLOP_INPUT bound to: 0 - type: integer 
	Parameter C_VECTOR_WIDTH bound to: 2 - type: integer 
	Parameter C_MTBF_STAGES bound to: 4 - type: integer 
	Parameter INIT bound to: 1'b0 
INFO: [Synth 8-113] binding component instance 'CROSS_PLEVEL_IN2SCNDRY_IN_cdc_to' to cell 'FDR' [c:/soc/HW1/HW1.srcs/sources_1/bd/design_1/ipshared/ef1e/hdl/lib_cdc_v1_0_rfs.vhd:514]
	Parameter INIT bound to: 1'b0 
INFO: [Synth 8-113] binding component instance 'CROSS_PLEVEL_IN2SCNDRY_s_level_out_d2' to cell 'FDR' [c:/soc/HW1/HW1.srcs/sources_1/bd/design_1/ipshared/ef1e/hdl/lib_cdc_v1_0_rfs.vhd:545]
	Parameter INIT bound to: 1'b0 
INFO: [Synth 8-113] binding component instance 'CROSS_PLEVEL_IN2SCNDRY_s_level_out_d3' to cell 'FDR' [c:/soc/HW1/HW1.srcs/sources_1/bd/design_1/ipshared/ef1e/hdl/lib_cdc_v1_0_rfs.vhd:554]
	Parameter INIT bound to: 1'b0 
INFO: [Synth 8-113] binding component instance 'CROSS_PLEVEL_IN2SCNDRY_s_level_out_d4' to cell 'FDR' [c:/soc/HW1/HW1.srcs/sources_1/bd/design_1/ipshared/ef1e/hdl/lib_cdc_v1_0_rfs.vhd:564]
	Parameter INIT bound to: 1'b0 
INFO: [Synth 8-113] binding component instance 'CROSS_PLEVEL_IN2SCNDRY_s_level_out_d5' to cell 'FDR' [c:/soc/HW1/HW1.srcs/sources_1/bd/design_1/ipshared/ef1e/hdl/lib_cdc_v1_0_rfs.vhd:574]
	Parameter INIT bound to: 1'b0 
INFO: [Synth 8-113] binding component instance 'CROSS_PLEVEL_IN2SCNDRY_s_level_out_d6' to cell 'FDR' [c:/soc/HW1/HW1.srcs/sources_1/bd/design_1/ipshared/ef1e/hdl/lib_cdc_v1_0_rfs.vhd:584]
INFO: [Synth 8-256] done synthesizing module 'cdc_sync' (6#1) [c:/soc/HW1/HW1.srcs/sources_1/bd/design_1/ipshared/ef1e/hdl/lib_cdc_v1_0_rfs.vhd:106]
INFO: [Synth 8-256] done synthesizing module 'lpf' (7#1) [c:/soc/HW1/HW1.srcs/sources_1/bd/design_1/ipshared/8842/hdl/proc_sys_reset_v5_0_vh_rfs.vhd:816]
INFO: [Synth 8-638] synthesizing module 'sequence_psr' [c:/soc/HW1/HW1.srcs/sources_1/bd/design_1/ipshared/8842/hdl/proc_sys_reset_v5_0_vh_rfs.vhd:301]
INFO: [Synth 8-638] synthesizing module 'upcnt_n' [c:/soc/HW1/HW1.srcs/sources_1/bd/design_1/ipshared/8842/hdl/proc_sys_reset_v5_0_vh_rfs.vhd:125]
	Parameter C_SIZE bound to: 6 - type: integer 
INFO: [Synth 8-256] done synthesizing module 'upcnt_n' (8#1) [c:/soc/HW1/HW1.srcs/sources_1/bd/design_1/ipshared/8842/hdl/proc_sys_reset_v5_0_vh_rfs.vhd:125]
INFO: [Synth 8-256] done synthesizing module 'sequence_psr' (9#1) [c:/soc/HW1/HW1.srcs/sources_1/bd/design_1/ipshared/8842/hdl/proc_sys_reset_v5_0_vh_rfs.vhd:301]
INFO: [Synth 8-256] done synthesizing module 'proc_sys_reset' (10#1) [c:/soc/HW1/HW1.srcs/sources_1/bd/design_1/ipshared/8842/hdl/proc_sys_reset_v5_0_vh_rfs.vhd:1323]
INFO: [Synth 8-256] done synthesizing module 'design_1_proc_sys_reset_0_0' (11#1) [c:/soc/HW1/HW1.srcs/sources_1/bd/design_1/ip/design_1_proc_sys_reset_0_0/synth/design_1_proc_sys_reset_0_0.vhd:74]
INFO: [Synth 8-3491] module 'design_1_processing_system7_0_0' declared at 'c:/soc/HW1/HW1.srcs/sources_1/bd/design_1/ip/design_1_processing_system7_0_0/synth/design_1_processing_system7_0_0.v:60' bound to instance 'processing_system7_0' of component 'design_1_processing_system7_0_0' [C:/soc/HW1/HW1.srcs/sources_1/bd/design_1/synth/design_1.vhd:888]
INFO: [Synth 8-6157] synthesizing module 'design_1_processing_system7_0_0' [c:/soc/HW1/HW1.srcs/sources_1/bd/design_1/ip/design_1_processing_system7_0_0/synth/design_1_processing_system7_0_0.v:60]
INFO: [Synth 8-6157] synthesizing module 'processing_system7_v5_5_processing_system7' [c:/soc/HW1/HW1.srcs/sources_1/bd/design_1/ip/design_1_processing_system7_0_0/hdl/verilog/processing_system7_v5_5_processing_system7.v:161]
	Parameter C_USE_DEFAULT_ACP_USER_VAL bound to: 0 - type: integer 
	Parameter C_S_AXI_ACP_ARUSER_VAL bound to: 31 - type: integer 
	Parameter C_S_AXI_ACP_AWUSER_VAL bound to: 31 - type: integer 
	Parameter C_M_AXI_GP0_THREAD_ID_WIDTH bound to: 12 - type: integer 
	Parameter C_M_AXI_GP1_THREAD_ID_WIDTH bound to: 12 - type: integer 
	Parameter C_M_AXI_GP0_ENABLE_STATIC_REMAP bound to: 0 - type: integer 
	Parameter C_M_AXI_GP1_ENABLE_STATIC_REMAP bound to: 0 - type: integer 
	Parameter C_M_AXI_GP0_ID_WIDTH bound to: 12 - type: integer 
	Parameter C_M_AXI_GP1_ID_WIDTH bound to: 12 - type: integer 
	Parameter C_S_AXI_GP0_ID_WIDTH bound to: 6 - type: integer 
	Parameter C_S_AXI_GP1_ID_WIDTH bound to: 6 - type: integer 
	Parameter C_S_AXI_HP0_ID_WIDTH bound to: 6 - type: integer 
	Parameter C_S_AXI_HP1_ID_WIDTH bound to: 6 - type: integer 
	Parameter C_S_AXI_HP2_ID_WIDTH bound to: 6 - type: integer 
	Parameter C_S_AXI_HP3_ID_WIDTH bound to: 6 - type: integer 
	Parameter C_S_AXI_ACP_ID_WIDTH bound to: 3 - type: integer 
	Parameter C_S_AXI_HP0_DATA_WIDTH bound to: 64 - type: integer 
	Parameter C_S_AXI_HP1_DATA_WIDTH bound to: 64 - type: integer 
	Parameter C_S_AXI_HP2_DATA_WIDTH bound to: 64 - type: integer 
	Parameter C_S_AXI_HP3_DATA_WIDTH bound to: 64 - type: integer 
	Parameter C_INCLUDE_ACP_TRANS_CHECK bound to: 0 - type: integer 
	Parameter C_NUM_F2P_INTR_INPUTS bound to: 1 - type: integer 
	Parameter C_FCLK_CLK0_BUF bound to: TRUE - type: string 
	Parameter C_FCLK_CLK1_BUF bound to: FALSE - type: string 
	Parameter C_FCLK_CLK2_BUF bound to: FALSE - type: string 
	Parameter C_FCLK_CLK3_BUF bound to: FALSE - type: string 
	Parameter C_EMIO_GPIO_WIDTH bound to: 64 - type: integer 
	Parameter C_INCLUDE_TRACE_BUFFER bound to: 0 - type: integer 
	Parameter C_TRACE_BUFFER_FIFO_SIZE bound to: 128 - type: integer 
	Parameter C_TRACE_BUFFER_CLOCK_DELAY bound to: 12 - type: integer 
	Parameter USE_TRACE_DATA_EDGE_DETECTOR bound to: 0 - type: integer 
	Parameter C_TRACE_PIPELINE_WIDTH bound to: 8 - type: integer 
	Parameter C_PS7_SI_REV bound to: PRODUCTION - type: string 
	Parameter C_EN_EMIO_ENET0 bound to: 0 - type: integer 
	Parameter C_EN_EMIO_ENET1 bound to: 0 - type: integer 
	Parameter C_EN_EMIO_TRACE bound to: 0 - type: integer 
	Parameter C_DQ_WIDTH bound to: 32 - type: integer 
	Parameter C_DQS_WIDTH bound to: 4 - type: integer 
	Parameter C_DM_WIDTH bound to: 4 - type: integer 
	Parameter C_MIO_PRIMITIVE bound to: 54 - type: integer 
	Parameter C_PACKAGE_NAME bound to: clg484 - type: string 
	Parameter C_IRQ_F2P_MODE bound to: DIRECT - type: string 
	Parameter C_TRACE_INTERNAL_WIDTH bound to: 2 - type: integer 
	Parameter C_EN_EMIO_PJTAG bound to: 0 - type: integer 
	Parameter C_USE_AXI_NONSECURE bound to: 0 - type: integer 
	Parameter C_USE_S_AXI_HP0 bound to: 0 - type: integer 
	Parameter C_USE_S_AXI_HP1 bound to: 0 - type: integer 
	Parameter C_USE_S_AXI_HP2 bound to: 0 - type: integer 
	Parameter C_USE_S_AXI_HP3 bound to: 0 - type: integer 
	Parameter C_USE_M_AXI_GP0 bound to: 1 - type: integer 
	Parameter C_USE_M_AXI_GP1 bound to: 0 - type: integer 
	Parameter C_USE_S_AXI_GP0 bound to: 0 - type: integer 
	Parameter C_USE_S_AXI_GP1 bound to: 0 - type: integer 
	Parameter C_USE_S_AXI_ACP bound to: 0 - type: integer 
	Parameter C_GP0_EN_MODIFIABLE_TXN bound to: 1 - type: integer 
	Parameter C_GP1_EN_MODIFIABLE_TXN bound to: 1 - type: integer 
INFO: [Synth 8-5534] Detected attribute (* keep = "true" *) [c:/soc/HW1/HW1.srcs/sources_1/bd/design_1/ip/design_1_processing_system7_0_0/hdl/verilog/processing_system7_v5_5_processing_system7.v:1347]
INFO: [Synth 8-5534] Detected attribute (* keep = "true" *) [c:/soc/HW1/HW1.srcs/sources_1/bd/design_1/ip/design_1_processing_system7_0_0/hdl/verilog/processing_system7_v5_5_processing_system7.v:1348]
INFO: [Synth 8-6157] synthesizing module 'BUFG' [C:/Xilinx/Vivado/2018.3/scripts/rt/data/unisim_comp.v:609]
INFO: [Synth 8-6155] done synthesizing module 'BUFG' (12#1) [C:/Xilinx/Vivado/2018.3/scripts/rt/data/unisim_comp.v:609]
INFO: [Synth 8-6157] synthesizing module 'BIBUF' [C:/Xilinx/Vivado/2018.3/scripts/rt/data/unisim_comp.v:270]
INFO: [Synth 8-6155] done synthesizing module 'BIBUF' (13#1) [C:/Xilinx/Vivado/2018.3/scripts/rt/data/unisim_comp.v:270]
INFO: [Synth 8-6157] synthesizing module 'PS7' [C:/Xilinx/Vivado/2018.3/scripts/rt/data/unisim_comp.v:41553]
INFO: [Synth 8-6155] done synthesizing module 'PS7' (14#1) [C:/Xilinx/Vivado/2018.3/scripts/rt/data/unisim_comp.v:41553]
INFO: [Synth 8-6155] done synthesizing module 'processing_system7_v5_5_processing_system7' (15#1) [c:/soc/HW1/HW1.srcs/sources_1/bd/design_1/ip/design_1_processing_system7_0_0/hdl/verilog/processing_system7_v5_5_processing_system7.v:161]
WARNING: [Synth 8-350] instance 'inst' of module 'processing_system7_v5_5_processing_system7' requires 685 connections, but only 672 given [c:/soc/HW1/HW1.srcs/sources_1/bd/design_1/ip/design_1_processing_system7_0_0/synth/design_1_processing_system7_0_0.v:328]
INFO: [Synth 8-6155] done synthesizing module 'design_1_processing_system7_0_0' (16#1) [c:/soc/HW1/HW1.srcs/sources_1/bd/design_1/ip/design_1_processing_system7_0_0/synth/design_1_processing_system7_0_0.v:60]
INFO: [Synth 8-638] synthesizing module 'design_1_ps7_0_axi_periph_0' [C:/soc/HW1/HW1.srcs/sources_1/bd/design_1/synth/design_1.vhd:398]
INFO: [Synth 8-638] synthesizing module 's00_couplers_imp_UYSKKA' [C:/soc/HW1/HW1.srcs/sources_1/bd/design_1/synth/design_1.vhd:80]
INFO: [Synth 8-3491] module 'design_1_auto_pc_0' declared at 'c:/soc/HW1/HW1.srcs/sources_1/bd/design_1/ip/design_1_auto_pc_0/synth/design_1_auto_pc_0.v:58' bound to instance 'auto_pc' of component 'design_1_auto_pc_0' [C:/soc/HW1/HW1.srcs/sources_1/bd/design_1/synth/design_1.vhd:263]
INFO: [Synth 8-6157] synthesizing module 'design_1_auto_pc_0' [c:/soc/HW1/HW1.srcs/sources_1/bd/design_1/ip/design_1_auto_pc_0/synth/design_1_auto_pc_0.v:58]
INFO: [Synth 8-6157] synthesizing module 'axi_protocol_converter_v2_1_18_axi_protocol_converter' [c:/soc/HW1/HW1.srcs/sources_1/bd/design_1/ipshared/7a04/hdl/axi_protocol_converter_v2_1_vl_rfs.v:4808]
	Parameter C_FAMILY bound to: zynq - type: string 
	Parameter C_M_AXI_PROTOCOL bound to: 2 - type: integer 
	Parameter C_S_AXI_PROTOCOL bound to: 1 - type: integer 
	Parameter C_IGNORE_ID bound to: 0 - type: integer 
	Parameter C_AXI_ID_WIDTH bound to: 12 - type: integer 
	Parameter C_AXI_ADDR_WIDTH bound to: 32 - type: integer 
	Parameter C_AXI_DATA_WIDTH bound to: 32 - type: integer 
	Parameter C_AXI_SUPPORTS_WRITE bound to: 1 - type: integer 
	Parameter C_AXI_SUPPORTS_READ bound to: 1 - type: integer 
	Parameter C_AXI_SUPPORTS_USER_SIGNALS bound to: 0 - type: integer 
	Parameter C_AXI_AWUSER_WIDTH bound to: 1 - type: integer 
	Parameter C_AXI_ARUSER_WIDTH bound to: 1 - type: integer 
	Parameter C_AXI_WUSER_WIDTH bound to: 1 - type: integer 
	Parameter C_AXI_RUSER_WIDTH bound to: 1 - type: integer 
	Parameter C_AXI_BUSER_WIDTH bound to: 1 - type: integer 
	Parameter C_TRANSLATION_MODE bound to: 2 - type: integer 
	Parameter P_AXI4 bound to: 0 - type: integer 
	Parameter P_AXI3 bound to: 1 - type: integer 
	Parameter P_AXILITE bound to: 2 - type: integer 
	Parameter P_AXILITE_SIZE bound to: 3'b010 
	Parameter P_INCR bound to: 2'b01 
	Parameter P_DECERR bound to: 2'b11 
	Parameter P_SLVERR bound to: 2'b10 
	Parameter P_PROTECTION bound to: 1 - type: integer 
	Parameter P_CONVERSION bound to: 2 - type: integer 
INFO: [Synth 8-6157] synthesizing module 'axi_protocol_converter_v2_1_18_b2s' [c:/soc/HW1/HW1.srcs/sources_1/bd/design_1/ipshared/7a04/hdl/axi_protocol_converter_v2_1_vl_rfs.v:4226]
	Parameter C_S_AXI_PROTOCOL bound to: 1 - type: integer 
	Parameter C_AXI_ID_WIDTH bound to: 12 - type: integer 
	Parameter C_AXI_ADDR_WIDTH bound to: 32 - type: integer 
	Parameter C_AXI_DATA_WIDTH bound to: 32 - type: integer 
	Parameter C_AXI_SUPPORTS_WRITE bound to: 1 - type: integer 
	Parameter C_AXI_SUPPORTS_READ bound to: 1 - type: integer 
INFO: [Synth 8-6157] synthesizing module 'axi_protocol_converter_v2_1_18_b2s_aw_channel' [c:/soc/HW1/HW1.srcs/sources_1/bd/design_1/ipshared/7a04/hdl/axi_protocol_converter_v2_1_vl_rfs.v:3971]
	Parameter C_ID_WIDTH bound to: 12 - type: integer 
	Parameter C_AXI_ADDR_WIDTH bound to: 32 - type: integer 
INFO: [Synth 8-6157] synthesizing module 'axi_protocol_converter_v2_1_18_b2s_cmd_translator' [c:/soc/HW1/HW1.srcs/sources_1/bd/design_1/ipshared/7a04/hdl/axi_protocol_converter_v2_1_vl_rfs.v:3464]
	Parameter C_AXI_ADDR_WIDTH bound to: 32 - type: integer 
	Parameter P_AXBURST_FIXED bound to: 2'b00 
	Parameter P_AXBURST_INCR bound to: 2'b01 
	Parameter P_AXBURST_WRAP bound to: 2'b10 
INFO: [Synth 8-6157] synthesizing module 'axi_protocol_converter_v2_1_18_b2s_incr_cmd' [c:/soc/HW1/HW1.srcs/sources_1/bd/design_1/ipshared/7a04/hdl/axi_protocol_converter_v2_1_vl_rfs.v:3092]
	Parameter C_AXI_ADDR_WIDTH bound to: 32 - type: integer 
	Parameter L_AXI_ADDR_LOW_BIT bound to: 12 - type: integer 
INFO: [Synth 8-6155] done synthesizing module 'axi_protocol_converter_v2_1_18_b2s_incr_cmd' (17#1) [c:/soc/HW1/HW1.srcs/sources_1/bd/design_1/ipshared/7a04/hdl/axi_protocol_converter_v2_1_vl_rfs.v:3092]
INFO: [Synth 8-6157] synthesizing module 'axi_protocol_converter_v2_1_18_b2s_wrap_cmd' [c:/soc/HW1/HW1.srcs/sources_1/bd/design_1/ipshared/7a04/hdl/axi_protocol_converter_v2_1_vl_rfs.v:2902]
	Parameter C_AXI_ADDR_WIDTH bound to: 32 - type: integer 
	Parameter L_AXI_ADDR_LOW_BIT bound to: 12 - type: integer 
INFO: [Synth 8-6155] done synthesizing module 'axi_protocol_converter_v2_1_18_b2s_wrap_cmd' (18#1) [c:/soc/HW1/HW1.srcs/sources_1/bd/design_1/ipshared/7a04/hdl/axi_protocol_converter_v2_1_vl_rfs.v:2902]
INFO: [Synth 8-6155] done synthesizing module 'axi_protocol_converter_v2_1_18_b2s_cmd_translator' (19#1) [c:/soc/HW1/HW1.srcs/sources_1/bd/design_1/ipshared/7a04/hdl/axi_protocol_converter_v2_1_vl_rfs.v:3464]
INFO: [Synth 8-6157] synthesizing module 'axi_protocol_converter_v2_1_18_b2s_wr_cmd_fsm' [c:/soc/HW1/HW1.srcs/sources_1/bd/design_1/ipshared/7a04/hdl/axi_protocol_converter_v2_1_vl_rfs.v:3224]
	Parameter SM_IDLE bound to: 2'b00 
	Parameter SM_CMD_EN bound to: 2'b01 
	Parameter SM_CMD_ACCEPTED bound to: 2'b10 
	Parameter SM_DONE_WAIT bound to: 2'b11 
INFO: [Synth 8-226] default block is never used [c:/soc/HW1/HW1.srcs/sources_1/bd/design_1/ipshared/7a04/hdl/axi_protocol_converter_v2_1_vl_rfs.v:3277]
INFO: [Synth 8-6155] done synthesizing module 'axi_protocol_converter_v2_1_18_b2s_wr_cmd_fsm' (20#1) [c:/soc/HW1/HW1.srcs/sources_1/bd/design_1/ipshared/7a04/hdl/axi_protocol_converter_v2_1_vl_rfs.v:3224]
INFO: [Synth 8-6155] done synthesizing module 'axi_protocol_converter_v2_1_18_b2s_aw_channel' (21#1) [c:/soc/HW1/HW1.srcs/sources_1/bd/design_1/ipshared/7a04/hdl/axi_protocol_converter_v2_1_vl_rfs.v:3971]
INFO: [Synth 8-6157] synthesizing module 'axi_protocol_converter_v2_1_18_b2s_b_channel' [c:/soc/HW1/HW1.srcs/sources_1/bd/design_1/ipshared/7a04/hdl/axi_protocol_converter_v2_1_vl_rfs.v:3606]
	Parameter C_ID_WIDTH bound to: 12 - type: integer 
	Parameter LP_RESP_OKAY bound to: 2'b00 
	Parameter LP_RESP_EXOKAY bound to: 2'b01 
	Parameter LP_RESP_SLVERROR bound to: 2'b10 
	Parameter LP_RESP_DECERR bound to: 2'b11 
	Parameter P_WIDTH bound to: 20 - type: integer 
	Parameter P_DEPTH bound to: 4 - type: integer 
	Parameter P_AWIDTH bound to: 2 - type: integer 
	Parameter P_RWIDTH bound to: 2 - type: integer 
	Parameter P_RDEPTH bound to: 4 - type: integer 
	Parameter P_RAWIDTH bound to: 2 - type: integer 
INFO: [Synth 8-6157] synthesizing module 'axi_protocol_converter_v2_1_18_b2s_simple_fifo' [c:/soc/HW1/HW1.srcs/sources_1/bd/design_1/ipshared/7a04/hdl/axi_protocol_converter_v2_1_vl_rfs.v:2816]
	Parameter C_WIDTH bound to: 20 - type: integer 
	Parameter C_AWIDTH bound to: 2 - type: integer 
	Parameter C_DEPTH bound to: 4 - type: integer 
	Parameter C_EMPTY bound to: 2'b11 
	Parameter C_EMPTY_PRE bound to: 2'b00 
	Parameter C_FULL bound to: 2'b10 
	Parameter C_FULL_PRE bound to: 2'b01 
INFO: [Synth 8-6155] done synthesizing module 'axi_protocol_converter_v2_1_18_b2s_simple_fifo' (22#1) [c:/soc/HW1/HW1.srcs/sources_1/bd/design_1/ipshared/7a04/hdl/axi_protocol_converter_v2_1_vl_rfs.v:2816]
INFO: [Synth 8-6157] synthesizing module 'axi_protocol_converter_v2_1_18_b2s_simple_fifo__parameterized0' [c:/soc/HW1/HW1.srcs/sources_1/bd/design_1/ipshared/7a04/hdl/axi_protocol_converter_v2_1_vl_rfs.v:2816]
	Parameter C_WIDTH bound to: 2 - type: integer 
	Parameter C_AWIDTH bound to: 2 - type: integer 
	Parameter C_DEPTH bound to: 4 - type: integer 
	Parameter C_EMPTY bound to: 2'b11 
	Parameter C_EMPTY_PRE bound to: 2'b00 
	Parameter C_FULL bound to: 2'b10 
	Parameter C_FULL_PRE bound to: 2'b01 
INFO: [Synth 8-6155] done synthesizing module 'axi_protocol_converter_v2_1_18_b2s_simple_fifo__parameterized0' (22#1) [c:/soc/HW1/HW1.srcs/sources_1/bd/design_1/ipshared/7a04/hdl/axi_protocol_converter_v2_1_vl_rfs.v:2816]
INFO: [Synth 8-6155] done synthesizing module 'axi_protocol_converter_v2_1_18_b2s_b_channel' (23#1) [c:/soc/HW1/HW1.srcs/sources_1/bd/design_1/ipshared/7a04/hdl/axi_protocol_converter_v2_1_vl_rfs.v:3606]
INFO: [Synth 8-6157] synthesizing module 'axi_protocol_converter_v2_1_18_b2s_ar_channel' [c:/soc/HW1/HW1.srcs/sources_1/bd/design_1/ipshared/7a04/hdl/axi_protocol_converter_v2_1_vl_rfs.v:4082]
	Parameter C_ID_WIDTH bound to: 12 - type: integer 
	Parameter C_AXI_ADDR_WIDTH bound to: 32 - type: integer 
INFO: [Synth 8-6157] synthesizing module 'axi_protocol_converter_v2_1_18_b2s_rd_cmd_fsm' [c:/soc/HW1/HW1.srcs/sources_1/bd/design_1/ipshared/7a04/hdl/axi_protocol_converter_v2_1_vl_rfs.v:3334]
	Parameter SM_IDLE bound to: 2'b00 
	Parameter SM_CMD_EN bound to: 2'b01 
	Parameter SM_CMD_ACCEPTED bound to: 2'b10 
	Parameter SM_DONE bound to: 2'b11 
INFO: [Synth 8-226] default block is never used [c:/soc/HW1/HW1.srcs/sources_1/bd/design_1/ipshared/7a04/hdl/axi_protocol_converter_v2_1_vl_rfs.v:3395]
WARNING: [Synth 8-6014] Unused sequential element state_r1_reg was removed.  [c:/soc/HW1/HW1.srcs/sources_1/bd/design_1/ipshared/7a04/hdl/axi_protocol_converter_v2_1_vl_rfs.v:3383]
WARNING: [Synth 8-6014] Unused sequential element s_arlen_r_reg was removed.  [c:/soc/HW1/HW1.srcs/sources_1/bd/design_1/ipshared/7a04/hdl/axi_protocol_converter_v2_1_vl_rfs.v:3384]
INFO: [Synth 8-6155] done synthesizing module 'axi_protocol_converter_v2_1_18_b2s_rd_cmd_fsm' (24#1) [c:/soc/HW1/HW1.srcs/sources_1/bd/design_1/ipshared/7a04/hdl/axi_protocol_converter_v2_1_vl_rfs.v:3334]
INFO: [Synth 8-6155] done synthesizing module 'axi_protocol_converter_v2_1_18_b2s_ar_channel' (25#1) [c:/soc/HW1/HW1.srcs/sources_1/bd/design_1/ipshared/7a04/hdl/axi_protocol_converter_v2_1_vl_rfs.v:4082]
INFO: [Synth 8-6157] synthesizing module 'axi_protocol_converter_v2_1_18_b2s_r_channel' [c:/soc/HW1/HW1.srcs/sources_1/bd/design_1/ipshared/7a04/hdl/axi_protocol_converter_v2_1_vl_rfs.v:3811]
	Parameter C_ID_WIDTH bound to: 12 - type: integer 
	Parameter C_DATA_WIDTH bound to: 32 - type: integer 
	Parameter P_WIDTH bound to: 13 - type: integer 
	Parameter P_DEPTH bound to: 32 - type: integer 
	Parameter P_AWIDTH bound to: 5 - type: integer 
	Parameter P_D_WIDTH bound to: 34 - type: integer 
	Parameter P_D_DEPTH bound to: 32 - type: integer 
	Parameter P_D_AWIDTH bound to: 5 - type: integer 
INFO: [Synth 8-6157] synthesizing module 'axi_protocol_converter_v2_1_18_b2s_simple_fifo__parameterized1' [c:/soc/HW1/HW1.srcs/sources_1/bd/design_1/ipshared/7a04/hdl/axi_protocol_converter_v2_1_vl_rfs.v:2816]
	Parameter C_WIDTH bound to: 34 - type: integer 
	Parameter C_AWIDTH bound to: 5 - type: integer 
	Parameter C_DEPTH bound to: 32 - type: integer 
	Parameter C_EMPTY bound to: 5'b11111 
	Parameter C_EMPTY_PRE bound to: 5'b00000 
	Parameter C_FULL bound to: 5'b11110 
	Parameter C_FULL_PRE bound to: 5'b11010 
INFO: [Synth 8-6155] done synthesizing module 'axi_protocol_converter_v2_1_18_b2s_simple_fifo__parameterized1' (25#1) [c:/soc/HW1/HW1.srcs/sources_1/bd/design_1/ipshared/7a04/hdl/axi_protocol_converter_v2_1_vl_rfs.v:2816]
INFO: [Synth 8-6157] synthesizing module 'axi_protocol_converter_v2_1_18_b2s_simple_fifo__parameterized2' [c:/soc/HW1/HW1.srcs/sources_1/bd/design_1/ipshared/7a04/hdl/axi_protocol_converter_v2_1_vl_rfs.v:2816]
	Parameter C_WIDTH bound to: 13 - type: integer 
	Parameter C_AWIDTH bound to: 5 - type: integer 
	Parameter C_DEPTH bound to: 32 - type: integer 
	Parameter C_EMPTY bound to: 5'b11111 
	Parameter C_EMPTY_PRE bound to: 5'b00000 
	Parameter C_FULL bound to: 5'b11110 
	Parameter C_FULL_PRE bound to: 5'b11010 
INFO: [Synth 8-6155] done synthesizing module 'axi_protocol_converter_v2_1_18_b2s_simple_fifo__parameterized2' (25#1) [c:/soc/HW1/HW1.srcs/sources_1/bd/design_1/ipshared/7a04/hdl/axi_protocol_converter_v2_1_vl_rfs.v:2816]
INFO: [Synth 8-6155] done synthesizing module 'axi_protocol_converter_v2_1_18_b2s_r_channel' (26#1) [c:/soc/HW1/HW1.srcs/sources_1/bd/design_1/ipshared/7a04/hdl/axi_protocol_converter_v2_1_vl_rfs.v:3811]
INFO: [Synth 8-6157] synthesizing module 'axi_register_slice_v2_1_18_axi_register_slice' [c:/soc/HW1/HW1.srcs/sources_1/bd/design_1/ipshared/cc23/hdl/axi_register_slice_v2_1_vl_rfs.v:2637]
	Parameter C_FAMILY bound to: virtex6 - type: string 
	Parameter C_AXI_PROTOCOL bound to: 1 - type: integer 
	Parameter C_AXI_ID_WIDTH bound to: 12 - type: integer 
	Parameter C_AXI_ADDR_WIDTH bound to: 32 - type: integer 
	Parameter C_AXI_DATA_WIDTH bound to: 32 - type: integer 
	Parameter C_AXI_SUPPORTS_USER_SIGNALS bound to: 0 - type: integer 
	Parameter C_AXI_AWUSER_WIDTH bound to: 1 - type: integer 
	Parameter C_AXI_ARUSER_WIDTH bound to: 1 - type: integer 
	Parameter C_AXI_WUSER_WIDTH bound to: 1 - type: integer 
	Parameter C_AXI_RUSER_WIDTH bound to: 1 - type: integer 
	Parameter C_AXI_BUSER_WIDTH bound to: 1 - type: integer 
	Parameter C_REG_CONFIG_AW bound to: 1 - type: integer 
	Parameter C_REG_CONFIG_W bound to: 0 - type: integer 
	Parameter C_REG_CONFIG_B bound to: 1 - type: integer 
	Parameter C_REG_CONFIG_AR bound to: 1 - type: integer 
	Parameter C_REG_CONFIG_R bound to: 1 - type: integer 
	Parameter C_NUM_SLR_CROSSINGS bound to: 0 - type: integer 
	Parameter C_PIPELINES_MASTER_AW bound to: 0 - type: integer 
	Parameter C_PIPELINES_MASTER_W bound to: 0 - type: integer 
	Parameter C_PIPELINES_MASTER_B bound to: 0 - type: integer 
	Parameter C_PIPELINES_MASTER_AR bound to: 0 - type: integer 
	Parameter C_PIPELINES_MASTER_R bound to: 0 - type: integer 
	Parameter C_PIPELINES_SLAVE_AW bound to: 0 - type: integer 
	Parameter C_PIPELINES_SLAVE_W bound to: 0 - type: integer 
	Parameter C_PIPELINES_SLAVE_B bound to: 0 - type: integer 
	Parameter C_PIPELINES_SLAVE_AR bound to: 0 - type: integer 
	Parameter C_PIPELINES_SLAVE_R bound to: 0 - type: integer 
	Parameter C_PIPELINES_MIDDLE_AW bound to: 0 - type: integer 
	Parameter C_PIPELINES_MIDDLE_W bound to: 0 - type: integer 
	Parameter C_PIPELINES_MIDDLE_B bound to: 0 - type: integer 
	Parameter C_PIPELINES_MIDDLE_AR bound to: 0 - type: integer 
	Parameter C_PIPELINES_MIDDLE_R bound to: 0 - type: integer 
	Parameter C_AXI_SUPPORTS_REGION_SIGNALS bound to: 0 - type: integer 
	Parameter P_FORWARD bound to: 0 - type: integer 
	Parameter P_RESPONSE bound to: 1 - type: integer 
	Parameter G_AXI_AWADDR_INDEX bound to: 0 - type: integer 
	Parameter G_AXI_AWADDR_WIDTH bound to: 32 - type: integer 
	Parameter G_AXI_AWPROT_INDEX bound to: 32 - type: integer 
	Parameter G_AXI_AWPROT_WIDTH bound to: 3 - type: integer 
	Parameter G_AXI_AWSIZE_INDEX bound to: 35 - type: integer 
	Parameter G_AXI_AWSIZE_WIDTH bound to: 3 - type: integer 
	Parameter G_AXI_AWBURST_INDEX bound to: 38 - type: integer 
	Parameter G_AXI_AWBURST_WIDTH bound to: 2 - type: integer 
	Parameter G_AXI_AWCACHE_INDEX bound to: 40 - type: integer 
	Parameter G_AXI_AWCACHE_WIDTH bound to: 4 - type: integer 
	Parameter G_AXI_AWLEN_INDEX bound to: 44 - type: integer 
	Parameter G_AXI_AWLEN_WIDTH bound to: 4 - type: integer 
	Parameter G_AXI_AWLOCK_INDEX bound to: 48 - type: integer 
	Parameter G_AXI_AWLOCK_WIDTH bound to: 2 - type: integer 
	Parameter G_AXI_AWID_INDEX bound to: 50 - type: integer 
	Parameter G_AXI_AWID_WIDTH bound to: 12 - type: integer 
	Parameter G_AXI_AWQOS_INDEX bound to: 62 - type: integer 
	Parameter G_AXI_AWQOS_WIDTH bound to: 4 - type: integer 
	Parameter G_AXI_AWREGION_INDEX bound to: 66 - type: integer 
	Parameter G_AXI_AWREGION_WIDTH bound to: 0 - type: integer 
	Parameter G_AXI_AWUSER_INDEX bound to: 66 - type: integer 
	Parameter G_AXI_AWUSER_WIDTH bound to: 0 - type: integer 
	Parameter G_AXI_AWPAYLOAD_WIDTH bound to: 66 - type: integer 
	Parameter G_AXI_ARADDR_INDEX bound to: 0 - type: integer 
	Parameter G_AXI_ARADDR_WIDTH bound to: 32 - type: integer 
	Parameter G_AXI_ARPROT_INDEX bound to: 32 - type: integer 
	Parameter G_AXI_ARPROT_WIDTH bound to: 3 - type: integer 
	Parameter G_AXI_ARSIZE_INDEX bound to: 35 - type: integer 
	Parameter G_AXI_ARSIZE_WIDTH bound to: 3 - type: integer 
	Parameter G_AXI_ARBURST_INDEX bound to: 38 - type: integer 
	Parameter G_AXI_ARBURST_WIDTH bound to: 2 - type: integer 
	Parameter G_AXI_ARCACHE_INDEX bound to: 40 - type: integer 
	Parameter G_AXI_ARCACHE_WIDTH bound to: 4 - type: integer 
	Parameter G_AXI_ARLEN_INDEX bound to: 44 - type: integer 
	Parameter G_AXI_ARLEN_WIDTH bound to: 4 - type: integer 
	Parameter G_AXI_ARLOCK_INDEX bound to: 48 - type: integer 
	Parameter G_AXI_ARLOCK_WIDTH bound to: 2 - type: integer 
	Parameter G_AXI_ARID_INDEX bound to: 50 - type: integer 
	Parameter G_AXI_ARID_WIDTH bound to: 12 - type: integer 
	Parameter G_AXI_ARQOS_INDEX bound to: 62 - type: integer 
	Parameter G_AXI_ARQOS_WIDTH bound to: 4 - type: integer 
	Parameter G_AXI_ARREGION_INDEX bound to: 66 - type: integer 
	Parameter G_AXI_ARREGION_WIDTH bound to: 0 - type: integer 
	Parameter G_AXI_ARUSER_INDEX bound to: 66 - type: integer 
	Parameter G_AXI_ARUSER_WIDTH bound to: 0 - type: integer 
	Parameter G_AXI_ARPAYLOAD_WIDTH bound to: 66 - type: integer 
	Parameter G_AXI_WDATA_INDEX bound to: 0 - type: integer 
	Parameter G_AXI_WDATA_WIDTH bound to: 32 - type: integer 
	Parameter G_AXI_WSTRB_INDEX bound to: 32 - type: integer 
	Parameter G_AXI_WSTRB_WIDTH bound to: 4 - type: integer 
	Parameter G_AXI_WLAST_INDEX bound to: 36 - type: integer 
	Parameter G_AXI_WLAST_WIDTH bound to: 1 - type: integer 
	Parameter G_AXI_WID_INDEX bound to: 37 - type: integer 
	Parameter G_AXI_WID_WIDTH bound to: 12 - type: integer 
	Parameter G_AXI_WUSER_INDEX bound to: 49 - type: integer 
	Parameter G_AXI_WUSER_WIDTH bound to: 0 - type: integer 
	Parameter G_AXI_WPAYLOAD_WIDTH bound to: 49 - type: integer 
	Parameter G_AXI_BRESP_INDEX bound to: 0 - type: integer 
	Parameter G_AXI_BRESP_WIDTH bound to: 2 - type: integer 
	Parameter G_AXI_BID_INDEX bound to: 2 - type: integer 
	Parameter G_AXI_BID_WIDTH bound to: 12 - type: integer 
	Parameter G_AXI_BUSER_INDEX bound to: 14 - type: integer 
	Parameter G_AXI_BUSER_WIDTH bound to: 0 - type: integer 
	Parameter G_AXI_BPAYLOAD_WIDTH bound to: 14 - type: integer 
	Parameter G_AXI_RDATA_INDEX bound to: 0 - type: integer 
	Parameter G_AXI_RDATA_WIDTH bound to: 32 - type: integer 
	Parameter G_AXI_RRESP_INDEX bound to: 32 - type: integer 
	Parameter G_AXI_RRESP_WIDTH bound to: 2 - type: integer 
	Parameter G_AXI_RLAST_INDEX bound to: 34 - type: integer 
	Parameter G_AXI_RLAST_WIDTH bound to: 1 - type: integer 
	Parameter G_AXI_RID_INDEX bound to: 35 - type: integer 
	Parameter G_AXI_RID_WIDTH bound to: 12 - type: integer 
	Parameter G_AXI_RUSER_INDEX bound to: 47 - type: integer 
	Parameter G_AXI_RUSER_WIDTH bound to: 0 - type: integer 
	Parameter G_AXI_RPAYLOAD_WIDTH bound to: 47 - type: integer 
INFO: [Synth 8-6157] synthesizing module 'axi_register_slice_v2_1_18_axic_register_slice' [c:/soc/HW1/HW1.srcs/sources_1/bd/design_1/ipshared/cc23/hdl/axi_register_slice_v2_1_vl_rfs.v:409]
	Parameter C_FAMILY bound to: virtex6 - type: string 
	Parameter C_DATA_WIDTH bound to: 66 - type: integer 
	Parameter C_REG_CONFIG bound to: 1 - type: integer 
INFO: [Synth 8-6155] done synthesizing module 'axi_register_slice_v2_1_18_axic_register_slice' (27#1) [c:/soc/HW1/HW1.srcs/sources_1/bd/design_1/ipshared/cc23/hdl/axi_register_slice_v2_1_vl_rfs.v:409]
INFO: [Synth 8-6157] synthesizing module 'axi_register_slice_v2_1_18_axic_register_slice__parameterized0' [c:/soc/HW1/HW1.srcs/sources_1/bd/design_1/ipshared/cc23/hdl/axi_register_slice_v2_1_vl_rfs.v:409]
	Parameter C_FAMILY bound to: virtex6 - type: string 
	Parameter C_DATA_WIDTH bound to: 49 - type: integer 
	Parameter C_REG_CONFIG bound to: 0 - type: integer 
INFO: [Synth 8-6155] done synthesizing module 'axi_register_slice_v2_1_18_axic_register_slice__parameterized0' (27#1) [c:/soc/HW1/HW1.srcs/sources_1/bd/design_1/ipshared/cc23/hdl/axi_register_slice_v2_1_vl_rfs.v:409]
INFO: [Synth 8-6157] synthesizing module 'axi_register_slice_v2_1_18_axic_register_slice__parameterized1' [c:/soc/HW1/HW1.srcs/sources_1/bd/design_1/ipshared/cc23/hdl/axi_register_slice_v2_1_vl_rfs.v:409]
	Parameter C_FAMILY bound to: virtex6 - type: string 
	Parameter C_DATA_WIDTH bound to: 14 - type: integer 
	Parameter C_REG_CONFIG bound to: 1 - type: integer 
INFO: [Synth 8-6155] done synthesizing module 'axi_register_slice_v2_1_18_axic_register_slice__parameterized1' (27#1) [c:/soc/HW1/HW1.srcs/sources_1/bd/design_1/ipshared/cc23/hdl/axi_register_slice_v2_1_vl_rfs.v:409]
INFO: [Synth 8-6157] synthesizing module 'axi_register_slice_v2_1_18_axic_register_slice__parameterized2' [c:/soc/HW1/HW1.srcs/sources_1/bd/design_1/ipshared/cc23/hdl/axi_register_slice_v2_1_vl_rfs.v:409]
	Parameter C_FAMILY bound to: virtex6 - type: string 
	Parameter C_DATA_WIDTH bound to: 47 - type: integer 
	Parameter C_REG_CONFIG bound to: 1 - type: integer 
INFO: [Synth 8-6155] done synthesizing module 'axi_register_slice_v2_1_18_axic_register_slice__parameterized2' (27#1) [c:/soc/HW1/HW1.srcs/sources_1/bd/design_1/ipshared/cc23/hdl/axi_register_slice_v2_1_vl_rfs.v:409]
INFO: [Synth 8-6157] synthesizing module 'axi_infrastructure_v1_1_0_axi2vector' [c:/soc/HW1/HW1.srcs/sources_1/bd/design_1/ipshared/ec67/hdl/axi_infrastructure_v1_1_vl_rfs.v:60]
	Parameter C_AXI_PROTOCOL bound to: 1 - type: integer 
	Parameter C_AXI_ID_WIDTH bound to: 12 - type: integer 
	Parameter C_AXI_ADDR_WIDTH bound to: 32 - type: integer 
	Parameter C_AXI_DATA_WIDTH bound to: 32 - type: integer 
	Parameter C_AXI_SUPPORTS_USER_SIGNALS bound to: 0 - type: integer 
	Parameter C_AXI_SUPPORTS_REGION_SIGNALS bound to: 0 - type: integer 
	Parameter C_AXI_AWUSER_WIDTH bound to: 1 - type: integer 
	Parameter C_AXI_WUSER_WIDTH bound to: 1 - type: integer 
	Parameter C_AXI_BUSER_WIDTH bound to: 1 - type: integer 
	Parameter C_AXI_ARUSER_WIDTH bound to: 1 - type: integer 
	Parameter C_AXI_RUSER_WIDTH bound to: 1 - type: integer 
	Parameter C_AWPAYLOAD_WIDTH bound to: 66 - type: integer 
	Parameter C_WPAYLOAD_WIDTH bound to: 49 - type: integer 
	Parameter C_BPAYLOAD_WIDTH bound to: 14 - type: integer 
	Parameter C_ARPAYLOAD_WIDTH bound to: 66 - type: integer 
	Parameter C_RPAYLOAD_WIDTH bound to: 47 - type: integer 
	Parameter G_AXI_AWADDR_INDEX bound to: 0 - type: integer 
	Parameter G_AXI_AWADDR_WIDTH bound to: 32 - type: integer 
	Parameter G_AXI_AWPROT_INDEX bound to: 32 - type: integer 
	Parameter G_AXI_AWPROT_WIDTH bound to: 3 - type: integer 
	Parameter G_AXI_AWSIZE_INDEX bound to: 35 - type: integer 
	Parameter G_AXI_AWSIZE_WIDTH bound to: 3 - type: integer 
	Parameter G_AXI_AWBURST_INDEX bound to: 38 - type: integer 
	Parameter G_AXI_AWBURST_WIDTH bound to: 2 - type: integer 
	Parameter G_AXI_AWCACHE_INDEX bound to: 40 - type: integer 
	Parameter G_AXI_AWCACHE_WIDTH bound to: 4 - type: integer 
	Parameter G_AXI_AWLEN_INDEX bound to: 44 - type: integer 
	Parameter G_AXI_AWLEN_WIDTH bound to: 4 - type: integer 
	Parameter G_AXI_AWLOCK_INDEX bound to: 48 - type: integer 
	Parameter G_AXI_AWLOCK_WIDTH bound to: 2 - type: integer 
	Parameter G_AXI_AWID_INDEX bound to: 50 - type: integer 
	Parameter G_AXI_AWID_WIDTH bound to: 12 - type: integer 
	Parameter G_AXI_AWQOS_INDEX bound to: 62 - type: integer 
	Parameter G_AXI_AWQOS_WIDTH bound to: 4 - type: integer 
	Parameter G_AXI_AWREGION_INDEX bound to: 66 - type: integer 
	Parameter G_AXI_AWREGION_WIDTH bound to: 0 - type: integer 
	Parameter G_AXI_AWUSER_INDEX bound to: 66 - type: integer 
	Parameter G_AXI_AWUSER_WIDTH bound to: 0 - type: integer 
	Parameter G_AXI_AWPAYLOAD_WIDTH bound to: 66 - type: integer 
	Parameter G_AXI_ARADDR_INDEX bound to: 0 - type: integer 
	Parameter G_AXI_ARADDR_WIDTH bound to: 32 - type: integer 
	Parameter G_AXI_ARPROT_INDEX bound to: 32 - type: integer 
	Parameter G_AXI_ARPROT_WIDTH bound to: 3 - type: integer 
	Parameter G_AXI_ARSIZE_INDEX bound to: 35 - type: integer 
	Parameter G_AXI_ARSIZE_WIDTH bound to: 3 - type: integer 
	Parameter G_AXI_ARBURST_INDEX bound to: 38 - type: integer 
	Parameter G_AXI_ARBURST_WIDTH bound to: 2 - type: integer 
	Parameter G_AXI_ARCACHE_INDEX bound to: 40 - type: integer 
	Parameter G_AXI_ARCACHE_WIDTH bound to: 4 - type: integer 
	Parameter G_AXI_ARLEN_INDEX bound to: 44 - type: integer 
	Parameter G_AXI_ARLEN_WIDTH bound to: 4 - type: integer 
	Parameter G_AXI_ARLOCK_INDEX bound to: 48 - type: integer 
	Parameter G_AXI_ARLOCK_WIDTH bound to: 2 - type: integer 
	Parameter G_AXI_ARID_INDEX bound to: 50 - type: integer 
	Parameter G_AXI_ARID_WIDTH bound to: 12 - type: integer 
	Parameter G_AXI_ARQOS_INDEX bound to: 62 - type: integer 
	Parameter G_AXI_ARQOS_WIDTH bound to: 4 - type: integer 
	Parameter G_AXI_ARREGION_INDEX bound to: 66 - type: integer 
	Parameter G_AXI_ARREGION_WIDTH bound to: 0 - type: integer 
	Parameter G_AXI_ARUSER_INDEX bound to: 66 - type: integer 
	Parameter G_AXI_ARUSER_WIDTH bound to: 0 - type: integer 
	Parameter G_AXI_ARPAYLOAD_WIDTH bound to: 66 - type: integer 
	Parameter G_AXI_WDATA_INDEX bound to: 0 - type: integer 
	Parameter G_AXI_WDATA_WIDTH bound to: 32 - type: integer 
	Parameter G_AXI_WSTRB_INDEX bound to: 32 - type: integer 
	Parameter G_AXI_WSTRB_WIDTH bound to: 4 - type: integer 
	Parameter G_AXI_WLAST_INDEX bound to: 36 - type: integer 
	Parameter G_AXI_WLAST_WIDTH bound to: 1 - type: integer 
	Parameter G_AXI_WID_INDEX bound to: 37 - type: integer 
	Parameter G_AXI_WID_WIDTH bound to: 12 - type: integer 
	Parameter G_AXI_WUSER_INDEX bound to: 49 - type: integer 
	Parameter G_AXI_WUSER_WIDTH bound to: 0 - type: integer 
	Parameter G_AXI_WPAYLOAD_WIDTH bound to: 49 - type: integer 
	Parameter G_AXI_BRESP_INDEX bound to: 0 - type: integer 
	Parameter G_AXI_BRESP_WIDTH bound to: 2 - type: integer 
	Parameter G_AXI_BID_INDEX bound to: 2 - type: integer 
	Parameter G_AXI_BID_WIDTH bound to: 12 - type: integer 
	Parameter G_AXI_BUSER_INDEX bound to: 14 - type: integer 
	Parameter G_AXI_BUSER_WIDTH bound to: 0 - type: integer 
	Parameter G_AXI_BPAYLOAD_WIDTH bound to: 14 - type: integer 
	Parameter G_AXI_RDATA_INDEX bound to: 0 - type: integer 
	Parameter G_AXI_RDATA_WIDTH bound to: 32 - type: integer 
	Parameter G_AXI_RRESP_INDEX bound to: 32 - type: integer 
	Parameter G_AXI_RRESP_WIDTH bound to: 2 - type: integer 
	Parameter G_AXI_RLAST_INDEX bound to: 34 - type: integer 
	Parameter G_AXI_RLAST_WIDTH bound to: 1 - type: integer 
	Parameter G_AXI_RID_INDEX bound to: 35 - type: integer 
	Parameter G_AXI_RID_WIDTH bound to: 12 - type: integer 
	Parameter G_AXI_RUSER_INDEX bound to: 47 - type: integer 
	Parameter G_AXI_RUSER_WIDTH bound to: 0 - type: integer 
	Parameter G_AXI_RPAYLOAD_WIDTH bound to: 47 - type: integer 
INFO: [Synth 8-6155] done synthesizing module 'axi_infrastructure_v1_1_0_axi2vector' (28#1) [c:/soc/HW1/HW1.srcs/sources_1/bd/design_1/ipshared/ec67/hdl/axi_infrastructure_v1_1_vl_rfs.v:60]
INFO: [Synth 8-6157] synthesizing module 'axi_infrastructure_v1_1_0_vector2axi' [c:/soc/HW1/HW1.srcs/sources_1/bd/design_1/ipshared/ec67/hdl/axi_infrastructure_v1_1_vl_rfs.v:474]
	Parameter C_AXI_PROTOCOL bound to: 1 - type: integer 
	Parameter C_AXI_ID_WIDTH bound to: 12 - type: integer 
	Parameter C_AXI_ADDR_WIDTH bound to: 32 - type: integer 
	Parameter C_AXI_DATA_WIDTH bound to: 32 - type: integer 
	Parameter C_AXI_SUPPORTS_USER_SIGNALS bound to: 0 - type: integer 
	Parameter C_AXI_SUPPORTS_REGION_SIGNALS bound to: 0 - type: integer 
	Parameter C_AXI_AWUSER_WIDTH bound to: 1 - type: integer 
	Parameter C_AXI_WUSER_WIDTH bound to: 1 - type: integer 
	Parameter C_AXI_BUSER_WIDTH bound to: 1 - type: integer 
	Parameter C_AXI_ARUSER_WIDTH bound to: 1 - type: integer 
	Parameter C_AXI_RUSER_WIDTH bound to: 1 - type: integer 
	Parameter C_AWPAYLOAD_WIDTH bound to: 66 - type: integer 
	Parameter C_WPAYLOAD_WIDTH bound to: 49 - type: integer 
	Parameter C_BPAYLOAD_WIDTH bound to: 14 - type: integer 
	Parameter C_ARPAYLOAD_WIDTH bound to: 66 - type: integer 
	Parameter C_RPAYLOAD_WIDTH bound to: 47 - type: integer 
	Parameter G_AXI_AWADDR_INDEX bound to: 0 - type: integer 
	Parameter G_AXI_AWADDR_WIDTH bound to: 32 - type: integer 
	Parameter G_AXI_AWPROT_INDEX bound to: 32 - type: integer 
	Parameter G_AXI_AWPROT_WIDTH bound to: 3 - type: integer 
	Parameter G_AXI_AWSIZE_INDEX bound to: 35 - type: integer 
	Parameter G_AXI_AWSIZE_WIDTH bound to: 3 - type: integer 
	Parameter G_AXI_AWBURST_INDEX bound to: 38 - type: integer 
	Parameter G_AXI_AWBURST_WIDTH bound to: 2 - type: integer 
	Parameter G_AXI_AWCACHE_INDEX bound to: 40 - type: integer 
	Parameter G_AXI_AWCACHE_WIDTH bound to: 4 - type: integer 
	Parameter G_AXI_AWLEN_INDEX bound to: 44 - type: integer 
	Parameter G_AXI_AWLEN_WIDTH bound to: 4 - type: integer 
	Parameter G_AXI_AWLOCK_INDEX bound to: 48 - type: integer 
	Parameter G_AXI_AWLOCK_WIDTH bound to: 2 - type: integer 
	Parameter G_AXI_AWID_INDEX bound to: 50 - type: integer 
	Parameter G_AXI_AWID_WIDTH bound to: 12 - type: integer 
	Parameter G_AXI_AWQOS_INDEX bound to: 62 - type: integer 
	Parameter G_AXI_AWQOS_WIDTH bound to: 4 - type: integer 
	Parameter G_AXI_AWREGION_INDEX bound to: 66 - type: integer 
	Parameter G_AXI_AWREGION_WIDTH bound to: 0 - type: integer 
	Parameter G_AXI_AWUSER_INDEX bound to: 66 - type: integer 
	Parameter G_AXI_AWUSER_WIDTH bound to: 0 - type: integer 
	Parameter G_AXI_AWPAYLOAD_WIDTH bound to: 66 - type: integer 
	Parameter G_AXI_ARADDR_INDEX bound to: 0 - type: integer 
	Parameter G_AXI_ARADDR_WIDTH bound to: 32 - type: integer 
	Parameter G_AXI_ARPROT_INDEX bound to: 32 - type: integer 
	Parameter G_AXI_ARPROT_WIDTH bound to: 3 - type: integer 
	Parameter G_AXI_ARSIZE_INDEX bound to: 35 - type: integer 
	Parameter G_AXI_ARSIZE_WIDTH bound to: 3 - type: integer 
	Parameter G_AXI_ARBURST_INDEX bound to: 38 - type: integer 
	Parameter G_AXI_ARBURST_WIDTH bound to: 2 - type: integer 
	Parameter G_AXI_ARCACHE_INDEX bound to: 40 - type: integer 
	Parameter G_AXI_ARCACHE_WIDTH bound to: 4 - type: integer 
	Parameter G_AXI_ARLEN_INDEX bound to: 44 - type: integer 
	Parameter G_AXI_ARLEN_WIDTH bound to: 4 - type: integer 
	Parameter G_AXI_ARLOCK_INDEX bound to: 48 - type: integer 
	Parameter G_AXI_ARLOCK_WIDTH bound to: 2 - type: integer 
	Parameter G_AXI_ARID_INDEX bound to: 50 - type: integer 
	Parameter G_AXI_ARID_WIDTH bound to: 12 - type: integer 
	Parameter G_AXI_ARQOS_INDEX bound to: 62 - type: integer 
	Parameter G_AXI_ARQOS_WIDTH bound to: 4 - type: integer 
	Parameter G_AXI_ARREGION_INDEX bound to: 66 - type: integer 
	Parameter G_AXI_ARREGION_WIDTH bound to: 0 - type: integer 
	Parameter G_AXI_ARUSER_INDEX bound to: 66 - type: integer 
	Parameter G_AXI_ARUSER_WIDTH bound to: 0 - type: integer 
	Parameter G_AXI_ARPAYLOAD_WIDTH bound to: 66 - type: integer 
	Parameter G_AXI_WDATA_INDEX bound to: 0 - type: integer 
	Parameter G_AXI_WDATA_WIDTH bound to: 32 - type: integer 
	Parameter G_AXI_WSTRB_INDEX bound to: 32 - type: integer 
	Parameter G_AXI_WSTRB_WIDTH bound to: 4 - type: integer 
	Parameter G_AXI_WLAST_INDEX bound to: 36 - type: integer 
	Parameter G_AXI_WLAST_WIDTH bound to: 1 - type: integer 
	Parameter G_AXI_WID_INDEX bound to: 37 - type: integer 
	Parameter G_AXI_WID_WIDTH bound to: 12 - type: integer 
	Parameter G_AXI_WUSER_INDEX bound to: 49 - type: integer 
	Parameter G_AXI_WUSER_WIDTH bound to: 0 - type: integer 
	Parameter G_AXI_WPAYLOAD_WIDTH bound to: 49 - type: integer 
	Parameter G_AXI_BRESP_INDEX bound to: 0 - type: integer 
	Parameter G_AXI_BRESP_WIDTH bound to: 2 - type: integer 
	Parameter G_AXI_BID_INDEX bound to: 2 - type: integer 
	Parameter G_AXI_BID_WIDTH bound to: 12 - type: integer 
	Parameter G_AXI_BUSER_INDEX bound to: 14 - type: integer 
	Parameter G_AXI_BUSER_WIDTH bound to: 0 - type: integer 
	Parameter G_AXI_BPAYLOAD_WIDTH bound to: 14 - type: integer 
	Parameter G_AXI_RDATA_INDEX bound to: 0 - type: integer 
	Parameter G_AXI_RDATA_WIDTH bound to: 32 - type: integer 
	Parameter G_AXI_RRESP_INDEX bound to: 32 - type: integer 
	Parameter G_AXI_RRESP_WIDTH bound to: 2 - type: integer 
	Parameter G_AXI_RLAST_INDEX bound to: 34 - type: integer 
	Parameter G_AXI_RLAST_WIDTH bound to: 1 - type: integer 
	Parameter G_AXI_RID_INDEX bound to: 35 - type: integer 
	Parameter G_AXI_RID_WIDTH bound to: 12 - type: integer 
	Parameter G_AXI_RUSER_INDEX bound to: 47 - type: integer 
	Parameter G_AXI_RUSER_WIDTH bound to: 0 - type: integer 
	Parameter G_AXI_RPAYLOAD_WIDTH bound to: 47 - type: integer 
INFO: [Synth 8-6155] done synthesizing module 'axi_infrastructure_v1_1_0_vector2axi' (29#1) [c:/soc/HW1/HW1.srcs/sources_1/bd/design_1/ipshared/ec67/hdl/axi_infrastructure_v1_1_vl_rfs.v:474]
INFO: [Synth 8-6155] done synthesizing module 'axi_register_slice_v2_1_18_axi_register_slice' (30#1) [c:/soc/HW1/HW1.srcs/sources_1/bd/design_1/ipshared/cc23/hdl/axi_register_slice_v2_1_vl_rfs.v:2637]
WARNING: [Synth 8-350] instance 'SI_REG' of module 'axi_register_slice_v2_1_18_axi_register_slice' requires 93 connections, but only 92 given [c:/soc/HW1/HW1.srcs/sources_1/bd/design_1/ipshared/7a04/hdl/axi_protocol_converter_v2_1_vl_rfs.v:4392]
INFO: [Synth 8-6157] synthesizing module 'axi_register_slice_v2_1_18_axi_register_slice__parameterized0' [c:/soc/HW1/HW1.srcs/sources_1/bd/design_1/ipshared/cc23/hdl/axi_register_slice_v2_1_vl_rfs.v:2637]
	Parameter C_FAMILY bound to: virtex6 - type: string 
	Parameter C_AXI_PROTOCOL bound to: 2 - type: integer 
	Parameter C_AXI_ID_WIDTH bound to: 1 - type: integer 
	Parameter C_AXI_ADDR_WIDTH bound to: 32 - type: integer 
	Parameter C_AXI_DATA_WIDTH bound to: 32 - type: integer 
	Parameter C_AXI_SUPPORTS_USER_SIGNALS bound to: 0 - type: integer 
	Parameter C_AXI_AWUSER_WIDTH bound to: 1 - type: integer 
	Parameter C_AXI_ARUSER_WIDTH bound to: 1 - type: integer 
	Parameter C_AXI_WUSER_WIDTH bound to: 1 - type: integer 
	Parameter C_AXI_RUSER_WIDTH bound to: 1 - type: integer 
	Parameter C_AXI_BUSER_WIDTH bound to: 1 - type: integer 
	Parameter C_REG_CONFIG_AW bound to: 0 - type: integer 
	Parameter C_REG_CONFIG_W bound to: 0 - type: integer 
	Parameter C_REG_CONFIG_B bound to: 0 - type: integer 
	Parameter C_REG_CONFIG_AR bound to: 0 - type: integer 
	Parameter C_REG_CONFIG_R bound to: 0 - type: integer 
	Parameter C_NUM_SLR_CROSSINGS bound to: 0 - type: integer 
	Parameter C_PIPELINES_MASTER_AW bound to: 0 - type: integer 
	Parameter C_PIPELINES_MASTER_W bound to: 0 - type: integer 
	Parameter C_PIPELINES_MASTER_B bound to: 0 - type: integer 
	Parameter C_PIPELINES_MASTER_AR bound to: 0 - type: integer 
	Parameter C_PIPELINES_MASTER_R bound to: 0 - type: integer 
	Parameter C_PIPELINES_SLAVE_AW bound to: 0 - type: integer 
	Parameter C_PIPELINES_SLAVE_W bound to: 0 - type: integer 
	Parameter C_PIPELINES_SLAVE_B bound to: 0 - type: integer 
	Parameter C_PIPELINES_SLAVE_AR bound to: 0 - type: integer 
	Parameter C_PIPELINES_SLAVE_R bound to: 0 - type: integer 
	Parameter C_PIPELINES_MIDDLE_AW bound to: 0 - type: integer 
	Parameter C_PIPELINES_MIDDLE_W bound to: 0 - type: integer 
	Parameter C_PIPELINES_MIDDLE_B bound to: 0 - type: integer 
	Parameter C_PIPELINES_MIDDLE_AR bound to: 0 - type: integer 
	Parameter C_PIPELINES_MIDDLE_R bound to: 0 - type: integer 
	Parameter C_AXI_SUPPORTS_REGION_SIGNALS bound to: 0 - type: integer 
	Parameter P_FORWARD bound to: 0 - type: integer 
	Parameter P_RESPONSE bound to: 1 - type: integer 
	Parameter G_AXI_AWADDR_INDEX bound to: 0 - type: integer 
	Parameter G_AXI_AWADDR_WIDTH bound to: 32 - type: integer 
	Parameter G_AXI_AWPROT_INDEX bound to: 32 - type: integer 
	Parameter G_AXI_AWPROT_WIDTH bound to: 3 - type: integer 
	Parameter G_AXI_AWSIZE_INDEX bound to: 35 - type: integer 
	Parameter G_AXI_AWSIZE_WIDTH bound to: 0 - type: integer 
	Parameter G_AXI_AWBURST_INDEX bound to: 35 - type: integer 
	Parameter G_AXI_AWBURST_WIDTH bound to: 0 - type: integer 
	Parameter G_AXI_AWCACHE_INDEX bound to: 35 - type: integer 
	Parameter G_AXI_AWCACHE_WIDTH bound to: 0 - type: integer 
	Parameter G_AXI_AWLEN_INDEX bound to: 35 - type: integer 
	Parameter G_AXI_AWLEN_WIDTH bound to: 0 - type: integer 
	Parameter G_AXI_AWLOCK_INDEX bound to: 35 - type: integer 
	Parameter G_AXI_AWLOCK_WIDTH bound to: 0 - type: integer 
	Parameter G_AXI_AWID_INDEX bound to: 35 - type: integer 
	Parameter G_AXI_AWID_WIDTH bound to: 0 - type: integer 
	Parameter G_AXI_AWQOS_INDEX bound to: 35 - type: integer 
	Parameter G_AXI_AWQOS_WIDTH bound to: 0 - type: integer 
	Parameter G_AXI_AWREGION_INDEX bound to: 35 - type: integer 
	Parameter G_AXI_AWREGION_WIDTH bound to: 0 - type: integer 
	Parameter G_AXI_AWUSER_INDEX bound to: 35 - type: integer 
	Parameter G_AXI_AWUSER_WIDTH bound to: 0 - type: integer 
	Parameter G_AXI_AWPAYLOAD_WIDTH bound to: 35 - type: integer 
	Parameter G_AXI_ARADDR_INDEX bound to: 0 - type: integer 
	Parameter G_AXI_ARADDR_WIDTH bound to: 32 - type: integer 
	Parameter G_AXI_ARPROT_INDEX bound to: 32 - type: integer 
	Parameter G_AXI_ARPROT_WIDTH bound to: 3 - type: integer 
	Parameter G_AXI_ARSIZE_INDEX bound to: 35 - type: integer 
	Parameter G_AXI_ARSIZE_WIDTH bound to: 0 - type: integer 
	Parameter G_AXI_ARBURST_INDEX bound to: 35 - type: integer 
	Parameter G_AXI_ARBURST_WIDTH bound to: 0 - type: integer 
	Parameter G_AXI_ARCACHE_INDEX bound to: 35 - type: integer 
	Parameter G_AXI_ARCACHE_WIDTH bound to: 0 - type: integer 
	Parameter G_AXI_ARLEN_INDEX bound to: 35 - type: integer 
	Parameter G_AXI_ARLEN_WIDTH bound to: 0 - type: integer 
	Parameter G_AXI_ARLOCK_INDEX bound to: 35 - type: integer 
	Parameter G_AXI_ARLOCK_WIDTH bound to: 0 - type: integer 
	Parameter G_AXI_ARID_INDEX bound to: 35 - type: integer 
	Parameter G_AXI_ARID_WIDTH bound to: 0 - type: integer 
	Parameter G_AXI_ARQOS_INDEX bound to: 35 - type: integer 
	Parameter G_AXI_ARQOS_WIDTH bound to: 0 - type: integer 
	Parameter G_AXI_ARREGION_INDEX bound to: 35 - type: integer 
	Parameter G_AXI_ARREGION_WIDTH bound to: 0 - type: integer 
	Parameter G_AXI_ARUSER_INDEX bound to: 35 - type: integer 
	Parameter G_AXI_ARUSER_WIDTH bound to: 0 - type: integer 
	Parameter G_AXI_ARPAYLOAD_WIDTH bound to: 35 - type: integer 
	Parameter G_AXI_WDATA_INDEX bound to: 0 - type: integer 
	Parameter G_AXI_WDATA_WIDTH bound to: 32 - type: integer 
	Parameter G_AXI_WSTRB_INDEX bound to: 32 - type: integer 
	Parameter G_AXI_WSTRB_WIDTH bound to: 4 - type: integer 
	Parameter G_AXI_WLAST_INDEX bound to: 36 - type: integer 
	Parameter G_AXI_WLAST_WIDTH bound to: 0 - type: integer 
	Parameter G_AXI_WID_INDEX bound to: 36 - type: integer 
	Parameter G_AXI_WID_WIDTH bound to: 0 - type: integer 
	Parameter G_AXI_WUSER_INDEX bound to: 36 - type: integer 
	Parameter G_AXI_WUSER_WIDTH bound to: 0 - type: integer 
	Parameter G_AXI_WPAYLOAD_WIDTH bound to: 36 - type: integer 
	Parameter G_AXI_BRESP_INDEX bound to: 0 - type: integer 
	Parameter G_AXI_BRESP_WIDTH bound to: 2 - type: integer 
	Parameter G_AXI_BID_INDEX bound to: 2 - type: integer 
	Parameter G_AXI_BID_WIDTH bound to: 0 - type: integer 
	Parameter G_AXI_BUSER_INDEX bound to: 2 - type: integer 
	Parameter G_AXI_BUSER_WIDTH bound to: 0 - type: integer 
	Parameter G_AXI_BPAYLOAD_WIDTH bound to: 2 - type: integer 
	Parameter G_AXI_RDATA_INDEX bound to: 0 - type: integer 
	Parameter G_AXI_RDATA_WIDTH bound to: 32 - type: integer 
	Parameter G_AXI_RRESP_INDEX bound to: 32 - type: integer 
	Parameter G_AXI_RRESP_WIDTH bound to: 2 - type: integer 
	Parameter G_AXI_RLAST_INDEX bound to: 34 - type: integer 
	Parameter G_AXI_RLAST_WIDTH bound to: 0 - type: integer 
	Parameter G_AXI_RID_INDEX bound to: 34 - type: integer 
	Parameter G_AXI_RID_WIDTH bound to: 0 - type: integer 
	Parameter G_AXI_RUSER_INDEX bound to: 34 - type: integer 
	Parameter G_AXI_RUSER_WIDTH bound to: 0 - type: integer 
	Parameter G_AXI_RPAYLOAD_WIDTH bound to: 34 - type: integer 
INFO: [Synth 8-6157] synthesizing module 'axi_register_slice_v2_1_18_axic_register_slice__parameterized3' [c:/soc/HW1/HW1.srcs/sources_1/bd/design_1/ipshared/cc23/hdl/axi_register_slice_v2_1_vl_rfs.v:409]
	Parameter C_FAMILY bound to: virtex6 - type: string 
	Parameter C_DATA_WIDTH bound to: 35 - type: integer 
	Parameter C_REG_CONFIG bound to: 0 - type: integer 
INFO: [Synth 8-6155] done synthesizing module 'axi_register_slice_v2_1_18_axic_register_slice__parameterized3' (30#1) [c:/soc/HW1/HW1.srcs/sources_1/bd/design_1/ipshared/cc23/hdl/axi_register_slice_v2_1_vl_rfs.v:409]
INFO: [Synth 8-6157] synthesizing module 'axi_register_slice_v2_1_18_axic_register_slice__parameterized4' [c:/soc/HW1/HW1.srcs/sources_1/bd/design_1/ipshared/cc23/hdl/axi_register_slice_v2_1_vl_rfs.v:409]
	Parameter C_FAMILY bound to: virtex6 - type: string 
	Parameter C_DATA_WIDTH bound to: 36 - type: integer 
	Parameter C_REG_CONFIG bound to: 0 - type: integer 
INFO: [Synth 8-6155] done synthesizing module 'axi_register_slice_v2_1_18_axic_register_slice__parameterized4' (30#1) [c:/soc/HW1/HW1.srcs/sources_1/bd/design_1/ipshared/cc23/hdl/axi_register_slice_v2_1_vl_rfs.v:409]
INFO: [Synth 8-6157] synthesizing module 'axi_register_slice_v2_1_18_axic_register_slice__parameterized5' [c:/soc/HW1/HW1.srcs/sources_1/bd/design_1/ipshared/cc23/hdl/axi_register_slice_v2_1_vl_rfs.v:409]
	Parameter C_FAMILY bound to: virtex6 - type: string 
	Parameter C_DATA_WIDTH bound to: 2 - type: integer 
	Parameter C_REG_CONFIG bound to: 0 - type: integer 
INFO: [Synth 8-6155] done synthesizing module 'axi_register_slice_v2_1_18_axic_register_slice__parameterized5' (30#1) [c:/soc/HW1/HW1.srcs/sources_1/bd/design_1/ipshared/cc23/hdl/axi_register_slice_v2_1_vl_rfs.v:409]
INFO: [Synth 8-6157] synthesizing module 'axi_register_slice_v2_1_18_axic_register_slice__parameterized6' [c:/soc/HW1/HW1.srcs/sources_1/bd/design_1/ipshared/cc23/hdl/axi_register_slice_v2_1_vl_rfs.v:409]
	Parameter C_FAMILY bound to: virtex6 - type: string 
	Parameter C_DATA_WIDTH bound to: 34 - type: integer 
	Parameter C_REG_CONFIG bound to: 0 - type: integer 
INFO: [Synth 8-6155] done synthesizing module 'axi_register_slice_v2_1_18_axic_register_slice__parameterized6' (30#1) [c:/soc/HW1/HW1.srcs/sources_1/bd/design_1/ipshared/cc23/hdl/axi_register_slice_v2_1_vl_rfs.v:409]
INFO: [Synth 8-6157] synthesizing module 'axi_infrastructure_v1_1_0_axi2vector__parameterized0' [c:/soc/HW1/HW1.srcs/sources_1/bd/design_1/ipshared/ec67/hdl/axi_infrastructure_v1_1_vl_rfs.v:60]
	Parameter C_AXI_PROTOCOL bound to: 2 - type: integer 
	Parameter C_AXI_ID_WIDTH bound to: 1 - type: integer 
	Parameter C_AXI_ADDR_WIDTH bound to: 32 - type: integer 
	Parameter C_AXI_DATA_WIDTH bound to: 32 - type: integer 
	Parameter C_AXI_SUPPORTS_USER_SIGNALS bound to: 0 - type: integer 
	Parameter C_AXI_SUPPORTS_REGION_SIGNALS bound to: 0 - type: integer 
	Parameter C_AXI_AWUSER_WIDTH bound to: 1 - type: integer 
	Parameter C_AXI_WUSER_WIDTH bound to: 1 - type: integer 
	Parameter C_AXI_BUSER_WIDTH bound to: 1 - type: integer 
	Parameter C_AXI_ARUSER_WIDTH bound to: 1 - type: integer 
	Parameter C_AXI_RUSER_WIDTH bound to: 1 - type: integer 
	Parameter C_AWPAYLOAD_WIDTH bound to: 35 - type: integer 
	Parameter C_WPAYLOAD_WIDTH bound to: 36 - type: integer 
	Parameter C_BPAYLOAD_WIDTH bound to: 2 - type: integer 
	Parameter C_ARPAYLOAD_WIDTH bound to: 35 - type: integer 
	Parameter C_RPAYLOAD_WIDTH bound to: 34 - type: integer 
	Parameter G_AXI_AWADDR_INDEX bound to: 0 - type: integer 
	Parameter G_AXI_AWADDR_WIDTH bound to: 32 - type: integer 
	Parameter G_AXI_AWPROT_INDEX bound to: 32 - type: integer 
	Parameter G_AXI_AWPROT_WIDTH bound to: 3 - type: integer 
	Parameter G_AXI_AWSIZE_INDEX bound to: 35 - type: integer 
	Parameter G_AXI_AWSIZE_WIDTH bound to: 0 - type: integer 
	Parameter G_AXI_AWBURST_INDEX bound to: 35 - type: integer 
	Parameter G_AXI_AWBURST_WIDTH bound to: 0 - type: integer 
	Parameter G_AXI_AWCACHE_INDEX bound to: 35 - type: integer 
	Parameter G_AXI_AWCACHE_WIDTH bound to: 0 - type: integer 
	Parameter G_AXI_AWLEN_INDEX bound to: 35 - type: integer 
	Parameter G_AXI_AWLEN_WIDTH bound to: 0 - type: integer 
	Parameter G_AXI_AWLOCK_INDEX bound to: 35 - type: integer 
	Parameter G_AXI_AWLOCK_WIDTH bound to: 0 - type: integer 
	Parameter G_AXI_AWID_INDEX bound to: 35 - type: integer 
	Parameter G_AXI_AWID_WIDTH bound to: 0 - type: integer 
	Parameter G_AXI_AWQOS_INDEX bound to: 35 - type: integer 
	Parameter G_AXI_AWQOS_WIDTH bound to: 0 - type: integer 
	Parameter G_AXI_AWREGION_INDEX bound to: 35 - type: integer 
	Parameter G_AXI_AWREGION_WIDTH bound to: 0 - type: integer 
	Parameter G_AXI_AWUSER_INDEX bound to: 35 - type: integer 
	Parameter G_AXI_AWUSER_WIDTH bound to: 0 - type: integer 
	Parameter G_AXI_AWPAYLOAD_WIDTH bound to: 35 - type: integer 
	Parameter G_AXI_ARADDR_INDEX bound to: 0 - type: integer 
	Parameter G_AXI_ARADDR_WIDTH bound to: 32 - type: integer 
	Parameter G_AXI_ARPROT_INDEX bound to: 32 - type: integer 
	Parameter G_AXI_ARPROT_WIDTH bound to: 3 - type: integer 
	Parameter G_AXI_ARSIZE_INDEX bound to: 35 - type: integer 
	Parameter G_AXI_ARSIZE_WIDTH bound to: 0 - type: integer 
	Parameter G_AXI_ARBURST_INDEX bound to: 35 - type: integer 
	Parameter G_AXI_ARBURST_WIDTH bound to: 0 - type: integer 
	Parameter G_AXI_ARCACHE_INDEX bound to: 35 - type: integer 
	Parameter G_AXI_ARCACHE_WIDTH bound to: 0 - type: integer 
	Parameter G_AXI_ARLEN_INDEX bound to: 35 - type: integer 
	Parameter G_AXI_ARLEN_WIDTH bound to: 0 - type: integer 
	Parameter G_AXI_ARLOCK_INDEX bound to: 35 - type: integer 
	Parameter G_AXI_ARLOCK_WIDTH bound to: 0 - type: integer 
	Parameter G_AXI_ARID_INDEX bound to: 35 - type: integer 
	Parameter G_AXI_ARID_WIDTH bound to: 0 - type: integer 
	Parameter G_AXI_ARQOS_INDEX bound to: 35 - type: integer 
	Parameter G_AXI_ARQOS_WIDTH bound to: 0 - type: integer 
	Parameter G_AXI_ARREGION_INDEX bound to: 35 - type: integer 
	Parameter G_AXI_ARREGION_WIDTH bound to: 0 - type: integer 
	Parameter G_AXI_ARUSER_INDEX bound to: 35 - type: integer 
	Parameter G_AXI_ARUSER_WIDTH bound to: 0 - type: integer 
	Parameter G_AXI_ARPAYLOAD_WIDTH bound to: 35 - type: integer 
	Parameter G_AXI_WDATA_INDEX bound to: 0 - type: integer 
	Parameter G_AXI_WDATA_WIDTH bound to: 32 - type: integer 
	Parameter G_AXI_WSTRB_INDEX bound to: 32 - type: integer 
	Parameter G_AXI_WSTRB_WIDTH bound to: 4 - type: integer 
	Parameter G_AXI_WLAST_INDEX bound to: 36 - type: integer 
	Parameter G_AXI_WLAST_WIDTH bound to: 0 - type: integer 
	Parameter G_AXI_WID_INDEX bound to: 36 - type: integer 
	Parameter G_AXI_WID_WIDTH bound to: 0 - type: integer 
	Parameter G_AXI_WUSER_INDEX bound to: 36 - type: integer 
	Parameter G_AXI_WUSER_WIDTH bound to: 0 - type: integer 
	Parameter G_AXI_WPAYLOAD_WIDTH bound to: 36 - type: integer 
	Parameter G_AXI_BRESP_INDEX bound to: 0 - type: integer 
	Parameter G_AXI_BRESP_WIDTH bound to: 2 - type: integer 
	Parameter G_AXI_BID_INDEX bound to: 2 - type: integer 
	Parameter G_AXI_BID_WIDTH bound to: 0 - type: integer 
	Parameter G_AXI_BUSER_INDEX bound to: 2 - type: integer 
	Parameter G_AXI_BUSER_WIDTH bound to: 0 - type: integer 
	Parameter G_AXI_BPAYLOAD_WIDTH bound to: 2 - type: integer 
	Parameter G_AXI_RDATA_INDEX bound to: 0 - type: integer 
	Parameter G_AXI_RDATA_WIDTH bound to: 32 - type: integer 
	Parameter G_AXI_RRESP_INDEX bound to: 32 - type: integer 
	Parameter G_AXI_RRESP_WIDTH bound to: 2 - type: integer 
	Parameter G_AXI_RLAST_INDEX bound to: 34 - type: integer 
	Parameter G_AXI_RLAST_WIDTH bound to: 0 - type: integer 
	Parameter G_AXI_RID_INDEX bound to: 34 - type: integer 
	Parameter G_AXI_RID_WIDTH bound to: 0 - type: integer 
	Parameter G_AXI_RUSER_INDEX bound to: 34 - type: integer 
	Parameter G_AXI_RUSER_WIDTH bound to: 0 - type: integer 
	Parameter G_AXI_RPAYLOAD_WIDTH bound to: 34 - type: integer 
INFO: [Synth 8-6155] done synthesizing module 'axi_infrastructure_v1_1_0_axi2vector__parameterized0' (30#1) [c:/soc/HW1/HW1.srcs/sources_1/bd/design_1/ipshared/ec67/hdl/axi_infrastructure_v1_1_vl_rfs.v:60]
INFO: [Synth 8-6157] synthesizing module 'axi_infrastructure_v1_1_0_vector2axi__parameterized0' [c:/soc/HW1/HW1.srcs/sources_1/bd/design_1/ipshared/ec67/hdl/axi_infrastructure_v1_1_vl_rfs.v:474]
	Parameter C_AXI_PROTOCOL bound to: 2 - type: integer 
	Parameter C_AXI_ID_WIDTH bound to: 1 - type: integer 
	Parameter C_AXI_ADDR_WIDTH bound to: 32 - type: integer 
	Parameter C_AXI_DATA_WIDTH bound to: 32 - type: integer 
	Parameter C_AXI_SUPPORTS_USER_SIGNALS bound to: 0 - type: integer 
	Parameter C_AXI_SUPPORTS_REGION_SIGNALS bound to: 0 - type: integer 
	Parameter C_AXI_AWUSER_WIDTH bound to: 1 - type: integer 
	Parameter C_AXI_WUSER_WIDTH bound to: 1 - type: integer 
	Parameter C_AXI_BUSER_WIDTH bound to: 1 - type: integer 
	Parameter C_AXI_ARUSER_WIDTH bound to: 1 - type: integer 
	Parameter C_AXI_RUSER_WIDTH bound to: 1 - type: integer 
	Parameter C_AWPAYLOAD_WIDTH bound to: 35 - type: integer 
	Parameter C_WPAYLOAD_WIDTH bound to: 36 - type: integer 
	Parameter C_BPAYLOAD_WIDTH bound to: 2 - type: integer 
	Parameter C_ARPAYLOAD_WIDTH bound to: 35 - type: integer 
	Parameter C_RPAYLOAD_WIDTH bound to: 34 - type: integer 
	Parameter G_AXI_AWADDR_INDEX bound to: 0 - type: integer 
	Parameter G_AXI_AWADDR_WIDTH bound to: 32 - type: integer 
	Parameter G_AXI_AWPROT_INDEX bound to: 32 - type: integer 
	Parameter G_AXI_AWPROT_WIDTH bound to: 3 - type: integer 
	Parameter G_AXI_AWSIZE_INDEX bound to: 35 - type: integer 
	Parameter G_AXI_AWSIZE_WIDTH bound to: 0 - type: integer 
	Parameter G_AXI_AWBURST_INDEX bound to: 35 - type: integer 
	Parameter G_AXI_AWBURST_WIDTH bound to: 0 - type: integer 
	Parameter G_AXI_AWCACHE_INDEX bound to: 35 - type: integer 
	Parameter G_AXI_AWCACHE_WIDTH bound to: 0 - type: integer 
	Parameter G_AXI_AWLEN_INDEX bound to: 35 - type: integer 
	Parameter G_AXI_AWLEN_WIDTH bound to: 0 - type: integer 
	Parameter G_AXI_AWLOCK_INDEX bound to: 35 - type: integer 
	Parameter G_AXI_AWLOCK_WIDTH bound to: 0 - type: integer 
	Parameter G_AXI_AWID_INDEX bound to: 35 - type: integer 
	Parameter G_AXI_AWID_WIDTH bound to: 0 - type: integer 
	Parameter G_AXI_AWQOS_INDEX bound to: 35 - type: integer 
	Parameter G_AXI_AWQOS_WIDTH bound to: 0 - type: integer 
	Parameter G_AXI_AWREGION_INDEX bound to: 35 - type: integer 
	Parameter G_AXI_AWREGION_WIDTH bound to: 0 - type: integer 
	Parameter G_AXI_AWUSER_INDEX bound to: 35 - type: integer 
	Parameter G_AXI_AWUSER_WIDTH bound to: 0 - type: integer 
	Parameter G_AXI_AWPAYLOAD_WIDTH bound to: 35 - type: integer 
	Parameter G_AXI_ARADDR_INDEX bound to: 0 - type: integer 
	Parameter G_AXI_ARADDR_WIDTH bound to: 32 - type: integer 
	Parameter G_AXI_ARPROT_INDEX bound to: 32 - type: integer 
	Parameter G_AXI_ARPROT_WIDTH bound to: 3 - type: integer 
	Parameter G_AXI_ARSIZE_INDEX bound to: 35 - type: integer 
	Parameter G_AXI_ARSIZE_WIDTH bound to: 0 - type: integer 
	Parameter G_AXI_ARBURST_INDEX bound to: 35 - type: integer 
	Parameter G_AXI_ARBURST_WIDTH bound to: 0 - type: integer 
	Parameter G_AXI_ARCACHE_INDEX bound to: 35 - type: integer 
	Parameter G_AXI_ARCACHE_WIDTH bound to: 0 - type: integer 
	Parameter G_AXI_ARLEN_INDEX bound to: 35 - type: integer 
	Parameter G_AXI_ARLEN_WIDTH bound to: 0 - type: integer 
	Parameter G_AXI_ARLOCK_INDEX bound to: 35 - type: integer 
	Parameter G_AXI_ARLOCK_WIDTH bound to: 0 - type: integer 
	Parameter G_AXI_ARID_INDEX bound to: 35 - type: integer 
	Parameter G_AXI_ARID_WIDTH bound to: 0 - type: integer 
	Parameter G_AXI_ARQOS_INDEX bound to: 35 - type: integer 
	Parameter G_AXI_ARQOS_WIDTH bound to: 0 - type: integer 
	Parameter G_AXI_ARREGION_INDEX bound to: 35 - type: integer 
	Parameter G_AXI_ARREGION_WIDTH bound to: 0 - type: integer 
	Parameter G_AXI_ARUSER_INDEX bound to: 35 - type: integer 
	Parameter G_AXI_ARUSER_WIDTH bound to: 0 - type: integer 
	Parameter G_AXI_ARPAYLOAD_WIDTH bound to: 35 - type: integer 
	Parameter G_AXI_WDATA_INDEX bound to: 0 - type: integer 
	Parameter G_AXI_WDATA_WIDTH bound to: 32 - type: integer 
	Parameter G_AXI_WSTRB_INDEX bound to: 32 - type: integer 
	Parameter G_AXI_WSTRB_WIDTH bound to: 4 - type: integer 
	Parameter G_AXI_WLAST_INDEX bound to: 36 - type: integer 
	Parameter G_AXI_WLAST_WIDTH bound to: 0 - type: integer 
	Parameter G_AXI_WID_INDEX bound to: 36 - type: integer 
	Parameter G_AXI_WID_WIDTH bound to: 0 - type: integer 
	Parameter G_AXI_WUSER_INDEX bound to: 36 - type: integer 
	Parameter G_AXI_WUSER_WIDTH bound to: 0 - type: integer 
	Parameter G_AXI_WPAYLOAD_WIDTH bound to: 36 - type: integer 
	Parameter G_AXI_BRESP_INDEX bound to: 0 - type: integer 
	Parameter G_AXI_BRESP_WIDTH bound to: 2 - type: integer 
	Parameter G_AXI_BID_INDEX bound to: 2 - type: integer 
	Parameter G_AXI_BID_WIDTH bound to: 0 - type: integer 
	Parameter G_AXI_BUSER_INDEX bound to: 2 - type: integer 
	Parameter G_AXI_BUSER_WIDTH bound to: 0 - type: integer 
	Parameter G_AXI_BPAYLOAD_WIDTH bound to: 2 - type: integer 
	Parameter G_AXI_RDATA_INDEX bound to: 0 - type: integer 
	Parameter G_AXI_RDATA_WIDTH bound to: 32 - type: integer 
	Parameter G_AXI_RRESP_INDEX bound to: 32 - type: integer 
	Parameter G_AXI_RRESP_WIDTH bound to: 2 - type: integer 
	Parameter G_AXI_RLAST_INDEX bound to: 34 - type: integer 
	Parameter G_AXI_RLAST_WIDTH bound to: 0 - type: integer 
	Parameter G_AXI_RID_INDEX bound to: 34 - type: integer 
	Parameter G_AXI_RID_WIDTH bound to: 0 - type: integer 
	Parameter G_AXI_RUSER_INDEX bound to: 34 - type: integer 
	Parameter G_AXI_RUSER_WIDTH bound to: 0 - type: integer 
	Parameter G_AXI_RPAYLOAD_WIDTH bound to: 34 - type: integer 
INFO: [Synth 8-6155] done synthesizing module 'axi_infrastructure_v1_1_0_vector2axi__parameterized0' (30#1) [c:/soc/HW1/HW1.srcs/sources_1/bd/design_1/ipshared/ec67/hdl/axi_infrastructure_v1_1_vl_rfs.v:474]
INFO: [Synth 8-6155] done synthesizing module 'axi_register_slice_v2_1_18_axi_register_slice__parameterized0' (30#1) [c:/soc/HW1/HW1.srcs/sources_1/bd/design_1/ipshared/cc23/hdl/axi_register_slice_v2_1_vl_rfs.v:2637]
WARNING: [Synth 8-350] instance 'MI_REG' of module 'axi_register_slice_v2_1_18_axi_register_slice' requires 93 connections, but only 92 given [c:/soc/HW1/HW1.srcs/sources_1/bd/design_1/ipshared/7a04/hdl/axi_protocol_converter_v2_1_vl_rfs.v:4647]
INFO: [Synth 8-6155] done synthesizing module 'axi_protocol_converter_v2_1_18_b2s' (31#1) [c:/soc/HW1/HW1.srcs/sources_1/bd/design_1/ipshared/7a04/hdl/axi_protocol_converter_v2_1_vl_rfs.v:4226]
INFO: [Synth 8-6155] done synthesizing module 'axi_protocol_converter_v2_1_18_axi_protocol_converter' (32#1) [c:/soc/HW1/HW1.srcs/sources_1/bd/design_1/ipshared/7a04/hdl/axi_protocol_converter_v2_1_vl_rfs.v:4808]
INFO: [Synth 8-6155] done synthesizing module 'design_1_auto_pc_0' (33#1) [c:/soc/HW1/HW1.srcs/sources_1/bd/design_1/ip/design_1_auto_pc_0/synth/design_1_auto_pc_0.v:58]
INFO: [Synth 8-256] done synthesizing module 's00_couplers_imp_UYSKKA' (34#1) [C:/soc/HW1/HW1.srcs/sources_1/bd/design_1/synth/design_1.vhd:80]
INFO: [Synth 8-256] done synthesizing module 'design_1_ps7_0_axi_periph_0' (35#1) [C:/soc/HW1/HW1.srcs/sources_1/bd/design_1/synth/design_1.vhd:398]
INFO: [Synth 8-256] done synthesizing module 'design_1' (36#1) [C:/soc/HW1/HW1.srcs/sources_1/bd/design_1/synth/design_1.vhd:622]
INFO: [Synth 8-256] done synthesizing module 'design_1_wrapper' (37#1) [C:/soc/HW1/HW1.srcs/sources_1/bd/design_1/hdl/design_1_wrapper.vhd:41]
WARNING: [Synth 8-3331] design axi_infrastructure_v1_1_0_vector2axi__parameterized0 has unconnected port m_axi_bid[0]
WARNING: [Synth 8-3331] design axi_infrastructure_v1_1_0_vector2axi__parameterized0 has unconnected port m_axi_buser[0]
WARNING: [Synth 8-3331] design axi_infrastructure_v1_1_0_vector2axi__parameterized0 has unconnected port m_axi_rid[0]
WARNING: [Synth 8-3331] design axi_infrastructure_v1_1_0_vector2axi__parameterized0 has unconnected port m_axi_rlast
WARNING: [Synth 8-3331] design axi_infrastructure_v1_1_0_vector2axi__parameterized0 has unconnected port m_axi_ruser[0]
WARNING: [Synth 8-3331] design axi_infrastructure_v1_1_0_axi2vector__parameterized0 has unconnected port s_axi_awid[0]
WARNING: [Synth 8-3331] design axi_infrastructure_v1_1_0_axi2vector__parameterized0 has unconnected port s_axi_awlen[7]
WARNING: [Synth 8-3331] design axi_infrastructure_v1_1_0_axi2vector__parameterized0 has unconnected port s_axi_awlen[6]
WARNING: [Synth 8-3331] design axi_infrastructure_v1_1_0_axi2vector__parameterized0 has unconnected port s_axi_awlen[5]
WARNING: [Synth 8-3331] design axi_infrastructure_v1_1_0_axi2vector__parameterized0 has unconnected port s_axi_awlen[4]
WARNING: [Synth 8-3331] design axi_infrastructure_v1_1_0_axi2vector__parameterized0 has unconnected port s_axi_awlen[3]
WARNING: [Synth 8-3331] design axi_infrastructure_v1_1_0_axi2vector__parameterized0 has unconnected port s_axi_awlen[2]
WARNING: [Synth 8-3331] design axi_infrastructure_v1_1_0_axi2vector__parameterized0 has unconnected port s_axi_awlen[1]
WARNING: [Synth 8-3331] design axi_infrastructure_v1_1_0_axi2vector__parameterized0 has unconnected port s_axi_awlen[0]
WARNING: [Synth 8-3331] design axi_infrastructure_v1_1_0_axi2vector__parameterized0 has unconnected port s_axi_awsize[2]
WARNING: [Synth 8-3331] design axi_infrastructure_v1_1_0_axi2vector__parameterized0 has unconnected port s_axi_awsize[1]
WARNING: [Synth 8-3331] design axi_infrastructure_v1_1_0_axi2vector__parameterized0 has unconnected port s_axi_awsize[0]
WARNING: [Synth 8-3331] design axi_infrastructure_v1_1_0_axi2vector__parameterized0 has unconnected port s_axi_awburst[1]
WARNING: [Synth 8-3331] design axi_infrastructure_v1_1_0_axi2vector__parameterized0 has unconnected port s_axi_awburst[0]
WARNING: [Synth 8-3331] design axi_infrastructure_v1_1_0_axi2vector__parameterized0 has unconnected port s_axi_awlock[0]
WARNING: [Synth 8-3331] design axi_infrastructure_v1_1_0_axi2vector__parameterized0 has unconnected port s_axi_awcache[3]
WARNING: [Synth 8-3331] design axi_infrastructure_v1_1_0_axi2vector__parameterized0 has unconnected port s_axi_awcache[2]
WARNING: [Synth 8-3331] design axi_infrastructure_v1_1_0_axi2vector__parameterized0 has unconnected port s_axi_awcache[1]
WARNING: [Synth 8-3331] design axi_infrastructure_v1_1_0_axi2vector__parameterized0 has unconnected port s_axi_awcache[0]
WARNING: [Synth 8-3331] design axi_infrastructure_v1_1_0_axi2vector__parameterized0 has unconnected port s_axi_awregion[3]
WARNING: [Synth 8-3331] design axi_infrastructure_v1_1_0_axi2vector__parameterized0 has unconnected port s_axi_awregion[2]
WARNING: [Synth 8-3331] design axi_infrastructure_v1_1_0_axi2vector__parameterized0 has unconnected port s_axi_awregion[1]
WARNING: [Synth 8-3331] design axi_infrastructure_v1_1_0_axi2vector__parameterized0 has unconnected port s_axi_awregion[0]
WARNING: [Synth 8-3331] design axi_infrastructure_v1_1_0_axi2vector__parameterized0 has unconnected port s_axi_awqos[3]
WARNING: [Synth 8-3331] design axi_infrastructure_v1_1_0_axi2vector__parameterized0 has unconnected port s_axi_awqos[2]
WARNING: [Synth 8-3331] design axi_infrastructure_v1_1_0_axi2vector__parameterized0 has unconnected port s_axi_awqos[1]
WARNING: [Synth 8-3331] design axi_infrastructure_v1_1_0_axi2vector__parameterized0 has unconnected port s_axi_awqos[0]
WARNING: [Synth 8-3331] design axi_infrastructure_v1_1_0_axi2vector__parameterized0 has unconnected port s_axi_awuser[0]
WARNING: [Synth 8-3331] design axi_infrastructure_v1_1_0_axi2vector__parameterized0 has unconnected port s_axi_wid[0]
WARNING: [Synth 8-3331] design axi_infrastructure_v1_1_0_axi2vector__parameterized0 has unconnected port s_axi_wlast
WARNING: [Synth 8-3331] design axi_infrastructure_v1_1_0_axi2vector__parameterized0 has unconnected port s_axi_wuser[0]
WARNING: [Synth 8-3331] design axi_infrastructure_v1_1_0_axi2vector__parameterized0 has unconnected port s_axi_arid[0]
WARNING: [Synth 8-3331] design axi_infrastructure_v1_1_0_axi2vector__parameterized0 has unconnected port s_axi_arlen[7]
WARNING: [Synth 8-3331] design axi_infrastructure_v1_1_0_axi2vector__parameterized0 has unconnected port s_axi_arlen[6]
WARNING: [Synth 8-3331] design axi_infrastructure_v1_1_0_axi2vector__parameterized0 has unconnected port s_axi_arlen[5]
WARNING: [Synth 8-3331] design axi_infrastructure_v1_1_0_axi2vector__parameterized0 has unconnected port s_axi_arlen[4]
WARNING: [Synth 8-3331] design axi_infrastructure_v1_1_0_axi2vector__parameterized0 has unconnected port s_axi_arlen[3]
WARNING: [Synth 8-3331] design axi_infrastructure_v1_1_0_axi2vector__parameterized0 has unconnected port s_axi_arlen[2]
WARNING: [Synth 8-3331] design axi_infrastructure_v1_1_0_axi2vector__parameterized0 has unconnected port s_axi_arlen[1]
WARNING: [Synth 8-3331] design axi_infrastructure_v1_1_0_axi2vector__parameterized0 has unconnected port s_axi_arlen[0]
WARNING: [Synth 8-3331] design axi_infrastructure_v1_1_0_axi2vector__parameterized0 has unconnected port s_axi_arsize[2]
WARNING: [Synth 8-3331] design axi_infrastructure_v1_1_0_axi2vector__parameterized0 has unconnected port s_axi_arsize[1]
WARNING: [Synth 8-3331] design axi_infrastructure_v1_1_0_axi2vector__parameterized0 has unconnected port s_axi_arsize[0]
WARNING: [Synth 8-3331] design axi_infrastructure_v1_1_0_axi2vector__parameterized0 has unconnected port s_axi_arburst[1]
WARNING: [Synth 8-3331] design axi_infrastructure_v1_1_0_axi2vector__parameterized0 has unconnected port s_axi_arburst[0]
WARNING: [Synth 8-3331] design axi_infrastructure_v1_1_0_axi2vector__parameterized0 has unconnected port s_axi_arlock[0]
WARNING: [Synth 8-3331] design axi_infrastructure_v1_1_0_axi2vector__parameterized0 has unconnected port s_axi_arcache[3]
WARNING: [Synth 8-3331] design axi_infrastructure_v1_1_0_axi2vector__parameterized0 has unconnected port s_axi_arcache[2]
WARNING: [Synth 8-3331] design axi_infrastructure_v1_1_0_axi2vector__parameterized0 has unconnected port s_axi_arcache[1]
WARNING: [Synth 8-3331] design axi_infrastructure_v1_1_0_axi2vector__parameterized0 has unconnected port s_axi_arcache[0]
WARNING: [Synth 8-3331] design axi_infrastructure_v1_1_0_axi2vector__parameterized0 has unconnected port s_axi_arregion[3]
WARNING: [Synth 8-3331] design axi_infrastructure_v1_1_0_axi2vector__parameterized0 has unconnected port s_axi_arregion[2]
WARNING: [Synth 8-3331] design axi_infrastructure_v1_1_0_axi2vector__parameterized0 has unconnected port s_axi_arregion[1]
WARNING: [Synth 8-3331] design axi_infrastructure_v1_1_0_axi2vector__parameterized0 has unconnected port s_axi_arregion[0]
WARNING: [Synth 8-3331] design axi_infrastructure_v1_1_0_axi2vector__parameterized0 has unconnected port s_axi_arqos[3]
WARNING: [Synth 8-3331] design axi_infrastructure_v1_1_0_axi2vector__parameterized0 has unconnected port s_axi_arqos[2]
WARNING: [Synth 8-3331] design axi_infrastructure_v1_1_0_axi2vector__parameterized0 has unconnected port s_axi_arqos[1]
WARNING: [Synth 8-3331] design axi_infrastructure_v1_1_0_axi2vector__parameterized0 has unconnected port s_axi_arqos[0]
WARNING: [Synth 8-3331] design axi_infrastructure_v1_1_0_axi2vector__parameterized0 has unconnected port s_axi_aruser[0]
WARNING: [Synth 8-3331] design axi_register_slice_v2_1_18_axic_register_slice__parameterized6 has unconnected port ACLK
WARNING: [Synth 8-3331] design axi_register_slice_v2_1_18_axic_register_slice__parameterized6 has unconnected port ARESET
WARNING: [Synth 8-3331] design axi_register_slice_v2_1_18_axic_register_slice__parameterized3 has unconnected port ACLK
WARNING: [Synth 8-3331] design axi_register_slice_v2_1_18_axic_register_slice__parameterized3 has unconnected port ARESET
WARNING: [Synth 8-3331] design axi_register_slice_v2_1_18_axic_register_slice__parameterized5 has unconnected port ACLK
WARNING: [Synth 8-3331] design axi_register_slice_v2_1_18_axic_register_slice__parameterized5 has unconnected port ARESET
WARNING: [Synth 8-3331] design axi_register_slice_v2_1_18_axic_register_slice__parameterized4 has unconnected port ACLK
WARNING: [Synth 8-3331] design axi_register_slice_v2_1_18_axic_register_slice__parameterized4 has unconnected port ARESET
WARNING: [Synth 8-3331] design axi_register_slice_v2_1_18_axi_register_slice__parameterized0 has unconnected port aclk2x
WARNING: [Synth 8-3331] design axi_infrastructure_v1_1_0_vector2axi has unconnected port m_axi_buser[0]
WARNING: [Synth 8-3331] design axi_infrastructure_v1_1_0_vector2axi has unconnected port m_axi_ruser[0]
WARNING: [Synth 8-3331] design axi_infrastructure_v1_1_0_axi2vector has unconnected port s_axi_awregion[3]
WARNING: [Synth 8-3331] design axi_infrastructure_v1_1_0_axi2vector has unconnected port s_axi_awregion[2]
WARNING: [Synth 8-3331] design axi_infrastructure_v1_1_0_axi2vector has unconnected port s_axi_awregion[1]
WARNING: [Synth 8-3331] design axi_infrastructure_v1_1_0_axi2vector has unconnected port s_axi_awregion[0]
WARNING: [Synth 8-3331] design axi_infrastructure_v1_1_0_axi2vector has unconnected port s_axi_awuser[0]
WARNING: [Synth 8-3331] design axi_infrastructure_v1_1_0_axi2vector has unconnected port s_axi_wuser[0]
WARNING: [Synth 8-3331] design axi_infrastructure_v1_1_0_axi2vector has unconnected port s_axi_arregion[3]
WARNING: [Synth 8-3331] design axi_infrastructure_v1_1_0_axi2vector has unconnected port s_axi_arregion[2]
WARNING: [Synth 8-3331] design axi_infrastructure_v1_1_0_axi2vector has unconnected port s_axi_arregion[1]
WARNING: [Synth 8-3331] design axi_infrastructure_v1_1_0_axi2vector has unconnected port s_axi_arregion[0]
WARNING: [Synth 8-3331] design axi_infrastructure_v1_1_0_axi2vector has unconnected port s_axi_aruser[0]
WARNING: [Synth 8-3331] design axi_register_slice_v2_1_18_axic_register_slice__parameterized0 has unconnected port ACLK
WARNING: [Synth 8-3331] design axi_register_slice_v2_1_18_axic_register_slice__parameterized0 has unconnected port ARESET
WARNING: [Synth 8-3331] design axi_register_slice_v2_1_18_axi_register_slice has unconnected port aclk2x
WARNING: [Synth 8-3331] design axi_protocol_converter_v2_1_18_b2s_rd_cmd_fsm has unconnected port s_arlen[7]
WARNING: [Synth 8-3331] design axi_protocol_converter_v2_1_18_b2s_rd_cmd_fsm has unconnected port s_arlen[6]
WARNING: [Synth 8-3331] design axi_protocol_converter_v2_1_18_b2s_rd_cmd_fsm has unconnected port s_arlen[5]
WARNING: [Synth 8-3331] design axi_protocol_converter_v2_1_18_b2s_rd_cmd_fsm has unconnected port s_arlen[4]
WARNING: [Synth 8-3331] design axi_protocol_converter_v2_1_18_b2s_rd_cmd_fsm has unconnected port s_arlen[3]
WARNING: [Synth 8-3331] design axi_protocol_converter_v2_1_18_b2s_rd_cmd_fsm has unconnected port s_arlen[2]
WARNING: [Synth 8-3331] design axi_protocol_converter_v2_1_18_b2s_rd_cmd_fsm has unconnected port s_arlen[1]
WARNING: [Synth 8-3331] design axi_protocol_converter_v2_1_18_b2s_rd_cmd_fsm has unconnected port s_arlen[0]
WARNING: [Synth 8-3331] design axi_protocol_converter_v2_1_18_b2s_wrap_cmd has unconnected port axlen[7]
WARNING: [Synth 8-3331] design axi_protocol_converter_v2_1_18_b2s_wrap_cmd has unconnected port axlen[6]
WARNING: [Synth 8-3331] design axi_protocol_converter_v2_1_18_b2s_wrap_cmd has unconnected port axlen[5]
INFO: [Common 17-14] Message 'Synth 8-3331' appears 100 times and further instances of the messages will be disabled. Use the Tcl command set_msg_config to change the current settings.
---------------------------------------------------------------------------------
Finished RTL Elaboration : Time (s): cpu = 00:00:21 ; elapsed = 00:00:27 . Memory (MB): peak = 571.715 ; gain = 270.391
---------------------------------------------------------------------------------

Report Check Netlist: 
+------+------------------+-------+---------+-------+------------------+
|      |Item              |Errors |Warnings |Status |Description       |
+------+------------------+-------+---------+-------+------------------+
|1     |multi_driven_nets |      0|        0|Passed |Multi driven nets |
+------+------------------+-------+---------+-------+------------------+
---------------------------------------------------------------------------------
Start Handling Custom Attributes
---------------------------------------------------------------------------------
---------------------------------------------------------------------------------
Finished Handling Custom Attributes : Time (s): cpu = 00:00:21 ; elapsed = 00:00:27 . Memory (MB): peak = 571.715 ; gain = 270.391
---------------------------------------------------------------------------------
---------------------------------------------------------------------------------
Finished RTL Optimization Phase 1 : Time (s): cpu = 00:00:21 ; elapsed = 00:00:27 . Memory (MB): peak = 571.715 ; gain = 270.391
---------------------------------------------------------------------------------
INFO: [Netlist 29-17] Analyzing 13 Unisim elements for replacement
INFO: [Netlist 29-28] Unisim Transformation completed in 0 CPU seconds
INFO: [Device 21-403] Loading part xc7z020clg484-1
INFO: [Project 1-570] Preparing netlist for logic optimization

Processing XDC Constraints
Initializing timing engine
Parsing XDC File [c:/soc/HW1/HW1.srcs/sources_1/bd/design_1/ip/design_1_processing_system7_0_0/design_1_processing_system7_0_0.xdc] for cell 'design_1_i/processing_system7_0/inst'
Finished Parsing XDC File [c:/soc/HW1/HW1.srcs/sources_1/bd/design_1/ip/design_1_processing_system7_0_0/design_1_processing_system7_0_0.xdc] for cell 'design_1_i/processing_system7_0/inst'
INFO: [Project 1-236] Implementation specific constraints were found while reading constraint file [c:/soc/HW1/HW1.srcs/sources_1/bd/design_1/ip/design_1_processing_system7_0_0/design_1_processing_system7_0_0.xdc]. These constraints will be ignored for synthesis but will be used in implementation. Impacted constraints are listed in the file [.Xil/design_1_wrapper_propImpl.xdc].
Resolution: To avoid this warning, move constraints listed in [.Xil/design_1_wrapper_propImpl.xdc] to another XDC file and exclude this new file from synthesis with the used_in_synthesis property (File Properties dialog in GUI) and re-run elaboration/synthesis.
Parsing XDC File [c:/soc/HW1/HW1.srcs/sources_1/bd/design_1/ip/design_1_proc_sys_reset_0_0/design_1_proc_sys_reset_0_0_board.xdc] for cell 'design_1_i/proc_sys_reset_0/U0'
Finished Parsing XDC File [c:/soc/HW1/HW1.srcs/sources_1/bd/design_1/ip/design_1_proc_sys_reset_0_0/design_1_proc_sys_reset_0_0_board.xdc] for cell 'design_1_i/proc_sys_reset_0/U0'
Parsing XDC File [c:/soc/HW1/HW1.srcs/sources_1/bd/design_1/ip/design_1_proc_sys_reset_0_0/design_1_proc_sys_reset_0_0.xdc] for cell 'design_1_i/proc_sys_reset_0/U0'
Finished Parsing XDC File [c:/soc/HW1/HW1.srcs/sources_1/bd/design_1/ip/design_1_proc_sys_reset_0_0/design_1_proc_sys_reset_0_0.xdc] for cell 'design_1_i/proc_sys_reset_0/U0'
Netlist sorting complete. Time (s): cpu = 00:00:00 ; elapsed = 00:00:00.001 . Memory (MB): peak = 838.176 ; gain = 0.000
Parsing XDC File [C:/soc/HW1/HW1.srcs/constrs_1/new/led.xdc]
Finished Parsing XDC File [C:/soc/HW1/HW1.srcs/constrs_1/new/led.xdc]
INFO: [Project 1-236] Implementation specific constraints were found while reading constraint file [C:/soc/HW1/HW1.srcs/constrs_1/new/led.xdc]. These constraints will be ignored for synthesis but will be used in implementation. Impacted constraints are listed in the file [.Xil/design_1_wrapper_propImpl.xdc].
Resolution: To avoid this warning, move constraints listed in [.Xil/design_1_wrapper_propImpl.xdc] to another XDC file and exclude this new file from synthesis with the used_in_synthesis property (File Properties dialog in GUI) and re-run elaboration/synthesis.
Parsing XDC File [C:/soc/HW1/HW1.runs/synth_1/dont_touch.xdc]
Finished Parsing XDC File [C:/soc/HW1/HW1.runs/synth_1/dont_touch.xdc]
INFO: [Project 1-236] Implementation specific constraints were found while reading constraint file [C:/soc/HW1/HW1.runs/synth_1/dont_touch.xdc]. These constraints will be ignored for synthesis but will be used in implementation. Impacted constraints are listed in the file [.Xil/design_1_wrapper_propImpl.xdc].
Resolution: To avoid this warning, move constraints listed in [.Xil/design_1_wrapper_propImpl.xdc] to another XDC file and exclude this new file from synthesis with the used_in_synthesis property (File Properties dialog in GUI) and re-run elaboration/synthesis.
Netlist sorting complete. Time (s): cpu = 00:00:00 ; elapsed = 00:00:00.001 . Memory (MB): peak = 838.176 ; gain = 0.000
Completed Processing XDC Constraints

Netlist sorting complete. Time (s): cpu = 00:00:00 ; elapsed = 00:00:00.001 . Memory (MB): peak = 838.176 ; gain = 0.000
INFO: [Project 1-111] Unisim Transformation Summary:
  A total of 13 instances were transformed.
  FDR => FDRE: 12 instances
  SRL16 => SRL16E: 1 instances

Netlist sorting complete. Time (s): cpu = 00:00:00 ; elapsed = 00:00:00.001 . Memory (MB): peak = 838.176 ; gain = 0.000
Constraint Validation Runtime : Time (s): cpu = 00:00:00 ; elapsed = 00:00:00.013 . Memory (MB): peak = 838.176 ; gain = 0.000
---------------------------------------------------------------------------------
Finished Constraint Validation : Time (s): cpu = 00:00:28 ; elapsed = 00:00:36 . Memory (MB): peak = 838.176 ; gain = 536.852
---------------------------------------------------------------------------------
---------------------------------------------------------------------------------
Start Loading Part and Timing Information
---------------------------------------------------------------------------------
Loading part: xc7z020clg484-1
---------------------------------------------------------------------------------
Finished Loading Part and Timing Information : Time (s): cpu = 00:00:28 ; elapsed = 00:00:36 . Memory (MB): peak = 838.176 ; gain = 536.852
---------------------------------------------------------------------------------
---------------------------------------------------------------------------------
Start Applying 'set_property' XDC Constraints
---------------------------------------------------------------------------------
Applied set_property DONT_TOUCH = true for design_1_i/processing_system7_0/inst. (constraint file  C:/soc/HW1/HW1.runs/synth_1/dont_touch.xdc, line 25).
Applied set_property DONT_TOUCH = true for design_1_i/proc_sys_reset_0/U0. (constraint file  C:/soc/HW1/HW1.runs/synth_1/dont_touch.xdc, line 28).
Applied set_property DONT_TOUCH = true for design_1_i. (constraint file  auto generated constraint, line ).
Applied set_property DONT_TOUCH = true for design_1_i/processing_system7_0. (constraint file  auto generated constraint, line ).
Applied set_property DONT_TOUCH = true for design_1_i/proc_sys_reset_0. (constraint file  auto generated constraint, line ).
Applied set_property DONT_TOUCH = true for design_1_i/myip_0. (constraint file  auto generated constraint, line ).
Applied set_property DONT_TOUCH = true for design_1_i/ps7_0_axi_periph. (constraint file  auto generated constraint, line ).
Applied set_property DONT_TOUCH = true for design_1_i/ps7_0_axi_periph/s00_couplers/auto_pc. (constraint file  auto generated constraint, line ).
---------------------------------------------------------------------------------
Finished applying 'set_property' XDC Constraints : Time (s): cpu = 00:00:28 ; elapsed = 00:00:36 . Memory (MB): peak = 838.176 ; gain = 536.852
---------------------------------------------------------------------------------
INFO: [Synth 8-4471] merging register 'seq_cnt_en_reg' into 'from_sys_reg' [c:/soc/HW1/HW1.srcs/sources_1/bd/design_1/ipshared/8842/hdl/proc_sys_reset_v5_0_vh_rfs.vhd:377]
INFO: [Synth 8-802] inferred FSM for state register 'state_reg' in module 'axi_protocol_converter_v2_1_18_b2s_rd_cmd_fsm'
INFO: [Synth 8-5544] ROM "next_state" won't be mapped to Block RAM because address size (1) smaller than threshold (5)
INFO: [Synth 8-5544] ROM "next_state" won't be mapped to Block RAM because address size (1) smaller than threshold (5)
INFO: [Synth 8-5818] HDL ADVISOR - The operator resource <adder> is shared. To prevent sharing consider applying a KEEP on the output of the operator [c:/soc/HW1/HW1.srcs/sources_1/bd/design_1/ipshared/7a04/hdl/axi_protocol_converter_v2_1_vl_rfs.v:2870]
INFO: [Synth 8-5818] HDL ADVISOR - The operator resource <adder> is shared. To prevent sharing consider applying a KEEP on the output of the operator [c:/soc/HW1/HW1.srcs/sources_1/bd/design_1/ipshared/7a04/hdl/axi_protocol_converter_v2_1_vl_rfs.v:2870]
---------------------------------------------------------------------------------------------------
                   State |                     New Encoding |                Previous Encoding 
---------------------------------------------------------------------------------------------------
                 SM_IDLE |                               01 |                               00
               SM_CMD_EN |                               11 |                               01
         SM_CMD_ACCEPTED |                               10 |                               10
                 SM_DONE |                               00 |                               11
---------------------------------------------------------------------------------------------------
INFO: [Synth 8-3354] encoded FSM with state register 'state_reg' using encoding 'sequential' in module 'axi_protocol_converter_v2_1_18_b2s_rd_cmd_fsm'
---------------------------------------------------------------------------------
Finished RTL Optimization Phase 2 : Time (s): cpu = 00:00:29 ; elapsed = 00:00:38 . Memory (MB): peak = 838.176 ; gain = 536.852
---------------------------------------------------------------------------------

Report RTL Partitions: 
+-+--------------+------------+----------+
| |RTL Partition |Replication |Instances |
+-+--------------+------------+----------+
+-+--------------+------------+----------+
---------------------------------------------------------------------------------
Start RTL Component Statistics 
---------------------------------------------------------------------------------
Detailed RTL Component Info : 
+---Adders : 
	   2 Input     12 Bit       Adders := 8     
	   2 Input      9 Bit       Adders := 2     
	   2 Input      8 Bit       Adders := 1     
	   2 Input      6 Bit       Adders := 1     
	   2 Input      5 Bit       Adders := 4     
	   2 Input      4 Bit       Adders := 4     
	   2 Input      2 Bit       Adders := 2     
+---Registers : 
	               66 Bit    Registers := 4     
	               47 Bit    Registers := 2     
	               32 Bit    Registers := 4     
	               14 Bit    Registers := 2     
	               12 Bit    Registers := 9     
	                9 Bit    Registers := 2     
	                8 Bit    Registers := 2     
	                6 Bit    Registers := 1     
	                5 Bit    Registers := 4     
	                4 Bit    Registers := 8     
	                3 Bit    Registers := 3     
	                2 Bit    Registers := 10    
	                1 Bit    Registers := 45    
+---Muxes : 
	   2 Input     66 Bit        Muxes := 4     
	   2 Input     47 Bit        Muxes := 2     
	   2 Input     32 Bit        Muxes := 10    
	   4 Input     32 Bit        Muxes := 3     
	   2 Input     14 Bit        Muxes := 2     
	   2 Input     12 Bit        Muxes := 6     
	   2 Input      9 Bit        Muxes := 4     
	   2 Input      6 Bit        Muxes := 1     
	   2 Input      5 Bit        Muxes := 4     
	   2 Input      4 Bit        Muxes := 18    
	   2 Input      2 Bit        Muxes := 14    
	   4 Input      2 Bit        Muxes := 4     
	   2 Input      1 Bit        Muxes := 37    
---------------------------------------------------------------------------------
Finished RTL Component Statistics 
---------------------------------------------------------------------------------
---------------------------------------------------------------------------------
Start RTL Hierarchical Component Statistics 
---------------------------------------------------------------------------------
Hierarchical RTL Component report 
Module counter 
Detailed RTL Component Info : 
+---Registers : 
	               32 Bit    Registers := 1     
	                1 Bit    Registers := 3     
+---Muxes : 
	   2 Input      1 Bit        Muxes := 3     
Module myip_v1_0_S00_AXI 
Detailed RTL Component Info : 
+---Registers : 
	               32 Bit    Registers := 3     
	                4 Bit    Registers := 2     
	                2 Bit    Registers := 2     
	                1 Bit    Registers := 6     
+---Muxes : 
	   2 Input     32 Bit        Muxes := 2     
	   4 Input     32 Bit        Muxes := 3     
	   2 Input      1 Bit        Muxes := 5     
Module lpf 
Detailed RTL Component Info : 
+---Registers : 
	                1 Bit    Registers := 3     
Module upcnt_n 
Detailed RTL Component Info : 
+---Adders : 
	   2 Input      6 Bit       Adders := 1     
+---Registers : 
	                6 Bit    Registers := 1     
+---Muxes : 
	   2 Input      6 Bit        Muxes := 1     
	   2 Input      1 Bit        Muxes := 1     
Module sequence_psr 
Detailed RTL Component Info : 
+---Registers : 
	                3 Bit    Registers := 3     
	                1 Bit    Registers := 5     
Module axi_protocol_converter_v2_1_18_b2s_incr_cmd 
Detailed RTL Component Info : 
+---Adders : 
	   2 Input     12 Bit       Adders := 3     
	   2 Input      9 Bit       Adders := 1     
+---Registers : 
	               12 Bit    Registers := 1     
	                9 Bit    Registers := 1     
	                1 Bit    Registers := 2     
+---Muxes : 
	   2 Input     32 Bit        Muxes := 1     
	   2 Input     12 Bit        Muxes := 1     
	   2 Input      9 Bit        Muxes := 2     
	   2 Input      4 Bit        Muxes := 1     
	   2 Input      1 Bit        Muxes := 4     
Module axi_protocol_converter_v2_1_18_b2s_wrap_cmd 
Detailed RTL Component Info : 
+---Adders : 
	   2 Input     12 Bit       Adders := 1     
	   2 Input      5 Bit       Adders := 1     
	   2 Input      4 Bit       Adders := 2     
+---Registers : 
	               12 Bit    Registers := 2     
	                5 Bit    Registers := 1     
	                4 Bit    Registers := 3     
	                1 Bit    Registers := 2     
+---Muxes : 
	   2 Input     32 Bit        Muxes := 1     
	   2 Input     12 Bit        Muxes := 2     
	   2 Input      5 Bit        Muxes := 2     
	   2 Input      4 Bit        Muxes := 8     
	   2 Input      1 Bit        Muxes := 4     
Module axi_protocol_converter_v2_1_18_b2s_cmd_translator 
Detailed RTL Component Info : 
+---Registers : 
	                1 Bit    Registers := 3     
+---Muxes : 
	   2 Input     32 Bit        Muxes := 2     
	   2 Input      1 Bit        Muxes := 4     
Module axi_protocol_converter_v2_1_18_b2s_wr_cmd_fsm 
Detailed RTL Component Info : 
+---Registers : 
	                2 Bit    Registers := 1     
+---Muxes : 
	   2 Input      2 Bit        Muxes := 4     
	   4 Input      2 Bit        Muxes := 2     
Module axi_protocol_converter_v2_1_18_b2s_aw_channel 
Detailed RTL Component Info : 
+---Registers : 
	               12 Bit    Registers := 1     
	                8 Bit    Registers := 1     
Module axi_protocol_converter_v2_1_18_b2s_simple_fifo 
Detailed RTL Component Info : 
+---Adders : 
	   2 Input      2 Bit       Adders := 1     
+---Registers : 
	                2 Bit    Registers := 1     
+---Muxes : 
	   2 Input      2 Bit        Muxes := 1     
	   2 Input      1 Bit        Muxes := 1     
Module axi_protocol_converter_v2_1_18_b2s_simple_fifo__parameterized0 
Detailed RTL Component Info : 
+---Adders : 
	   2 Input      2 Bit       Adders := 1     
+---Registers : 
	                2 Bit    Registers := 1     
+---Muxes : 
	   2 Input      2 Bit        Muxes := 1     
	   2 Input      1 Bit        Muxes := 1     
Module axi_protocol_converter_v2_1_18_b2s_b_channel 
Detailed RTL Component Info : 
+---Adders : 
	   2 Input      8 Bit       Adders := 1     
+---Registers : 
	                8 Bit    Registers := 1     
	                2 Bit    Registers := 1     
	                1 Bit    Registers := 3     
Module axi_protocol_converter_v2_1_18_b2s_rd_cmd_fsm 
Detailed RTL Component Info : 
+---Muxes : 
	   2 Input      2 Bit        Muxes := 6     
	   4 Input      2 Bit        Muxes := 2     
Module axi_protocol_converter_v2_1_18_b2s_ar_channel 
Detailed RTL Component Info : 
+---Registers : 
	               12 Bit    Registers := 1     
Module axi_protocol_converter_v2_1_18_b2s_simple_fifo__parameterized1 
Detailed RTL Component Info : 
+---Adders : 
	   2 Input      5 Bit       Adders := 1     
+---Registers : 
	                5 Bit    Registers := 1     
+---Muxes : 
	   2 Input      2 Bit        Muxes := 1     
	   2 Input      1 Bit        Muxes := 1     
Module axi_protocol_converter_v2_1_18_b2s_simple_fifo__parameterized2 
Detailed RTL Component Info : 
+---Adders : 
	   2 Input      5 Bit       Adders := 1     
+---Registers : 
	                5 Bit    Registers := 1     
+---Muxes : 
	   2 Input      2 Bit        Muxes := 1     
	   2 Input      1 Bit        Muxes := 1     
Module axi_protocol_converter_v2_1_18_b2s_r_channel 
Detailed RTL Component Info : 
+---Registers : 
	               12 Bit    Registers := 1     
	                1 Bit    Registers := 2     
Module axi_register_slice_v2_1_18_axic_register_slice 
Detailed RTL Component Info : 
+---Registers : 
	               66 Bit    Registers := 2     
	                2 Bit    Registers := 1     
	                1 Bit    Registers := 2     
+---Muxes : 
	   2 Input     66 Bit        Muxes := 2     
Module axi_register_slice_v2_1_18_axic_register_slice__parameterized1 
Detailed RTL Component Info : 
+---Registers : 
	               14 Bit    Registers := 2     
	                2 Bit    Registers := 1     
	                1 Bit    Registers := 2     
+---Muxes : 
	   2 Input     14 Bit        Muxes := 2     
Module axi_register_slice_v2_1_18_axic_register_slice__parameterized2 
Detailed RTL Component Info : 
+---Registers : 
	               47 Bit    Registers := 2     
	                2 Bit    Registers := 1     
	                1 Bit    Registers := 2     
+---Muxes : 
	   2 Input     47 Bit        Muxes := 2     
Module axi_protocol_converter_v2_1_18_b2s 
Detailed RTL Component Info : 
+---Registers : 
	                1 Bit    Registers := 1     
---------------------------------------------------------------------------------
Finished RTL Hierarchical Component Statistics
---------------------------------------------------------------------------------
---------------------------------------------------------------------------------
Start Part Resource Summary
---------------------------------------------------------------------------------
Part Resources:
DSPs: 220 (col length:60)
BRAMs: 280 (col length: RAMB18 60 RAMB36 30)
---------------------------------------------------------------------------------
Finished Part Resource Summary
---------------------------------------------------------------------------------
---------------------------------------------------------------------------------
Start Cross Boundary and Area Optimization
---------------------------------------------------------------------------------
Warning: Parallel synthesis criteria is not met 
INFO: [Synth 8-3936] Found unconnected internal register 'inst/gen_axilite.gen_b2s_conv.axilite_b2s/SI_REG/aw.aw_pipe/m_payload_i_reg' and it is trimmed from '66' to '62' bits. [c:/soc/HW1/HW1.srcs/sources_1/bd/design_1/ipshared/cc23/hdl/axi_register_slice_v2_1_vl_rfs.v:642]
INFO: [Synth 8-3936] Found unconnected internal register 'inst/gen_axilite.gen_b2s_conv.axilite_b2s/SI_REG/ar.ar_pipe/m_payload_i_reg' and it is trimmed from '66' to '62' bits. [c:/soc/HW1/HW1.srcs/sources_1/bd/design_1/ipshared/cc23/hdl/axi_register_slice_v2_1_vl_rfs.v:642]
INFO: [Synth 8-3886] merging instance 'design_1_i/myip_0/U0/myip_v1_0_S00_AXI_inst/axi_rresp_reg[0]' (FDRE) to 'design_1_i/myip_0/U0/myip_v1_0_S00_AXI_inst/axi_rresp_reg[1]'
INFO: [Synth 8-3333] propagating constant 0 across sequential element (design_1_i/myip_0/\U0/myip_v1_0_S00_AXI_inst/axi_rresp_reg[1] )
INFO: [Synth 8-3886] merging instance 'design_1_i/myip_0/U0/myip_v1_0_S00_AXI_inst/axi_bresp_reg[0]' (FDRE) to 'design_1_i/myip_0/U0/myip_v1_0_S00_AXI_inst/axi_bresp_reg[1]'
INFO: [Synth 8-3333] propagating constant 0 across sequential element (design_1_i/myip_0/\U0/myip_v1_0_S00_AXI_inst/axi_bresp_reg[1] )
INFO: [Synth 8-3886] merging instance 'design_1_i/proc_sys_reset_0/U0/SEQ/pr_dec_reg[1]' (FD) to 'design_1_i/proc_sys_reset_0/U0/SEQ/bsr_dec_reg[1]'
INFO: [Synth 8-3886] merging instance 'design_1_i/proc_sys_reset_0/U0/SEQ/bsr_dec_reg[1]' (FD) to 'design_1_i/proc_sys_reset_0/U0/SEQ/core_dec_reg[1]'
WARNING: [Synth 8-3332] Sequential element (EXT_LPF/ACTIVE_LOW_EXT.ACT_LO_EXT/GENERATE_LEVEL_P_S_CDC.SINGLE_BIT.CROSS_PLEVEL_IN2SCNDRY_s_level_out_d5) is unused and will be removed from module proc_sys_reset.
WARNING: [Synth 8-3332] Sequential element (EXT_LPF/ACTIVE_LOW_EXT.ACT_LO_EXT/GENERATE_LEVEL_P_S_CDC.SINGLE_BIT.CROSS_PLEVEL_IN2SCNDRY_s_level_out_d6) is unused and will be removed from module proc_sys_reset.
WARNING: [Synth 8-3332] Sequential element (EXT_LPF/ACTIVE_LOW_AUX.ACT_LO_AUX/GENERATE_LEVEL_P_S_CDC.SINGLE_BIT.CROSS_PLEVEL_IN2SCNDRY_s_level_out_d5) is unused and will be removed from module proc_sys_reset.
WARNING: [Synth 8-3332] Sequential element (EXT_LPF/ACTIVE_LOW_AUX.ACT_LO_AUX/GENERATE_LEVEL_P_S_CDC.SINGLE_BIT.CROSS_PLEVEL_IN2SCNDRY_s_level_out_d6) is unused and will be removed from module proc_sys_reset.
INFO: [Synth 8-3886] merging instance 'design_1_i/ps7_0_axi_periph/s00_couplers/auto_pc/inst/gen_axilite.gen_b2s_conv.axilite_b2s/SI_REG/r.r_pipe/aresetn_d_reg[0]' (FDR) to 'design_1_i/ps7_0_axi_periph/s00_couplers/auto_pc/inst/gen_axilite.gen_b2s_conv.axilite_b2s/SI_REG/b.b_pipe/aresetn_d_reg[0]'
INFO: [Synth 8-3886] merging instance 'design_1_i/ps7_0_axi_periph/s00_couplers/auto_pc/inst/gen_axilite.gen_b2s_conv.axilite_b2s/SI_REG/b.b_pipe/aresetn_d_reg[0]' (FDR) to 'design_1_i/ps7_0_axi_periph/s00_couplers/auto_pc/inst/gen_axilite.gen_b2s_conv.axilite_b2s/SI_REG/aw.aw_pipe/aresetn_d_reg[0]'
INFO: [Synth 8-3886] merging instance 'design_1_i/ps7_0_axi_periph/s00_couplers/auto_pc/inst/gen_axilite.gen_b2s_conv.axilite_b2s/SI_REG/aw.aw_pipe/aresetn_d_reg[1]' (FDR) to 'design_1_i/ps7_0_axi_periph/s00_couplers/auto_pc/inst/gen_axilite.gen_b2s_conv.axilite_b2s/SI_REG/b.b_pipe/aresetn_d_reg[1]'
INFO: [Synth 8-3886] merging instance 'design_1_i/ps7_0_axi_periph/s00_couplers/auto_pc/inst/gen_axilite.gen_b2s_conv.axilite_b2s/SI_REG/r.r_pipe/aresetn_d_reg[1]' (FDR) to 'design_1_i/ps7_0_axi_periph/s00_couplers/auto_pc/inst/gen_axilite.gen_b2s_conv.axilite_b2s/SI_REG/b.b_pipe/aresetn_d_reg[1]'
INFO: [Synth 8-3886] merging instance 'design_1_i/ps7_0_axi_periph/s00_couplers/auto_pc/inst/gen_axilite.gen_b2s_conv.axilite_b2s/SI_REG/ar.ar_pipe/aresetn_d_reg[0]' (FDR) to 'design_1_i/ps7_0_axi_periph/s00_couplers/auto_pc/inst/gen_axilite.gen_b2s_conv.axilite_b2s/SI_REG/aw.aw_pipe/aresetn_d_reg[0]'
INFO: [Synth 8-3886] merging instance 'design_1_i/ps7_0_axi_periph/s00_couplers/auto_pc/inst/gen_axilite.gen_b2s_conv.axilite_b2s/SI_REG/b.b_pipe/aresetn_d_reg[1]' (FDR) to 'design_1_i/ps7_0_axi_periph/s00_couplers/auto_pc/inst/gen_axilite.gen_b2s_conv.axilite_b2s/SI_REG/ar.ar_pipe/aresetn_d_reg[1]'
---------------------------------------------------------------------------------
Finished Cross Boundary and Area Optimization : Time (s): cpu = 00:00:31 ; elapsed = 00:00:40 . Memory (MB): peak = 838.176 ; gain = 536.852
---------------------------------------------------------------------------------

Report RTL Partitions: 
+-+--------------+------------+----------+
| |RTL Partition |Replication |Instances |
+-+--------------+------------+----------+
+-+--------------+------------+----------+
---------------------------------------------------------------------------------
Start Applying XDC Timing Constraints
---------------------------------------------------------------------------------
---------------------------------------------------------------------------------
Finished Applying XDC Timing Constraints : Time (s): cpu = 00:00:36 ; elapsed = 00:00:48 . Memory (MB): peak = 974.871 ; gain = 673.547
---------------------------------------------------------------------------------
---------------------------------------------------------------------------------
Start Timing Optimization
---------------------------------------------------------------------------------
---------------------------------------------------------------------------------
Finished Timing Optimization : Time (s): cpu = 00:00:38 ; elapsed = 00:00:49 . Memory (MB): peak = 1059.117 ; gain = 757.793
---------------------------------------------------------------------------------

Report RTL Partitions: 
+-+--------------+------------+----------+
| |RTL Partition |Replication |Instances |
+-+--------------+------------+----------+
+-+--------------+------------+----------+
---------------------------------------------------------------------------------
Start Technology Mapping
---------------------------------------------------------------------------------
---------------------------------------------------------------------------------
Finished Technology Mapping : Time (s): cpu = 00:00:39 ; elapsed = 00:00:51 . Memory (MB): peak = 1059.117 ; gain = 757.793
---------------------------------------------------------------------------------

Report RTL Partitions: 
+-+--------------+------------+----------+
| |RTL Partition |Replication |Instances |
+-+--------------+------------+----------+
+-+--------------+------------+----------+
---------------------------------------------------------------------------------
Start IO Insertion
---------------------------------------------------------------------------------
---------------------------------------------------------------------------------
Start Flattening Before IO Insertion
---------------------------------------------------------------------------------
---------------------------------------------------------------------------------
Finished Flattening Before IO Insertion
---------------------------------------------------------------------------------
---------------------------------------------------------------------------------
Start Final Netlist Cleanup
---------------------------------------------------------------------------------
INFO: [Synth 8-5365] Flop inst/gen_axilite.gen_b2s_conv.axilite_b2s/SI_REG/ar.ar_pipe/aresetn_d_reg[1] is being inverted and renamed to inst/gen_axilite.gen_b2s_conv.axilite_b2s/SI_REG/ar.ar_pipe/aresetn_d_reg[1]_inv.
---------------------------------------------------------------------------------
Finished Final Netlist Cleanup
---------------------------------------------------------------------------------
---------------------------------------------------------------------------------
Finished IO Insertion : Time (s): cpu = 00:00:40 ; elapsed = 00:00:52 . Memory (MB): peak = 1059.117 ; gain = 757.793
---------------------------------------------------------------------------------

Report Check Netlist: 
+------+------------------+-------+---------+-------+------------------+
|      |Item              |Errors |Warnings |Status |Description       |
+------+------------------+-------+---------+-------+------------------+
|1     |multi_driven_nets |      0|        0|Passed |Multi driven nets |
+------+------------------+-------+---------+-------+------------------+
---------------------------------------------------------------------------------
Start Renaming Generated Instances
---------------------------------------------------------------------------------
---------------------------------------------------------------------------------
Finished Renaming Generated Instances : Time (s): cpu = 00:00:40 ; elapsed = 00:00:52 . Memory (MB): peak = 1059.117 ; gain = 757.793
---------------------------------------------------------------------------------

Report RTL Partitions: 
+-+--------------+------------+----------+
| |RTL Partition |Replication |Instances |
+-+--------------+------------+----------+
+-+--------------+------------+----------+
---------------------------------------------------------------------------------
Start Rebuilding User Hierarchy
---------------------------------------------------------------------------------
---------------------------------------------------------------------------------
Finished Rebuilding User Hierarchy : Time (s): cpu = 00:00:40 ; elapsed = 00:00:52 . Memory (MB): peak = 1059.117 ; gain = 757.793
---------------------------------------------------------------------------------
---------------------------------------------------------------------------------
Start Renaming Generated Ports
---------------------------------------------------------------------------------
---------------------------------------------------------------------------------
Finished Renaming Generated Ports : Time (s): cpu = 00:00:40 ; elapsed = 00:00:52 . Memory (MB): peak = 1059.117 ; gain = 757.793
---------------------------------------------------------------------------------
---------------------------------------------------------------------------------
Start Handling Custom Attributes
---------------------------------------------------------------------------------
---------------------------------------------------------------------------------
Finished Handling Custom Attributes : Time (s): cpu = 00:00:40 ; elapsed = 00:00:52 . Memory (MB): peak = 1059.117 ; gain = 757.793
---------------------------------------------------------------------------------
---------------------------------------------------------------------------------
Start Renaming Generated Nets
---------------------------------------------------------------------------------
---------------------------------------------------------------------------------
Finished Renaming Generated Nets : Time (s): cpu = 00:00:40 ; elapsed = 00:00:52 . Memory (MB): peak = 1059.117 ; gain = 757.793
---------------------------------------------------------------------------------
---------------------------------------------------------------------------------
Start ROM, RAM, DSP and Shift Register Reporting
---------------------------------------------------------------------------------

Dynamic Shift Register Report:
+------------+----------------+--------+------------+--------+---------+--------+--------+--------+
|Module Name | RTL Name       | Length | Data Width | SRL16E | SRLC32E | Mux F7 | Mux F8 | Mux F9 | 
+------------+----------------+--------+------------+--------+---------+--------+--------+--------+
|dsrl        | memory_reg[3]  | 20     | 20         | 20     | 0       | 0      | 0      | 0      | 
|dsrl__1     | memory_reg[3]  | 2      | 2          | 2      | 0       | 0      | 0      | 0      | 
|dsrl__2     | memory_reg[31] | 34     | 34         | 0      | 34      | 0      | 0      | 0      | 
|dsrl__3     | memory_reg[31] | 13     | 13         | 0      | 13      | 0      | 0      | 0      | 
|dsrl__4     | memory_reg[3]  | 20     | 20         | 20     | 0       | 0      | 0      | 0      | 
|dsrl__5     | memory_reg[3]  | 2      | 2          | 2      | 0       | 0      | 0      | 0      | 
+------------+----------------+--------+------------+--------+---------+--------+--------+--------+

---------------------------------------------------------------------------------
Finished ROM, RAM, DSP and Shift Register Reporting
---------------------------------------------------------------------------------
---------------------------------------------------------------------------------
Start Writing Synthesis Report
---------------------------------------------------------------------------------

Report BlackBoxes: 
+-+--------------+----------+
| |BlackBox name |Instances |
+-+--------------+----------+
+-+--------------+----------+

Report Cell Usage: 
+------+--------+------+
|      |Cell    |Count |
+------+--------+------+
|1     |BIBUF   |   130|
|2     |BUFG    |     2|
|3     |CARRY4  |    40|
|4     |LUT1    |   126|
|5     |LUT2    |    63|
|6     |LUT3    |   242|
|7     |LUT4    |    99|
|8     |LUT5    |    86|
|9     |LUT6    |   143|
|10    |PS7     |     1|
|11    |SRL16   |     1|
|12    |SRL16E  |    18|
|13    |SRLC32E |    47|
|14    |FDCE    |    92|
|15    |FDR     |     8|
|16    |FDRE    |   680|
|17    |FDSE    |    22|
|18    |OBUF    |     8|
+------+--------+------+

Report Instance Areas: 
+------+---------------------------------------------------+---------------------------------------------------------------+------+
|      |Instance                                           |Module                                                         |Cells |
+------+---------------------------------------------------+---------------------------------------------------------------+------+
|1     |top                                                |                                                               |  1808|
|2     |  design_1_i                                       |design_1                                                       |  1800|
|3     |    myip_0                                         |design_1_myip_0_0                                              |   361|
|4     |      U0                                           |myip_v1_0                                                      |   360|
|5     |        myip_v1_0_S00_AXI_inst                     |myip_v1_0_S00_AXI                                              |   360|
|6     |          counter_inst                             |counter                                                        |   234|
|7     |    proc_sys_reset_0                               |design_1_proc_sys_reset_0_0                                    |    66|
|8     |      U0                                           |proc_sys_reset                                                 |    66|
|9     |        EXT_LPF                                    |lpf                                                            |    23|
|10    |          \ACTIVE_LOW_AUX.ACT_LO_AUX               |cdc_sync                                                       |     6|
|11    |          \ACTIVE_LOW_EXT.ACT_LO_EXT               |cdc_sync_4                                                     |     6|
|12    |        SEQ                                        |sequence_psr                                                   |    38|
|13    |          SEQ_COUNTER                              |upcnt_n                                                        |    13|
|14    |    processing_system7_0                           |design_1_processing_system7_0_0                                |   244|
|15    |      inst                                         |processing_system7_v5_5_processing_system7                     |   244|
|16    |    ps7_0_axi_periph                               |design_1_ps7_0_axi_periph_0                                    |  1129|
|17    |      s00_couplers                                 |s00_couplers_imp_UYSKKA                                        |  1129|
|18    |        auto_pc                                    |design_1_auto_pc_0                                             |  1129|
|19    |          inst                                     |axi_protocol_converter_v2_1_18_axi_protocol_converter          |  1129|
|20    |            \gen_axilite.gen_b2s_conv.axilite_b2s  |axi_protocol_converter_v2_1_18_b2s                             |  1129|
|21    |              \RD.ar_channel_0                     |axi_protocol_converter_v2_1_18_b2s_ar_channel                  |   186|
|22    |                ar_cmd_fsm_0                       |axi_protocol_converter_v2_1_18_b2s_rd_cmd_fsm                  |    42|
|23    |                cmd_translator_0                   |axi_protocol_converter_v2_1_18_b2s_cmd_translator_1            |   132|
|24    |                  incr_cmd_0                       |axi_protocol_converter_v2_1_18_b2s_incr_cmd_2                  |    69|
|25    |                  wrap_cmd_0                       |axi_protocol_converter_v2_1_18_b2s_wrap_cmd_3                  |    58|
|26    |              \RD.r_channel_0                      |axi_protocol_converter_v2_1_18_b2s_r_channel                   |    92|
|27    |                rd_data_fifo_0                     |axi_protocol_converter_v2_1_18_b2s_simple_fifo__parameterized1 |    53|
|28    |                transaction_fifo_0                 |axi_protocol_converter_v2_1_18_b2s_simple_fifo__parameterized2 |    25|
|29    |              SI_REG                               |axi_register_slice_v2_1_18_axi_register_slice                  |   597|
|30    |                \ar.ar_pipe                        |axi_register_slice_v2_1_18_axic_register_slice                 |   200|
|31    |                \aw.aw_pipe                        |axi_register_slice_v2_1_18_axic_register_slice_0               |   203|
|32    |                \b.b_pipe                          |axi_register_slice_v2_1_18_axic_register_slice__parameterized1 |    48|
|33    |                \r.r_pipe                          |axi_register_slice_v2_1_18_axic_register_slice__parameterized2 |   146|
|34    |              \WR.aw_channel_0                     |axi_protocol_converter_v2_1_18_b2s_aw_channel                  |   186|
|35    |                aw_cmd_fsm_0                       |axi_protocol_converter_v2_1_18_b2s_wr_cmd_fsm                  |    32|
|36    |                cmd_translator_0                   |axi_protocol_converter_v2_1_18_b2s_cmd_translator              |   138|
|37    |                  incr_cmd_0                       |axi_protocol_converter_v2_1_18_b2s_incr_cmd                    |    67|
|38    |                  wrap_cmd_0                       |axi_protocol_converter_v2_1_18_b2s_wrap_cmd                    |    68|
|39    |              \WR.b_channel_0                      |axi_protocol_converter_v2_1_18_b2s_b_channel                   |    66|
|40    |                bid_fifo_0                         |axi_protocol_converter_v2_1_18_b2s_simple_fifo                 |    32|
|41    |                bresp_fifo_0                       |axi_protocol_converter_v2_1_18_b2s_simple_fifo__parameterized0 |    10|
+------+---------------------------------------------------+---------------------------------------------------------------+------+
---------------------------------------------------------------------------------
Finished Writing Synthesis Report : Time (s): cpu = 00:00:40 ; elapsed = 00:00:52 . Memory (MB): peak = 1059.117 ; gain = 757.793
---------------------------------------------------------------------------------
Synthesis finished with 0 errors, 0 critical warnings and 126 warnings.
Synthesis Optimization Runtime : Time (s): cpu = 00:00:14 ; elapsed = 00:00:45 . Memory (MB): peak = 1059.117 ; gain = 491.332
Synthesis Optimization Complete : Time (s): cpu = 00:00:40 ; elapsed = 00:00:52 . Memory (MB): peak = 1059.117 ; gain = 757.793
INFO: [Project 1-571] Translating synthesized netlist
INFO: [Netlist 29-17] Analyzing 49 Unisim elements for replacement
INFO: [Netlist 29-28] Unisim Transformation completed in 0 CPU seconds
INFO: [Project 1-570] Preparing netlist for logic optimization
INFO: [Opt 31-138] Pushed 0 inverter(s) to 0 load pin(s).
Netlist sorting complete. Time (s): cpu = 00:00:00 ; elapsed = 00:00:00.001 . Memory (MB): peak = 1059.117 ; gain = 0.000
INFO: [Project 1-111] Unisim Transformation Summary:
  A total of 9 instances were transformed.
  FDR => FDRE: 8 instances
  SRL16 => SRL16E: 1 instances

INFO: [Common 17-83] Releasing license: Synthesis
170 Infos, 115 Warnings, 0 Critical Warnings and 0 Errors encountered.
synth_design completed successfully
synth_design: Time (s): cpu = 00:00:42 ; elapsed = 00:00:55 . Memory (MB): peak = 1059.117 ; gain = 765.016
Netlist sorting complete. Time (s): cpu = 00:00:00 ; elapsed = 00:00:00 . Memory (MB): peak = 1059.117 ; gain = 0.000
WARNING: [Constraints 18-5210] No constraints selected for write.
Resolution: This message can indicate that there are no constraints for the design, or it can indicate that the used_in flags are set such that the constraints are ignored. This later case is used when running synth_design to not write synthesis constraints to the resulting checkpoint. Instead, project constraints are read when the synthesized design is opened.
INFO: [Common 17-1381] The checkpoint 'C:/soc/HW1/HW1.runs/synth_1/design_1_wrapper.dcp' has been generated.
INFO: [runtcl-4] Executing : report_utilization -file design_1_wrapper_utilization_synth.rpt -pb design_1_wrapper_utilization_synth.pb
INFO: [Common 17-206] Exiting Vivado at Thu Apr 24 01:10:53 2025...
